packageName,srv
rosserial_mbed,Test.srv
rosserial_msgs,RequestServiceInfo.srv
rosserial_msgs,RequestMessageInfo.srv
rosserial_msgs,RequestParam.srv
rosserial_arduino,Test.srv
robomaker_simulation_msgs,Cancel.srv
robomaker_simulation_msgs,AddTags.srv
robomaker_simulation_msgs,RemoveTags.srv
robomaker_simulation_msgs,ListTags.srv
octomap_msgs,BoundingBoxQuery.srv
octomap_msgs,GetOctomap.srv
launchman,StatusUpdate.srv
launchman,StopTask.srv
launchman,StartTask.srv
launchman,ListTasks.srv
svenzva_msgs,SetControlMode.srv
svenzva_msgs,HomeArm.srv
svenzva_msgs,SetTorqueEnable.srv
pattern_manager,GetIds.srv
pattern_manager,TransformId.srv
pattern_manager,SetIterationOrder.srv
pattern_manager,GetChildren.srv
pattern_manager,SetActive.srv
pattern_manager,CreateRectangularPattern.srv
pattern_manager,CreateLinearPattern.srv
pattern_manager,GetTransforms.srv
pattern_manager,CreateTransform.srv
pattern_manager,SetName.srv
pattern_manager,GetTransformName.srv
pattern_manager,SetParent.srv
pattern_manager,CreateCircularPattern.srv
pattern_manager,UpdateTransform.srv
pattern_manager,SetRotation.srv
pattern_manager,Filename.srv
pattern_manager,GetTransformId.srv
pattern_manager,GetTransformParams.srv
pattern_manager,SetTranslation.srv
pattern_manager,GetTransformsInfo.srv
pattern_manager,GetCurrentId.srv
pattern_manager,CreateScatterPattern.srv
geographic_msgs,GetGeographicMap.srv
geographic_msgs,GetGeoPath.srv
geographic_msgs,UpdateGeographicMap.srv
geographic_msgs,GetRoutePlan.srv
marti_sensor_msgs,SetExposure.srv
marti_nav_msgs,SaveRoute.srv
marti_nav_msgs,GetRouteList.srv
marti_nav_msgs,DeleteRoute.srv
marti_nav_msgs,UpdateRouteMetadata.srv
marti_nav_msgs,SetRoute.srv
marti_nav_msgs,PlanRoute.srv
marti_nav_msgs,GetRoute.srv
marti_nav_msgs,SaveRecordedRoute.srv
canopen_chain_node,GetObject.srv
canopen_chain_node,SetObject.srv
autoware_msgs,RecognizeLightState.srv
qb_device_srvs,InitializeDevice.srv
qb_device_srvs,SetControlMode.srv
qb_device_srvs,GetMeasurements.srv
qb_device_srvs,SetPID.srv
qb_device_srvs,SetCommands.srv
qb_device_srvs,Trigger.srv
create_node,SetTurtlebotMode.srv
create_node,SetDigitalOutputs.srv
gdrive_ros,Upload.srv
gdrive_ros,MultipleUpload.srv
sesame_ros,Command.srv
sesame_ros,Status.srv
bayesian_belief_networks,Query.srv
voice_text,TextToSpeech.srv
pgm_learner,LinearGaussianStructureEstimation.srv
pgm_learner,DiscreteStructureEstimation.srv
pgm_learner,DiscreteParameterEstimation.srv
pgm_learner,DiscreteQuery.srv
pgm_learner,LinearGaussianParameterEstimation.srv
mongodb_store,GetParam.srv
mongodb_store,MongoInsert.srv
mongodb_store,SetParam.srv
mongodb_store,MongoUpdate.srv
mongodb_store,MongoFind.srv
mongodb_store_msgs,MongoDeleteMsg.srv
mongodb_store_msgs,MongoInsertMsg.srv
mongodb_store_msgs,MongoQuerywithProjectionMsg.srv
mongodb_store_msgs,MongoUpdateMsg.srv
mongodb_store_msgs,MongoQueryMsg.srv
motoman_msgs,ReadMRegister.srv
motoman_msgs,WriteGroupIO.srv
motoman_msgs,ReadGroupIO.srv
motoman_msgs,CmdJointTrajectoryEx.srv
motoman_msgs,ReadSingleIO.srv
motoman_msgs,WriteSingleIO.srv
motoman_msgs,SelectTool.srv
motoman_msgs,WriteMRegister.srv
rosmon_msgs,StartStop.srv
novatel_gps_msgs,NovatelFRESET.srv
rosauth,Authentication.srv
hector_uav_msgs,EnableMotors.srv
cob_map_accessibility_analysis,CheckPointAccessibility.srv
cob_map_accessibility_analysis,CheckPerimeterAccessibility.srv
trajectory_tracker_msgs,ChangePath.srv
rsm_msgs,SetWaypointRoutine.srv
rsm_msgs,WaypointVisited.srv
rsm_msgs,GetNavigationGoal.srv
rsm_msgs,SetNavigationGoal.srv
rsm_msgs,AddWaypoint.srv
rsm_msgs,GetRobotPose.srv
rsm_msgs,GoalCompleted.srv
rsm_msgs,MoveWaypoint.srv
rsm_msgs,SetWaypointFollowingMode.srv
rsm_msgs,GetWaypointRoutines.srv
rsm_msgs,WaypointUnreachable.srv
rsm_msgs,SetOperationMode.srv
rsm_msgs,GetCmdVelRecording.srv
rsm_msgs,RemoveWaypoint.srv
rsm_msgs,GetWaypoints.srv
uavc_v4lctl,v4lctlSet.srv
uavc_v4lctl,v4lctlGet.srv
handeye,CalibrateHandEye.srv
dynamixel_controllers,TorqueEnable.srv
dynamixel_controllers,SetSpeed.srv
dynamixel_controllers,SetCompliancePunch.srv
dynamixel_controllers,SetTorqueLimit.srv
dynamixel_controllers,StopController.srv
dynamixel_controllers,StartController.srv
dynamixel_controllers,SetComplianceMargin.srv
dynamixel_controllers,RestartController.srv
dynamixel_controllers,SetComplianceSlope.srv
world_canvas_msgs,ListWorlds.srv
world_canvas_msgs,GetAnnotations.srv
world_canvas_msgs,YAMLImport.srv
world_canvas_msgs,ResetDatabase.srv
world_canvas_msgs,PubAnnotationsData.srv
world_canvas_msgs,ListMaps.srv
world_canvas_msgs,YAMLExport.srv
world_canvas_msgs,EditAnnotationsData.srv
world_canvas_msgs,GetAnnotationsData.srv
world_canvas_msgs,PublishMap.srv
world_canvas_msgs,DeleteAnnotations.srv
world_canvas_msgs,SetKeyword.srv
world_canvas_msgs,SaveMap.srv
world_canvas_msgs,RenameMap.srv
world_canvas_msgs,SaveAnnotationsData.srv
world_canvas_msgs,SetRelationship.srv
world_canvas_msgs,DeleteMap.srv
posedetection_msgs,Feature0DDetect.srv
posedetection_msgs,TargetObj.srv
posedetection_msgs,Feature1DDetect.srv
posedetection_msgs,Detect.srv
jsk_gui_msgs,YesNo.srv
jsk_gui_msgs,Query.srv
speech_recognition_msgs,SpeechRecognition.srv
dynamic_reconfigure,Reconfigure.srv
cost_map_msgs,GetCostMap.srv
astra_camera,SetInt32.srv
astra_camera,GetCameraInfo.srv
astra_camera,SetString.srv
astra_camera,GetDeviceInfo.srv
astra_camera,GetString.srv
astra_camera,GetInt32.srv
astra_camera,GetBool.srv
astra_camera,GetCameraParams.srv
jsk_rviz_plugins,Screenshot.srv
jsk_rviz_plugins,RequestMarkerOperate.srv
jsk_rviz_plugins,EusCommand.srv
jsk_interactive_marker,SetTransformableMarkerColor.srv
jsk_interactive_marker,GetJointState.srv
jsk_interactive_marker,SetParentMarker.srv
jsk_interactive_marker,SetTransformableMarkerFocus.srv
jsk_interactive_marker,IndexRequest.srv
jsk_interactive_marker,GetTransformableMarkerExistence.srv
jsk_interactive_marker,MarkerSetPose.srv
jsk_interactive_marker,SetMarkerDimensions.srv
jsk_interactive_marker,SnapFootPrint.srv
jsk_interactive_marker,GetMarkerDimensions.srv
jsk_interactive_marker,SetTransformableMarkerPose.srv
jsk_interactive_marker,GetTransformableMarkerFocus.srv
jsk_interactive_marker,GetType.srv
jsk_interactive_marker,GetTransformableMarkerPose.srv
jsk_interactive_marker,GetTransformableMarkerColor.srv
jsk_interactive_marker,SetHeuristic.srv
jsk_interactive_marker,RemoveParentMarker.srv
jsk_interactive_marker,SetPose.srv
bin_pose_msgs,bin_pose.srv
mapviz,AddMapvizDisplay.srv
rosapi,GetParamNames.srv
rosapi,Nodes.srv
rosapi,GetActionServers.srv
rosapi,ServicesForType.srv
rosapi,ServiceType.srv
rosapi,Subscribers.srv
rosapi,Publishers.srv
rosapi,GetParam.srv
rosapi,SearchParam.srv
rosapi,SetParam.srv
rosapi,ServiceHost.srv
rosapi,NodeDetails.srv
rosapi,MessageDetails.srv
rosapi,GetTime.srv
rosapi,ServiceResponseDetails.srv
rosapi,Topics.srv
rosapi,ServiceNode.srv
rosapi,ServiceProviders.srv
rosapi,TopicType.srv
rosapi,ServiceRequestDetails.srv
rosapi,TopicsForType.srv
rosapi,HasParam.srv
rosapi,Services.srv
rosapi,DeleteParam.srv
rosbridge_library,TestArrayRequest.srv
rosbridge_library,TestMultipleResponseFields.srv
rosbridge_library,TestRequestAndResponse.srv
rosbridge_library,TestNestedService.srv
rosbridge_library,TestResponseOnly.srv
rosbridge_library,AddTwoInts.srv
rosbridge_library,TestMultipleRequestFields.srv
rosbridge_library,SendBytes.srv
rosbridge_library,TestRequestOnly.srv
rosbridge_library,TestEmpty.srv
cpf_segmentation_ros,EnablePublisher.srv
cpf_segmentation_ros,DoSegmentation.srv
rosbag_snapshot_msgs,TriggerSnapshot.srv
move_base_sequence,set_state.srv
move_base_sequence,reset.srv
move_base_sequence,get_state.srv
move_base_sequence,toggle_state.srv
roseus,AddTwoInts.srv
roseus,StringString.srv
household_objects_database_msgs,GetModelDescription.srv
household_objects_database_msgs,GetModelMesh.srv
household_objects_database_msgs,SaveScan.srv
household_objects_database_msgs,TranslateRecognitionId.srv
household_objects_database_msgs,GetModelList.srv
household_objects_database_msgs,GetModelScans.srv
moveit_msgs,ListRobotStatesInWarehouse.srv
moveit_msgs,GetConstraintAwarePositionIK.srv
moveit_msgs,RenameRobotStateInWarehouse.srv
moveit_msgs,SetPlannerParams.srv
moveit_msgs,GetPlannerParams.srv
moveit_msgs,DeleteRobotStateFromWarehouse.srv
moveit_msgs,CheckIfRobotStateExistsInWarehouse.srv
moveit_msgs,GraspPlanning.srv
moveit_msgs,GetPositionFK.srv
moveit_msgs,GetMotionPlan.srv
moveit_msgs,GetCartesianPath.srv
moveit_msgs,QueryPlannerInterfaces.srv
moveit_msgs,GetPlanningScene.srv
moveit_msgs,SaveMap.srv
moveit_msgs,GetRobotStateFromWarehouse.srv
moveit_msgs,ApplyPlanningScene.srv
moveit_msgs,GetKinematicSolverInfo.srv
moveit_msgs,ExecuteKnownTrajectory.srv
moveit_msgs,SaveRobotStateToWarehouse.srv
moveit_msgs,GetPositionIK.srv
moveit_msgs,LoadMap.srv
moveit_msgs,GetStateValidity.srv
ml_classifiers,CreateClassifier.srv
ml_classifiers,LoadClassifier.srv
ml_classifiers,SaveClassifier.srv
ml_classifiers,ClearClassifier.srv
ml_classifiers,AddClassData.srv
ml_classifiers,TrainClassifier.srv
ml_classifiers,ClassifyData.srv
fiducial_slam,AddFiducial.srv
fiducial_msgs,InitializeMap.srv
cnn_bridge,getSegmentationMetadata.srv
cnn_bridge,getDetectionMetadata.srv
capabilities,GetProviders.srv
capabilities,GetCapabilitySpec.srv
capabilities,StartCapability.srv
capabilities,GetNodeletManagerName.srv
capabilities,EstablishBond.srv
capabilities,GetCapabilitySpecs.srv
capabilities,GetRemappings.srv
capabilities,StopCapability.srv
capabilities,GetInterfaces.srv
capabilities,FreeCapability.srv
capabilities,GetRunningCapabilities.srv
capabilities,UseCapability.srv
capabilities,GetSemanticInterfaces.srv
frame_editor,CopyFrame.srv
frame_editor,SetParentFrame.srv
frame_editor,RemoveFrame.srv
frame_editor,SetFrame.srv
frame_editor,EditFrame.srv
frame_editor,LoadYaml.srv
frame_editor,AlignFrame.srv
frame_editor,SaveYaml.srv
frame_editor,GetFrame.srv
bagger,SetBagState.srv
nodelet,NodeletUnload.srv
nodelet,NodeletLoad.srv
nodelet,NodeletList.srv
camera1394,GetCameraRegisters.srv
camera1394,SetCameraRegisters.srv
uuv_plume_msgs,GetPlumeSourcePosition.srv
uuv_plume_msgs,GetNumParticles.srv
uuv_plume_msgs,SetCurrentVelocity.srv
uuv_plume_msgs,CreateSpheroidPlume.srv
uuv_plume_msgs,GetCurrentModel.srv
uuv_plume_msgs,SetPlumeConfiguration.srv
uuv_plume_msgs,SetCurrentModel.srv
uuv_plume_msgs,CreatePassiveScalarTurbulentPlume.srv
uuv_plume_msgs,GetPlumeConfiguration.srv
uuv_plume_msgs,SetPlumeSourcePosition.srv
uuv_plume_msgs,LoadPlumeParticles.srv
uuv_plume_msgs,DeletePlume.srv
uuv_plume_msgs,SetPlumeLimits.srv
uuv_plume_msgs,StorePlumeState.srv
uuv_plume_msgs,SetCurrentDirection.srv
dyn_tune,CreateUserFunction.srv
dyn_tune,Optimize.srv
dyn_tune,ListAvailableFunctions.srv
sr_robot_msgs,ExecutePlannedTrajectory.srv
sr_robot_msgs,PlanNamedTrajectory.srv
sr_robot_msgs,SetEffortControllerGains.srv
sr_robot_msgs,GetSegmentedLine.srv
sr_robot_msgs,ListNamedTrajectories.srv
sr_robot_msgs,which_fingers_are_touching.srv
sr_robot_msgs,SetDebugData.srv
sr_robot_msgs,RobotTeachMode.srv
sr_robot_msgs,SetMixedPositionVelocityPidGains.srv
sr_robot_msgs,PlanTrajectoryFromPrefix.srv
sr_robot_msgs,PlanTrajectoryFromList.srv
sr_robot_msgs,SimpleMotorFlasher.srv
sr_robot_msgs,GetFastGraspFromBoundingBox.srv
sr_robot_msgs,ManualSelfTest.srv
sr_robot_msgs,SetPidGains.srv
sr_robot_msgs,ChangeMotorSystemControls.srv
sr_robot_msgs,SetImuScale.srv
sr_robot_msgs,ForceController.srv
sr_robot_msgs,is_hand_occupied.srv
sr_robot_msgs,SetTeachMode.srv
sr_robot_msgs,ChangeControlType.srv
sr_robot_msgs,NullifyDemand.srv
jsk_network_tools,SetSendRate.srv
jsk_topic_tools,List.srv
jsk_topic_tools,ChangeTopic.srv
jsk_topic_tools,Update.srv
jsk_topic_tools,PassthroughDuration.srv
image_view2,ChangeMode.srv
dynamic_tf_publisher,AssocTF.srv
dynamic_tf_publisher,SetDynamicTF.srv
dynamic_tf_publisher,DissocTF.srv
dynamic_tf_publisher,DeleteTF.srv
toposens_echo_driver,RequestAdcDump.srv
rtt_ros_msgs,RunScript.srv
rtt_ros_msgs,Eval.srv
rtt_ros_msgs,GetPeerList.srv
manipulation_msgs,GraspPlanning.srv
mbf_msgs,CheckPoint.srv
mbf_msgs,CheckPath.srv
mbf_msgs,CheckPose.srv
webrtc_ros,GetIceServers.srv
rc_common_msgs,Trigger.srv
rb1_base_pad,enable_disable_pad.srv
cob_control_msgs,GetObstacleDistance.srv
cob_footprint_observer,GetFootprint.srv
ros1_template_msgs,Answer.srv
ros1_template_msgs,Get.srv
look_at_pose,LookAtPose.srv
smacha_ros,Generate.srv
smacha_ros,Extract.srv
smacha_ros,Contain.srv
rosflight_msgs,ParamSet.srv
rosflight_msgs,ParamGet.srv
rosflight_msgs,ParamFile.srv
rosabridge_msgs,RequestOdometryCovariances.srv
rosabridge_msgs,RequestImuCovariances.srv
rosabridge_msgs,RequestParam.srv
jsk_footstep_controller,RequireLog.srv
jsk_footstep_controller,RequireMonitorStatus.srv
jsk_footstep_planner,CollisionBoundingBoxInfo.srv
jsk_footstep_planner,setHeuristicPath.srv
jsk_footstep_planner,ProjectFootstep.srv
jsk_footstep_planner,ChangeSuccessor.srv
robotis_controller_msgs,GetJointModule.srv
robotis_controller_msgs,SetModule.srv
robotis_controller_msgs,SetJointModule.srv
humanoid_nav_msgs,ClipFootstep.srv
humanoid_nav_msgs,StepTargetService.srv
humanoid_nav_msgs,PlanFootsteps.srv
humanoid_nav_msgs,PlanFootstepsBetweenFeet.srv
khi_robot_msgs,KhiRobotCmd.srv
mcl_3dl_msgs,ResizeParticle.srv
mcl_3dl_msgs,LoadPCD.srv
nearfield_map,NearfieldMapGetSize.srv
nearfield_map,NearfieldMapRequest.srv
nearfield_map,NearfieldMapChangeSettings.srv
nearfield_map,NearfieldMapFileName.srv
vigir_pluginlib_msgs,GetPluginStatesService.srv
vigir_pluginlib_msgs,GetPluginDescriptionsService.srv
vigir_pluginlib_msgs,PluginManagementService.srv
asr_world_model,PushCompletePatterns.srv
asr_world_model,GetMissingObjectList.srv
asr_world_model,PushFoundObject.srv
asr_world_model,VisualizeSampledPoses.srv
asr_world_model,EmptyViewportList.srv
asr_world_model,PushFoundObjectList.srv
asr_world_model,EmptyCompletePatterns.srv
asr_world_model,GetCompletePatterns.srv
asr_world_model,GetViewportList.srv
asr_world_model,GetFoundObjectList.srv
asr_world_model,GetIntermediateObjectWeight.srv
asr_world_model,PushViewport.srv
asr_world_model,GetAllObjectsList.srv
asr_world_model,GetRecognizerName.srv
asr_world_model,FilterViewportDependingOnAlreadyVisitedViewports.srv
raspimouse_ros,SwitchMotors.srv
raspimouse_ros,PutMotorFreqs.srv
robot_pose_ekf,GetStatus.srv
navfn,SetCostmap.srv
navfn,MakeNavPlan.srv
rospy_message_converter,NestedUint8ArrayTestService.srv
cob_srvs,SetString.srv
cob_srvs,SetFloat.srv
cob_srvs,Dock.srv
cob_srvs,SetInt.srv
phidgets_msgs,SetDigitalOutput.srv
ati_force_torque,CalculateAverageMasurement.srv
ati_force_torque,DiagnosticVoltages.srv
ati_force_torque,CalculateSensorOffset.srv
ram_trajectory,SimulateTrajectory.srv
ram_display,UpdateMeshColor.srv
ram_display,UpdateSelection.srv
ram_display,DisplayRangeOfLayers.srv
ram_display,DeleteTrajectory.srv
ram_display,DisplayTrajectory.srv
ram_utils,ImportTrajectory.srv
ram_utils,GetTrajectorySize.srv
ram_utils,GetTrajectoryInfos.srv
ram_utils,GetLayerSize.srv
ram_utils,GetFillParameters.srv
ram_utils,EntryExitParameters.srv
ram_utils,GetNumberOfLayersLevels.srv
ram_utils,ParseSvgFile.srv
ram_utils,GetStartPose.srv
ram_utils,BufferParams.srv
ram_utils,AddEntryExitStrategies.srv
ram_utils,GetTool.srv
ram_utils,UnmodifiedTrajectory.srv
ram_utils,ExportTrajectory.srv
ram_utils,GetTrajectoryFrame.srv
ram_post_processor,GenerateCSV.srv
ram_modify_trajectory,EraseSelection.srv
ram_modify_trajectory,ScaleSelectedPoses.srv
ram_modify_trajectory,GetPosesFromTrajectory.srv
ram_modify_trajectory,AddPoses.srv
ram_modify_trajectory,PushPullAngle.srv
ram_modify_trajectory,TrajectoryInterruption.srv
ram_modify_trajectory,GetPosesFromLayer.srv
ram_modify_trajectory,RemoveFromSelection.srv
ram_modify_trajectory,ResetSelectedPoses.srv
ram_modify_trajectory,DeleteSelectedPoses.srv
ram_modify_trajectory,GetPosesFromInformation.srv
ram_modify_trajectory,RotateSelectedPoses.srv
ram_modify_trajectory,GetPosesFromLayersList.srv
ram_modify_trajectory,SimplifyTrajectory.srv
ram_modify_trajectory,GetSelection.srv
ram_modify_trajectory,TweakBlendRadius.srv
ram_modify_trajectory,ChangeLayerHeight.srv
ram_modify_trajectory,ModifySelectedPoses.srv
ram_modify_trajectory,InvertSelection.srv
ram_modify_trajectory,ReflectSelectedPoses.srv
ram_modify_trajectory,AddToSelection.srv
ram_modify_trajectory,ShiftPoses.srv
fawkes_msgs,MergePointClouds.srv
fawkes_msgs,WebviewProcessRequest.srv
fawkes_msgs,RetrievePointCloud.srv
fawkes_msgs,NavGraphGetPairwiseCosts.srv
fawkes_msgs,StorePointCloud.srv
fawkes_msgs,NavGraphSearchPath.srv
fawkes_msgs,RecordData.srv
fawkes_msgs,WebviewUrlRegistration.srv
fawkes_msgs,WebviewNavRegistration.srv
sdc21x0,Flags.srv
uuv_gazebo_ros_plugins_msgs,SetUseGlobalCurrentVel.srv
uuv_gazebo_ros_plugins_msgs,GetThrusterState.srv
uuv_gazebo_ros_plugins_msgs,GetThrusterEfficiency.srv
uuv_gazebo_ros_plugins_msgs,SetThrusterState.srv
uuv_gazebo_ros_plugins_msgs,SetThrusterEfficiency.srv
uuv_gazebo_ros_plugins_msgs,SetFloat.srv
uuv_gazebo_ros_plugins_msgs,GetListParam.srv
uuv_gazebo_ros_plugins_msgs,GetModelProperties.srv
uuv_gazebo_ros_plugins_msgs,GetThrusterConversionFcn.srv
uuv_gazebo_ros_plugins_msgs,GetFloat.srv
uuv_thruster_manager,GetThrusterCurve.srv
uuv_thruster_manager,GetThrusterManagerConfig.srv
uuv_thruster_manager,ThrusterManagerInfo.srv
uuv_thruster_manager,SetThrusterManagerConfig.srv
uuv_control_msgs,StartTrajectory.srv
uuv_control_msgs,SwitchToManual.srv
uuv_control_msgs,InitWaypointSet.srv
uuv_control_msgs,GoToIncremental.srv
uuv_control_msgs,ResetController.srv
uuv_control_msgs,InitRectTrajectory.srv
uuv_control_msgs,SwitchToAutomatic.srv
uuv_control_msgs,SetMBSMControllerParams.srv
uuv_control_msgs,AddWaypoint.srv
uuv_control_msgs,SetSMControllerParams.srv
uuv_control_msgs,InitWaypointsFromFile.srv
uuv_control_msgs,GoTo.srv
uuv_control_msgs,InitHelicalTrajectory.srv
uuv_control_msgs,SetPIDParams.srv
uuv_control_msgs,Hold.srv
uuv_control_msgs,GetMBSMControllerParams.srv
uuv_control_msgs,IsRunningTrajectory.srv
uuv_control_msgs,InitCircularTrajectory.srv
uuv_control_msgs,ClearWaypoints.srv
uuv_control_msgs,GetSMControllerParams.srv
uuv_control_msgs,GetPIDParams.srv
uuv_control_msgs,GetWaypoints.srv
uuv_world_ros_plugins_msgs,TransformToSphericalCoord.srv
uuv_world_ros_plugins_msgs,SetCurrentVelocity.srv
uuv_world_ros_plugins_msgs,GetCurrentModel.srv
uuv_world_ros_plugins_msgs,SetOriginSphericalCoord.srv
uuv_world_ros_plugins_msgs,SetCurrentModel.srv
uuv_world_ros_plugins_msgs,GetOriginSphericalCoord.srv
uuv_world_ros_plugins_msgs,TransformFromSphericalCoord.srv
uuv_world_ros_plugins_msgs,SetCurrentDirection.srv
uuv_sensor_ros_plugins_msgs,ChangeSensorState.srv
turtlebot_msgs,SetFollowState.srv
turtlebot_msgs,TakePanorama.srv
apriltag_ros,AnalyzeSingleImage.srv
visp_hand2eye_calibration,reset.srv
visp_hand2eye_calibration,compute_effector_camera.srv
visp_hand2eye_calibration,compute_effector_camera_quick.srv
visp_camera_calibration,calibrate.srv
visp_tracker,Init.srv
topic_proxy,PublishMessage.srv
topic_proxy,AddPublisher.srv
topic_proxy,GetMessage.srv
topic_proxy,RequestMessage.srv
vrx_gazebo,ColorSequence.srv
summit_xl_pad,enable_disable_pad.srv
orb_slam2_ros,SaveMap.srv
raspicat,TimedMotion.srv
fanuc_grinding_path_planning,PathPlanningService.srv
fanuc_grinding_post_processor,PostProcessorService.srv
fanuc_grinding_comparison,ComparisonService.srv
fanuc_grinding_alignment,AlignmentService.srv
fanuc_grinding_scanning,ScanningService.srv
fanuc_grinding_publish_meshfile,PublishMeshfileService.srv
sensor_msgs,SetCameraInfo.srv
diagnostic_msgs,AddDiagnostics.srv
diagnostic_msgs,SelfTest.srv
nav_msgs,GetPlan.srv
nav_msgs,GetMap.srv
nav_msgs,SetMap.srv
nav_msgs,LoadMap.srv
ftm_msgs,DeleteLCI.srv
ftm_msgs,AddLCI.srv
ftm_msgs,ReadAllLCI.srv
ftm_msgs,ReadLCI.srv
ftm_msgs,SetFTMResponders.srv
gazebo_msgs,SetJointTrajectory.srv
gazebo_msgs,JointRequest.srv
gazebo_msgs,SetModelConfiguration.srv
gazebo_msgs,SetPhysicsProperties.srv
gazebo_msgs,GetWorldProperties.srv
gazebo_msgs,SetJointProperties.srv
gazebo_msgs,SetLinkProperties.srv
gazebo_msgs,GetLinkProperties.srv
gazebo_msgs,GetModelState.srv
gazebo_msgs,GetPhysicsProperties.srv
gazebo_msgs,SetModelState.srv
gazebo_msgs,SetLightProperties.srv
gazebo_msgs,GetLightProperties.srv
gazebo_msgs,GetLinkState.srv
gazebo_msgs,ApplyBodyWrench.srv
gazebo_msgs,SetLinkState.srv
gazebo_msgs,BodyRequest.srv
gazebo_msgs,SpawnModel.srv
gazebo_msgs,DeleteLight.srv
gazebo_msgs,ApplyJointEffort.srv
gazebo_msgs,GetModelProperties.srv
gazebo_msgs,GetJointProperties.srv
gazebo_msgs,DeleteModel.srv
rail_manipulation_msgs,SuggestGrasps.srv
rail_manipulation_msgs,PrepareGrasp.srv
rail_manipulation_msgs,CallIK.srv
rail_manipulation_msgs,CartesianPath.srv
rail_manipulation_msgs,SegmentObjects.srv
rail_manipulation_msgs,PairwiseRank.srv
realsense_camera,IsPowered.srv
realsense_camera,ForcePower.srv
realsense_camera,GetIMUInfo.srv
realsense_camera,CameraConfiguration.srv
realsense_camera,SetPower.srv
std_srvs,SetBool.srv
std_srvs,Empty.srv
std_srvs,Trigger.srv
leo_msgs,SetImuCalibration.srv
naoqi_bridge_msgs,GetInstalledBehaviors.srv
naoqi_bridge_msgs,SetString.srv
naoqi_bridge_msgs,SetArmsEnabled.srv
naoqi_bridge_msgs,GetRobotInfo.srv
naoqi_bridge_msgs,GetBodyROI.srv
naoqi_bridge_msgs,GetString.srv
naoqi_bridge_msgs,GetTruepose.srv
naoqi_bridge_msgs,OrthogonalSecurityDistance.srv
naoqi_bridge_msgs,TangentialSecurityDistance.srv
naoqi_bridge_msgs,CmdVelService.srv
naoqi_bridge_msgs,GetFacesROI.srv
naoqi_bridge_msgs,CmdPoseService.srv
naoqi_bridge_msgs,SetFloat.srv
naoqi_bridge_msgs,SetTransform.srv
naoqi_bridge_msgs,GetFloat.srv
target_finder,target_locator.srv
target_finder,stereo_locator.srv
industrial_extrinsic_cal,camera_observer_trigger.srv
industrial_extrinsic_cal,set_mutable_joint_states.srv
industrial_extrinsic_cal,store_mutable_joint_states.srv
industrial_extrinsic_cal,wrist_cal_srv_solve.srv
industrial_extrinsic_cal,covariance.srv
industrial_extrinsic_cal,get_mutable_joint_states.srv
industrial_extrinsic_cal,cal_srv_solve.srv
industrial_extrinsic_cal,FileOp.srv
industrial_extrinsic_cal,calibrate.srv
industrial_extrinsic_cal,user_accept.srv
intrinsic_cal,rail_ical_run.srv
intrinsic_cal,rail_scal_run.srv
pr2_power_board,PowerBoardCommand2.srv
pr2_power_board,PowerBoardCommand.srv
octomap_pa,OctomapPaFileName.srv
octomap_pa,OctomapPaGetSize.srv
octomap_pa_msgs,SetConfigDegrading.srv
octomap_pa_msgs,AddCloud.srv
octomap_pa_msgs,Reset.srv
octomap_pa_msgs,GetSize.srv
octomap_pa_msgs,GetCloud.srv
octomap_pa_msgs,SetConfigInsertion.srv
octomap_pa_msgs,AddCloudTf.srv
octomap_pa_msgs,GetConfig.srv
octomap_pa_msgs,FileName.srv
multimaster_msgs,GetClockOffset.srv
control_msgs,QueryTrajectoryState.srv
control_msgs,QueryCalibrationState.srv
rtabmap_ros,ListLabels.srv
rtabmap_ros,AddLink.srv
rtabmap_ros,ResetPose.srv
rtabmap_ros,GetPlan.srv
rtabmap_ros,GetMap2.srv
rtabmap_ros,GetNodesInRadius.srv
rtabmap_ros,GetMap.srv
rtabmap_ros,SetLabel.srv
rtabmap_ros,PublishMap.srv
rtabmap_ros,GetNodeData.srv
rtabmap_ros,SetGoal.srv
app_loader,RTDestroy.srv
app_loader,AppUnload.srv
app_loader,AppLoad.srv
webots_ros,node_move_viewpoint.srv
webots_ros,field_get_float.srv
webots_ros,get_uint64.srv
webots_ros,field_set_rotation.srv
webots_ros,supervisor_get_from_def.srv
webots_ros,camera_get_focus_info.srv
webots_ros,field_get_bool.srv
webots_ros,node_get_orientation.srv
webots_ros,automobile_get_dimensions.srv
webots_ros,display_draw_line.srv
webots_ros,node_set_visibility.srv
webots_ros,node_get_type.srv
webots_ros,supervisor_get_from_string.srv
webots_ros,robot_set_mode.srv
webots_ros,get_string.srv
webots_ros,camera_get_info.srv
webots_ros,display_draw_oval.srv
webots_ros,set_bool.srv
webots_ros,robot_wait_for_user_input_event.srv
webots_ros,skin_get_bone_position.srv
webots_ros,node_get_status.srv
webots_ros,node_set_string.srv
webots_ros,node_add_force_or_torque.srv
webots_ros,node_add_force_with_offset.srv
webots_ros,display_draw_polygon.srv
webots_ros,node_get_center_of_mass.srv
webots_ros,motor_set_control_pid.srv
webots_ros,supervisor_get_from_id.srv
webots_ros,save_image.srv
webots_ros,field_set_int32.srv
webots_ros,node_get_id.srv
webots_ros,skin_set_bone_position.srv
webots_ros,robot_get_device_list.srv
webots_ros,display_draw_rectangle.srv
webots_ros,node_is_proto.srv
webots_ros,lidar_get_layer_range_image.srv
webots_ros,speaker_is_sound_playing.srv
webots_ros,get_bool.srv
webots_ros,skin_get_bone_orientation.srv
webots_ros,get_int.srv
webots_ros,get_urdf.srv
webots_ros,field_set_color.srv
webots_ros,node_get_parent_node.srv
webots_ros,gps_decimal_degrees_to_degrees_minutes_seconds.srv
webots_ros,lidar_get_layer_point_cloud.srv
webots_ros,node_get_position.srv
webots_ros,node_get_field_by_index.srv
webots_ros,field_get_node.srv
webots_ros,get_float_array.srv
webots_ros,supervisor_virtual_reality_headset_get_orientation.srv
webots_ros,mouse_get_state.srv
webots_ros,camera_get_zoom_info.srv
webots_ros,speaker_play_sound.srv
webots_ros,node_set_joint_position.srv
webots_ros,field_remove.srv
webots_ros,field_set_float.srv
webots_ros,display_image_new.srv
webots_ros,display_draw_pixel.srv
webots_ros,supervisor_movie_start_recording.srv
webots_ros,set_int.srv
webots_ros,node_get_velocity.srv
webots_ros,field_disable_sf_tracking.srv
webots_ros,field_get_name.srv
webots_ros,field_remove_node.srv
webots_ros,speaker_speak.srv
webots_ros,display_image_save.srv
webots_ros,field_get_type.srv
webots_ros,range_finder_get_info.srv
webots_ros,field_get_color.srv
webots_ros,node_remove.srv
webots_ros,node_enable_pose_tracking.srv
webots_ros,display_image_paste.srv
webots_ros,supervisor_virtual_reality_headset_get_position.srv
webots_ros,display_get_info.srv
webots_ros,skin_set_bone_orientation.srv
webots_ros,lidar_get_info.srv
webots_ros,field_enable_sf_tracking.srv
webots_ros,field_set_vec2f.srv
webots_ros,display_set_font.srv
webots_ros,display_image_copy.srv
webots_ros,node_set_velocity.srv
webots_ros,lidar_get_frequency_info.srv
webots_ros,node_enable_contact_points_tracking.srv
webots_ros,field_get_string.srv
webots_ros,display_image_load.srv
webots_ros,set_string.srv
webots_ros,node_get_number_of_fields.srv
webots_ros,node_get_name.srv
webots_ros,supervisor_movie_stop_recording.srv
webots_ros,node_get_pose.srv
webots_ros,field_get_vec2f.srv
webots_ros,node_disable_contact_points_tracking.srv
webots_ros,skin_get_bone_name.srv
webots_ros,pen_set_ink_color.srv
webots_ros,node_disable_pose_tracking.srv
webots_ros,receiver_get_emitter_direction.srv
webots_ros,field_get_vec3f.srv
webots_ros,field_set_vec3f.srv
webots_ros,set_float.srv
webots_ros,node_get_static_balance.srv
webots_ros,display_draw_text.srv
webots_ros,supervisor_set_label.srv
webots_ros,display_image_delete.srv
webots_ros,set_float_array.srv
webots_ros,node_get_field.srv
webots_ros,node_get_contact_points.srv
webots_ros,node_reset_functions.srv
webots_ros,node_get_string.srv
webots_ros,field_get_rotation.srv
webots_ros,field_get_int32.srv
webots_ros,field_set_string.srv
webots_ros,field_get_count.srv
webots_ros,field_set_bool.srv
webots_ros,get_float.srv
webots_ros,field_import_node_from_string.srv
hrpsys_ros_bridge,SetSensorTransformation.srv
wge100_camera,BoardConfig.srv
robotnik_msgs,SetEncoderTurns.srv
robotnik_msgs,home.srv
robotnik_msgs,SetBuzzer.srv
robotnik_msgs,InsertTask.srv
robotnik_msgs,set_mode.srv
robotnik_msgs,set_modbus_register.srv
robotnik_msgs,SetMotorMode.srv
robotnik_msgs,set_digital_output.srv
robotnik_msgs,set_height.srv
robotnik_msgs,ResetFromSubState.srv
robotnik_msgs,SetMotorStatus.srv
robotnik_msgs,set_float_value.srv
robotnik_msgs,set_CartesianEuler_pose.srv
robotnik_msgs,set_ptz.srv
robotnik_msgs,set_named_digital_output.srv
robotnik_msgs,axis_record.srv
robotnik_msgs,SetElevator.srv
robotnik_msgs,enable_disable.srv
robotnik_msgs,get_mode.srv
robotnik_msgs,GetBool.srv
robotnik_msgs,SetLaserMode.srv
robotnik_msgs,SetMotorPID.srv
robotnik_msgs,set_odometry.srv
robotnik_msgs,set_analog_output.srv
robotnik_msgs,ack_alarm.srv
robotnik_msgs,SetNamedDigitalOutput.srv
robotnik_msgs,QueryAlarms.srv
robotnik_msgs,get_digital_input.srv
robotnik_msgs,get_alarms.srv
robotnik_msgs,get_modbus_register.srv
robotnik_msgs,SetTransform.srv
robotnik_msgs,SetByte.srv
robotnik_msgs,GetMotorsHeadingOffset.srv
polled_camera,GetPolledImage.srv
rqt_bag_exporter,EstimateVideoFps.srv
rqt_bag_exporter,ListTopics.srv
rqt_bag_exporter,OpenBag.srv
rqt_bag_exporter,CloseBag.srv
rqt_bag_exporter,GetDuration.srv
op3_ball_detector,GetParameters.srv
op3_ball_detector,SetParameters.srv
pioneer_mrs,Pose2D.srv
prbt_hardware_support,BrakeTest.srv
prbt_hardware_support,WriteModbusRegister.srv
prbt_hardware_support,IsBrakeTestRequired.srv
prbt_hardware_support,GetSpeedOverride.srv
prbt_hardware_support,SetSpeedLimit.srv
prbt_hardware_support,GetOperationMode.srv
prbt_hardware_support,SendBrakeTestResult.srv
frontier_exploration,UpdateBoundaryPolygon.srv
frontier_exploration,GetNextFrontier.srv
turtlesim,SetPen.srv
turtlesim,TeleportRelative.srv
turtlesim,TeleportAbsolute.srv
turtlesim,Kill.srv
turtlesim,Spawn.srv
roscpp_tutorials,TwoInts.srv
rospy_tutorials,BadTwoInts.srv
rospy_tutorials,AddTwoInts.srv
multipoint_navigation_receiver,set_goal_srv.srv
multipoint_navigation_receiver,obstacle_srv.srv
robotiq_ft_sensor,sensor_accessor.srv
pr2_gazebo_plugins,SetModelsJointsStates.srv
asr_aruco_marker_recognition,ReleaseRecognizer.srv
asr_aruco_marker_recognition,GetRecognizer.srv
microstrain_3dmgx2_imu,AddOffset.srv
asr_recognizer_prediction_ism,GetPointCloud.srv
asr_recognizer_prediction_ism,FindScenes.srv
asr_recognizer_prediction_ism,ToggleVisualization.srv
asr_recognizer_prediction_ism,SetLogDir.srv
nao_interaction_msgs,LearnFace.srv
nao_interaction_msgs,VisionMotionSensitivity.srv
nao_interaction_msgs,AudioPlayback.srv
nao_interaction_msgs,GetAudioMasterVolume.srv
nao_interaction_msgs,SetAudioMasterVolume.srv
nao_interaction_msgs,AudioRecorder.srv
robot_localization,ToggleFilterProcessing.srv
robot_localization,SetDatum.srv
robot_localization,SetPose.srv
robot_localization,GetState.srv
qt_tutorials,TwoInts.srv
py_trees_msgs,OpenBlackboardWatcher.srv
py_trees_msgs,GetBlackboardVariables.srv
py_trees_msgs,CloseBlackboardWatcher.srv
packml_msgs,Transition.srv
packml_msgs,GetStats.srv
packml_msgs,ResetStats.srv
packml_msgs,ModeChange.srv
cartographer_ros_msgs,StartTrajectory.srv
cartographer_ros_msgs,WriteAssets.srv
cartographer_ros_msgs,SubmapQuery.srv
cartographer_ros_msgs,FinishTrajectory.srv
tf,FrameGraph.srv
rocon_device_msgs,GetDeviceList.srv
rocon_interaction_msgs,SetInteractions.srv
rocon_interaction_msgs,StartPairing.srv
rocon_interaction_msgs,GetInteraction.srv
rocon_interaction_msgs,StopPairing.srv
rocon_interaction_msgs,GetInteractions.srv
rocon_interaction_msgs,GetPairings.srv
rocon_interaction_msgs,RequestInteraction.srv
rocon_app_manager_msgs,GetRappList.srv
rocon_app_manager_msgs,StopRapp.srv
rocon_app_manager_msgs,Invite.srv
rocon_app_manager_msgs,StartRapp.srv
rocon_app_manager_msgs,Init.srv
rocon_std_msgs,EmptyString.srv
rocon_tutorial_msgs,GetAvailableResources.srv
concert_msgs,EnableService.srv
concert_msgs,UpdateServiceConfig.srv
concert_msgs,AllocateSoftware.srv
gateway_msgs,Advertise.srv
gateway_msgs,Remote.srv
gateway_msgs,AdvertiseAll.srv
gateway_msgs,RemoteGatewayInfo.srv
gateway_msgs,RemoteAll.srv
gateway_msgs,SetWatcherPeriod.srv
gateway_msgs,ConnectHub.srv
rail_segmentation,RemoveObject.srv
multiwii,SendMSPRawMessage.srv
multiwii,ReceiveMSPRawMessage.srv
multimaster_msgs_fkie,Task.srv
multimaster_msgs_fkie,ListNodes.srv
multimaster_msgs_fkie,ListDescription.srv
multimaster_msgs_fkie,GetSyncInfo.srv
multimaster_msgs_fkie,LoadLaunch.srv
multimaster_msgs_fkie,DiscoverMasters.srv
franka_msgs,SetEEFrame.srv
franka_msgs,SetFullCollisionBehavior.srv
franka_msgs,SetLoad.srv
franka_msgs,SetCartesianImpedance.srv
franka_msgs,SetKFrame.srv
franka_msgs,SetForceTorqueCollisionBehavior.srv
franka_msgs,SetJointImpedance.srv
ethercat_hardware,SoftProcessorFirmwareRead.srv
ethercat_hardware,SoftProcessorFirmwareWrite.srv
ethercat_hardware,SoftProcessorReset.srv
rospilot,SetWaypoints.srv
rospilot,SetBasicMode.srv
rospilot,CaptureImage.srv
edrone_client,edrone_services.srv
dynamixel_workbench_msgs,DynamixelCommand.srv
dynamixel_workbench_msgs,GetDynamixelInfo.srv
cpswarm_msgs,GetWaypoint.srv
cpswarm_msgs,GetDouble.srv
cpswarm_msgs,GetPoint.srv
cpswarm_msgs,Danger.srv
cpswarm_msgs,ClearOfObstacles.srv
cpswarm_msgs,ClosestBound.srv
cpswarm_msgs,NedToEnu.srv
cpswarm_msgs,GetPoints.srv
cpswarm_msgs,GetGpsFix.srv
cpswarm_msgs,FixToPose.srv
cpswarm_msgs,PoseToFix.srv
cpswarm_msgs,GetSector.srv
cpswarm_msgs,GetVector.srv
cpswarm_msgs,OutOfBounds.srv
cob_object_detection_msgs,BaTestEnvironment.srv
cob_object_detection_msgs,TrainObject.srv
cob_object_detection_msgs,StartObjectRecording.srv
cob_object_detection_msgs,DetectObjects.srv
cob_object_detection_msgs,SaveRecordedObject.srv
cob_object_detection_msgs,AcquireObjectImage.srv
cob_object_detection_msgs,StopObjectRecording.srv
cob_object_detection_msgs,BagTrainObject.srv
cob_3d_mapping_msgs,SetBoundingBoxes.srv
cob_3d_mapping_msgs,GetObjectsOfClass.srv
cob_3d_mapping_msgs,MoveToTable.srv
cob_3d_mapping_msgs,GetTables.srv
cob_3d_mapping_msgs,SetGeometryMap.srv
cob_3d_mapping_msgs,GetPointMap.srv
cob_3d_mapping_msgs,GetBoundingBoxes.srv
cob_3d_mapping_msgs,ModifyMap.srv
cob_3d_mapping_msgs,GetApproachPoseForPolygon.srv
cob_3d_mapping_msgs,GetGeometryMap.srv
cob_3d_mapping_msgs,SetPointMap.srv
cob_3d_mapping_msgs,GetPlane.srv
cob_3d_mapping_msgs,UpdateMap.srv
interactive_marker_proxy,GetInit.srv
feed_the_troll_msgs,LoadFromYamlString.srv
feed_the_troll_msgs,Unload.srv
feed_the_troll_msgs,LoadFromRosParam.srv
object_recognition_msgs,GetObjectInformation.srv
map_msgs,GetPointMap.srv
map_msgs,GetPointMapROI.srv
map_msgs,SaveMap.srv
map_msgs,GetMapROI.srv
map_msgs,ProjectedMapsInfo.srv
map_msgs,SetMapProjections.srv
dialogflow_ros,DialogflowService.srv
ifm3d_ros_msgs,Config.srv
ifm3d_ros_msgs,SyncClocks.srv
ifm3d_ros_msgs,Dump.srv
ifm3d_ros_msgs,Trigger.srv
ifm3d_ros_msgs,SoftOff.srv
ifm3d_ros_msgs,SoftOn.srv
zeroconf_msgs,AddService.srv
zeroconf_msgs,ListDiscoveredServices.srv
zeroconf_msgs,RemoveService.srv
zeroconf_msgs,AddListener.srv
zeroconf_msgs,ListPublishedServices.srv
zeroconf_msgs,RemoveListener.srv
fsrobo_r_msgs,SetPosture.srv
fsrobo_r_msgs,SetToolOffset.srv
fsrobo_r_msgs,ExecuteRobotProgram.srv
fsrobo_r_msgs,GetWrench.srv
fsrobo_r_msgs,GetPosture.srv
fsrobo_r_msgs,SetStopForce.srv
fsrobo_r_msgs,GetRobotStatus.srv
fsrobo_r_msgs,SetIO.srv
gd_msgs,SetMode.srv
gd_msgs,SetInput.srv
rcll_ros_msgs,SendBeaconSignal.srv
rcll_ros_msgs,SendMachineReport.srv
rcll_ros_msgs,SendPrepareMachine.srv
um7,Reset.srv
um6,Reset.srv
yocs_msgs,WaypointListService.srv
pr2_calibration_launch,FkTest.srv
crazyflie_driver,StartTrajectory.srv
crazyflie_driver,Takeoff.srv
crazyflie_driver,AddCrazyflie.srv
crazyflie_driver,RemoveCrazyflie.srv
crazyflie_driver,UpdateParams.srv
crazyflie_driver,NotifySetpointsStop.srv
crazyflie_driver,GoTo.srv
crazyflie_driver,UploadTrajectory.srv
crazyflie_driver,sendPacket.srv
crazyflie_driver,Stop.srv
crazyflie_driver,Land.srv
crazyflie_driver,SetGroupMask.srv
hebiros,AddGroupFromURDFSrv.srv
hebiros,SetFeedbackFrequencySrv.srv
hebiros,SizeSrv.srv
hebiros,SendCommandWithAcknowledgementSrv.srv
hebiros,SetCommandLifetimeSrv.srv
hebiros,ModelFkSrv.srv
hebiros,AddGroupFromNamesSrv.srv
hebiros,AddModelFromURDFSrv.srv
hebiros,EntryListSrv.srv
optris_drivers,AutoFlag.srv
optris_drivers,TemperatureRange.srv
optris_drivers,Palette.srv
asr_navfn,SetCostmap.srv
asr_navfn,MakeNavPlan.srv
sick_safetyscanners,FieldData.srv
controller_manager_msgs,ListControllers.srv
controller_manager_msgs,UnloadController.srv
controller_manager_msgs,ReloadControllerLibraries.srv
controller_manager_msgs,SwitchController.srv
controller_manager_msgs,LoadController.srv
controller_manager_msgs,ListControllerTypes.srv
hector_gazebo_plugins,SetBias.srv
mynt_eye_ros_wrapper,GetInfo.srv
pyros_test,StringEchoService.srv
vigir_footstep_planning_msgs,TransformFootPoseService.srv
vigir_footstep_planning_msgs,GetStepPlanService.srv
vigir_footstep_planning_msgs,SetStepPlanService.srv
vigir_footstep_planning_msgs,UpdateFootService.srv
vigir_footstep_planning_msgs,UpdateStepPlanService.srv
vigir_footstep_planning_msgs,TransformFeetPosesService.srv
vigir_footstep_planning_msgs,UpdateFeetService.srv
vigir_footstep_planning_msgs,StitchStepPlanService.srv
vigir_footstep_planning_msgs,PatternGeneratorParametersService.srv
vigir_footstep_planning_msgs,TransformStepPlanService.srv
vigir_footstep_planning_msgs,StepPlanRequestService.srv
vigir_footstep_planning_msgs,EditStepService.srv
vigir_footstep_planning_msgs,GenerateFeetPoseService.srv
dnn_detect,Detect.srv
mrpt_msgs,GetCMGraph.srv
asr_fake_object_recognition,ClearAllRecognizers.srv
asr_fake_object_recognition,GetAllRecognizers.srv
asr_fake_object_recognition,ReleaseRecognizer.srv
asr_fake_object_recognition,GetRecognizer.srv
crane_x7_examples,ObstacleAvoidance.srv
automotive_navigation_msgs,GetImageForMapTile.srv
control_toolbox,SetPidGains.srv
sick_scan,ECRChangeArrSrv.srv
sick_scan,LIDoutputstateSrv.srv
sick_scan,ColaMsgSrv.srv
parameter_pa,ParameterPaString.srv
ensenso,CalibrateHandEye.srv
ensenso,EstimatePatternPose.srv
ensenso,CollectPattern.srv
force_torque_sensor,CalculateAverageMasurement.srv
force_torque_sensor,DiagnosticVoltages.srv
force_torque_sensor,SetSensorOffset.srv
force_torque_sensor,CalculateSensorOffset.srv
stdr_msgs,AddCO2Source.srv
stdr_msgs,RegisterGui.srv
stdr_msgs,LoadExternalMap.srv
stdr_msgs,DeleteRfidTag.srv
stdr_msgs,AddSoundSource.srv
stdr_msgs,MoveRobot.srv
stdr_msgs,DeleteThermalSource.srv
stdr_msgs,AddThermalSource.srv
stdr_msgs,DeleteSoundSource.srv
stdr_msgs,AddRfidTag.srv
stdr_msgs,DeleteCO2Source.srv
stdr_msgs,LoadMap.srv
seed_r7_ros_controller,HandControl.srv
seed_r7_ros_controller,LedControl.srv
seed_r7_ros_controller,SetInitialPose.srv
seed_r7_ros_controller,ResetRobotStatus.srv
sr_utilities,getJointState.srv
vigir_generic_params,GetParameterSetService.srv
vigir_generic_params,SetParameterSetService.srv
vigir_generic_params,GetParameterSetNamesService.srv
vigir_generic_params,GetAllParameterSetsService.srv
hector_nav_msgs,GetNormal.srv
hector_nav_msgs,GetRecoveryInfo.srv
hector_nav_msgs,GetSearchPosition.srv
hector_nav_msgs,GetDistanceToObstacle.srv
hector_nav_msgs,GetRobotTrajectory.srv
haf_grasping,GraspSearchRectangleSize.srv
haf_grasping,GraspApproachVector.srv
haf_grasping,GraspPreGripperOpeningWidth.srv
haf_grasping,GraspSearchCenter.srv
haf_grasping,ShowOnlyBestGrasp.srv
haf_grasping,GraspCalculationTimeMax.srv
bcap_service,bcap.srv
rokubimini_msgs,ResetWrench.srv
rokubimini_msgs,FirmwareUpdateSerial.srv
rokubimini_msgs,GetSensorConfiguration.srv
rokubimini_msgs,FirmwareUpdateEthercat.srv
rokubimini_msgs,SetSensorConfiguration.srv
cob_android_msgs,Script.srv
cob_android_msgs,ScreenControl.srv
cob_android_msgs,Order.srv
test_bond,TestBond.srv
tf2_msgs,FrameGraph.srv
ur_msgs,SetPayload.srv
ur_msgs,SetSpeedSliderFraction.srv
ur_msgs,SetIO.srv
dynamixel_sdk_examples,BulkGetItem.srv
dynamixel_sdk_examples,GetPosition.srv
dynamixel_sdk_examples,SyncGetPosition.srv
openni2_camera,GetSerial.srv
cognitao_ros,getvar.srv
cognitao_ros,setvar.srv
image_recognition_msgs,Recognize.srv
image_recognition_msgs,GetFaceProperties.srv
image_recognition_msgs,Annotate.srv
mobility_base_core_msgs,GetMaxSpeed.srv
mobility_base_core_msgs,SetMaxSpeed.srv
realsense_camera,IsPowered.srv
realsense_camera,ForcePower.srv
realsense_camera,GetIMUInfo.srv
realsense_camera,CameraConfiguration.srv
realsense_camera,SetPower.srv
pr2_msgs,SetLaserTrajCmd.srv
pr2_msgs,SetPeriodicCmd.srv
asr_visualization_server,ClearModelMild.srv
asr_visualization_server,DrawModelDome.srv
asr_visualization_server,DrawModelMild.srv
asr_visualization_server,ClearModelDome.srv
asr_visualization_server,ShowAvailableModels.srv
asr_visualization_server,DrawAllModelsDome.srv
asr_visualization_server,DrawAllModelsMild.srv
asr_visualization_server,ClearAllModels.srv
automotive_navigation_msgs,GetImageForMapTile.srv
localizer_dwm1001,Anchor_1.srv
localizer_dwm1001,Tag_srv.srv
localizer_dwm1001,Anchor_0.srv
localizer_dwm1001,Anchor_3.srv
localizer_dwm1001,Anchor_2.srv
opencv_apps,FaceRecognitionTrain.srv
rc_tagdetect_client,DetectTags.srv
rc_tagdetect_client,StartContinuousDetection.srv
rc_visard_driver,GetTrajectory.srv
rc_silhouettematch_client,DeleteBasePlaneCalibration.srv
rc_silhouettematch_client,CalibrateBasePlane.srv
rc_silhouettematch_client,DetectObject.srv
rc_silhouettematch_client,GetBasePlaneCalibration.srv
rc_hand_eye_calibration_client,SetCalibrationPose.srv
rc_hand_eye_calibration_client,Calibration.srv
rc_hand_eye_calibration_client,Trigger.srv
rc_hand_eye_calibration_client,SetCalibration.srv
rc_pick_client,ComputeBoxGrasps.srv
rc_pick_client,ComputeGrasps.srv
rc_pick_client,DetectItems.srv
ardrone_autonomy,RecordEnable.srv
ardrone_autonomy,FlightAnim.srv
ardrone_autonomy,LedAnim.srv
ardrone_autonomy,CamSelect.srv
industrial_msgs,SetRemoteLoggerLevel.srv
industrial_msgs,GetRobotInfo.srv
industrial_msgs,SetDrivePower.srv
industrial_msgs,StartMotion.srv
industrial_msgs,CmdJointTrajectory.srv
industrial_msgs,StopMotion.srv
pr2_mechanism_msgs,ListControllers.srv
pr2_mechanism_msgs,UnloadController.srv
pr2_mechanism_msgs,ReloadControllerLibraries.srv
pr2_mechanism_msgs,SwitchController.srv
pr2_mechanism_msgs,LoadController.srv
pr2_mechanism_msgs,ListControllerTypes.srv
tango_ros_messages,GetMapName.srv
tango_ros_messages,GetMapUuids.srv
tango_ros_messages,SaveMap.srv
tango_ros_messages,LoadOccupancyGrid.srv
tango_ros_messages,TangoConnect.srv
thormang3_action_module_msgs,IsRunning.srv
thormang3_manipulation_module_msgs,GetJointPose.srv
thormang3_manipulation_module_msgs,GetKinematicsPose.srv
thormang3_offset_tuner_msgs,GetPresentJointOffsetData.srv
thormang3_walking_module_msgs,IsRunning.srv
thormang3_walking_module_msgs,SetJointFeedBackGain.srv
thormang3_walking_module_msgs,GetReferenceStepData.srv
thormang3_walking_module_msgs,SetBalanceParam.srv
thormang3_walking_module_msgs,AddStepDataArray.srv
thormang3_walking_module_msgs,StartWalking.srv
thormang3_walking_module_msgs,SetDampingBalanceParam.srv
thormang3_walking_module_msgs,RemoveExistingStepData.srv
novatel_oem7_msgs,Oem7AbasciiCmd.srv
asr_next_best_view,GetAttributedPointCloud.srv
asr_next_best_view,TriggerFrustumVisualization.srv
asr_next_best_view,RateViewports.srv
asr_next_best_view,SetAttributedPointCloud.srv
asr_next_best_view,GetNextBestView.srv
asr_next_best_view,TriggerFrustumsAndPointCloudVisualization.srv
asr_next_best_view,UpdatePointCloud.srv
asr_next_best_view,SetInitRobotState.srv
asr_next_best_view,ResetCalculator.srv
asr_next_best_view,RemoveObjects.srv
turtlebot3_applications_msgs,SetFollowState.srv
turtlebot3_applications_msgs,TakePanorama.srv
pipeline_planner,InquireSegments.srv
pipeline_planner,GetReadStatus.srv
pipeline_planner,SetARightshift.srv
pipeline_planner,GetNumofCheckpoints.srv
pipeline_planner,ReceiveCheckpoints.srv
pipeline_planner,GetCheckpoints.srv
pipeline_planner,GetRobotStatus.srv
pipeline_planner,SetARadius.srv
abb_rapid_sm_addin_msgs,SetEGMSettings.srv
abb_rapid_sm_addin_msgs,SetRAPIDRoutine.srv
abb_rapid_sm_addin_msgs,SetSGCommand.srv
abb_rapid_sm_addin_msgs,GetEGMSettings.srv
abb_robot_msgs,SetRAPIDDnum.srv
abb_robot_msgs,SetIOSignal.srv
abb_robot_msgs,SetRAPIDBool.srv
abb_robot_msgs,GetRAPIDDnum.srv
abb_robot_msgs,SetRAPIDNum.srv
abb_robot_msgs,SetSpeedRatio.srv
abb_robot_msgs,GetIOSignal.srv
abb_robot_msgs,GetRAPIDBool.srv
abb_robot_msgs,SetFileContents.srv
abb_robot_msgs,GetRAPIDNum.srv
abb_robot_msgs,GetFileContents.srv
abb_robot_msgs,GetSpeedRatio.srv
abb_robot_msgs,GetRAPIDSymbol.srv
abb_robot_msgs,SetRAPIDString.srv
abb_robot_msgs,GetRobotControllerDescription.srv
abb_robot_msgs,SetRAPIDSymbol.srv
abb_robot_msgs,TriggerWithResultCode.srv
abb_robot_msgs,GetRAPIDString.srv
pcl_msgs,UpdateFilename.srv
asr_robot_model_services,IsPositionAllowed.srv
asr_robot_model_services,GetPose.srv
asr_robot_model_services,GetDistance.srv
asr_robot_model_services,CalculateCameraPose.srv
asr_robot_model_services,CalculateCameraPoseCorrection.srv
choreo_msgs,OutputProcessPlans.srv
choreo_msgs,OutputProcessing.srv
choreo_msgs,TaskSequencePlanning.srv
choreo_msgs,ElementNumberRequest.srv
choreo_msgs,MoveToTargetPose.srv
choreo_msgs,ProcessPlanning.srv
choreo_msgs,VisualizeSelectedPath.srv
choreo_msgs,GetAvailableProcessPlans.srv
choreo_msgs,QueryComputationRecord.srv
choreo_msgs,TaskSequenceProcessing.srv
choreo_msgs,ChoreoParameters.srv
choreo_msgs,TrajectoryExecution.srv
mav_state_machine_msgs,RunTaskService.srv
mav_planning_msgs,PolygonService.srv
mav_planning_msgs,PlannerService.srv
mav_planning_msgs,ChangeNameService.srv
rh_p12_rn_base_module_msgs,GetItemValue.srv
cob_script_server,ComposeTrajectory.srv
omronsentech_camera,ReadNodeFloat.srv
omronsentech_camera,GetSDKInfo.srv
omronsentech_camera,EnableChunk.srv
omronsentech_camera,WriteNodeFloat.srv
omronsentech_camera,WriteNodeEnumInt.srv
omronsentech_camera,EnableImageAcquisition.srv
omronsentech_camera,EnableEventNode.srv
omronsentech_camera,ExecuteNode.srv
omronsentech_camera,ReadNodeBool.srv
omronsentech_camera,WriteNodeEnumStr.srv
omronsentech_camera,GetEnumList.srv
omronsentech_camera,GetTriggerList.srv
omronsentech_camera,GetModuleList.srv
omronsentech_camera,ReadNode.srv
omronsentech_camera,ReadNodeInt.srv
omronsentech_camera,SetGigEIP.srv
omronsentech_camera,ReadNodeString.srv
omronsentech_camera,GetChunkList.srv
omronsentech_camera,EnableEventAcquisition.srv
omronsentech_camera,GetGigEIP.srv
omronsentech_camera,WriteNodeString.srv
omronsentech_camera,GetGigEIPi.srv
omronsentech_camera,GetLastError.srv
omronsentech_camera,WriteNodeInt.srv
omronsentech_camera,EnableTrigger.srv
omronsentech_camera,SendSoftTrigger.srv
omronsentech_camera,GetGenICamNodeInfo.srv
omronsentech_camera,GetImageAcquisitionStatus.srv
omronsentech_camera,GetEventNodeStatusList.srv
omronsentech_camera,SetGigEIPi.srv
omronsentech_camera,GetDeviceList.srv
omronsentech_camera,WriteNode.srv
omronsentech_camera,ReadNodeEnum.srv
omronsentech_camera,GetEventAcquisitionStatusList.srv
omronsentech_camera,WriteNodeBool.srv
xbot_talker,chat.srv
xbot_talker,play.srv
pr2_self_test_msgs,ConfirmConf.srv
pr2_self_test_msgs,TestResult.srv
pr2_self_test_msgs,ScriptDone.srv
pr2_motor_diagnostic_tool,DiagnosticData.srv
ros_opcua_srvs,Disconnect.srv
ros_opcua_srvs,ListNode.srv
ros_opcua_srvs,CallMethod.srv
ros_opcua_srvs,Connect.srv
ros_opcua_srvs,Unsubscribe.srv
ros_opcua_srvs,Read.srv
ros_opcua_srvs,Subscribe.srv
ros_opcua_srvs,Write.srv
asr_recognizer_prediction_psm,recognizer_prediction_psm.srv
asr_recognizer_prediction_psm,psm_node.srv
arm_navigation_msgs,GetRobotTrajectoryValidity.srv
arm_navigation_msgs,GetMotionPlan.srv
arm_navigation_msgs,GetRobotState.srv
arm_navigation_msgs,GetJointTrajectoryValidity.srv
arm_navigation_msgs,FilterJointTrajectoryWithConstraints.srv
arm_navigation_msgs,GetPlanningScene.srv
arm_navigation_msgs,FilterJointTrajectory.srv
arm_navigation_msgs,SetPlanningSceneDiff.srv
arm_navigation_msgs,GetCollisionObjects.srv
arm_navigation_msgs,GetStateValidity.srv
arbotix_msgs,Relax.srv
arbotix_msgs,SetupChannel.srv
arbotix_msgs,SetSpeed.srv
arbotix_msgs,Enable.srv
cob_hand_bridge,SetPWM.srv
cob_hand_bridge,UpdatePins.srv
cob_hand_bridge,InitFinger.srv
cob_hand_bridge,InitPins.srv
pcdfilter_pa,PcdFilterPaCloud.srv
pcdfilter_pa,PcdFilterPaFilter.srv
asr_flir_ptu_driver,Range.srv
asr_flir_ptu_driver,Predict.srv
asr_flir_ptu_driver,Validate.srv
osrf_gear,SubmitTray.srv
osrf_gear,DetectShipment.srv
osrf_gear,AGVControl.srv
osrf_gear,PopulationControl.srv
osrf_gear,GetMaterialLocations.srv
osrf_gear,ConveyorBeltControl.srv
osrf_gear,SubmitShipment.srv
osrf_gear,VacuumGripperControl.srv
osrf_gear,DroneControl.srv
pr2_mechanism_controllers,SetProfile.srv
pr2_controllers_msgs,QueryTrajectoryState.srv
pr2_controllers_msgs,QueryCalibrationState.srv
ethercat_trigger_controllers,SetWaveform.srv
ethercat_trigger_controllers,SetMultiWaveform.srv
caster_base,SetDigitalOutput.srv
grid_map_msgs,ProcessFile.srv
grid_map_msgs,SetGridMap.srv
grid_map_msgs,GetGridMapInfo.srv
grid_map_msgs,GetGridMap.srv
laser_assembler,AssembleScans2.srv
laser_assembler,AssembleScans.srv
joint_tracker,publish_urdf.srv
shape_reconstruction,generate_meshes.srv
jsk_perception,NonMaximumSuppression.srv
jsk_perception,EuclideanSegment.srv
jsk_perception,WhiteBalancePoints.srv
jsk_perception,SetTemplate.srv
jsk_perception,WhiteBalance.srv
jsk_recognition_msgs,CallPolygon.srv
jsk_recognition_msgs,NonMaximumSuppression.srv
jsk_recognition_msgs,TransformScreenpoint.srv
jsk_recognition_msgs,TowerRobotMoveCommand.srv
jsk_recognition_msgs,CallSnapIt.srv
jsk_recognition_msgs,TowerPickUp.srv
jsk_recognition_msgs,SaveMesh.srv
jsk_recognition_msgs,EnvironmentLock.srv
jsk_recognition_msgs,EuclideanSegment.srv
jsk_recognition_msgs,WhiteBalancePoints.srv
jsk_recognition_msgs,CheckCollision.srv
jsk_recognition_msgs,SetLabels.srv
jsk_recognition_msgs,ICPAlignWithBox.srv
jsk_recognition_msgs,SetTemplate.srv
jsk_recognition_msgs,ICPAlign.srv
jsk_recognition_msgs,SnapFootstep.srv
jsk_recognition_msgs,SwitchTopic.srv
jsk_recognition_msgs,WhiteBalance.srv
jsk_recognition_msgs,PolygonOnEnvironment.srv
jsk_recognition_msgs,UpdateOffset.srv
jsk_recognition_msgs,SetPointCloud2.srv
jsk_recognition_msgs,CheckCircle.srv
jsk_recognition_msgs,RobotPickupReleasePoint.srv
jsk_recognition_msgs,SetDepthCalibrationParameter.srv
asr_object_database,ObjectMetaData.srv
asr_object_database,RecognizerListMeshes.srv
asr_object_database,RecognizerList.srv
asr_object_database,ObjectTypeList.srv
asr_object_database,ObjectTypeGenerator.srv
zivid_camera,LoadSettingsFromFile.srv
zivid_camera,CameraInfoSerialNumber.srv
zivid_camera,Capture2D.srv
zivid_camera,IsConnected.srv
zivid_camera,CameraInfoModelName.srv
zivid_camera,CaptureAssistantSuggestSettings.srv
zivid_camera,LoadSettings2DFromFile.srv
zivid_camera,Capture.srv
tts,Synthesizer.srv
tts,Polly.srv
microstrain_mips,SetMagAdaptiveVals.srv
microstrain_mips,SetAccelNoise.srv
microstrain_mips,SetEstimationControlFlags.srv
microstrain_mips,SetGyroBiasModel.srv
microstrain_mips,SetAccelBiasModel.srv
microstrain_mips,SetReferencePosition.srv
microstrain_mips,InitFilterEuler.srv
microstrain_mips,SetGyroBias.srv
microstrain_mips,SetHardIronValues.srv
microstrain_mips,SetFilterEuler.srv
microstrain_mips,SetAccelBias.srv
microstrain_mips,SetFilterHeading.srv
microstrain_mips,SetZeroAngleUpdateThreshold.srv
microstrain_mips,SetSensorVehicalFrameTrans.srv
microstrain_mips,SetDynamicsMode.srv
microstrain_mips,SetMagNoise.srv
microstrain_mips,SetSoftIronMatrix.srv
microstrain_mips,SetComplementaryFilter.srv
microstrain_mips,SetConingScullingComp.srv
microstrain_mips,SetAccelAdaptiveVals.srv
microstrain_mips,SetSensorVehicleFrameTrans.srv
microstrain_mips,SetTareOrientation.srv
microstrain_mips,SetSensorVehicleFrameOffset.srv
microstrain_mips,SetGyroNoise.srv
microstrain_mips,SetMagDipAdaptiveVals.srv
bhand_controller,SetControlMode.srv
bhand_controller,Actions.srv
piksi_rtk_msgs,SettingsReadResp.srv
piksi_rtk_msgs,SettingsReadReq.srv
piksi_rtk_msgs,SettingsWrite.srv
open_manipulator_msgs,SetActuatorState.srv
open_manipulator_msgs,GetKinematicsPose.srv
open_manipulator_msgs,SetDrawingTrajectory.srv
open_manipulator_msgs,SetJointPosition.srv
open_manipulator_msgs,SetKinematicsPose.srv
open_manipulator_msgs,GetJointPosition.srv
op3_action_module_msgs,IsRunning.srv
op3_walking_module_msgs,SetWalkingParam.srv
op3_walking_module_msgs,GetWalkingParam.srv
op3_online_walking_module_msgs,GetJointPose.srv
op3_online_walking_module_msgs,GetKinematicsPose.srv
op3_online_walking_module_msgs,GetPreviewMatrix.srv
op3_offset_tuner_msgs,GetPresentJointOffsetData.srv
hector_worldmodel_msgs,SetObjectName.srv
hector_worldmodel_msgs,GetObjectModel.srv
hector_worldmodel_msgs,AddObject.srv
hector_worldmodel_msgs,SetObjectState.srv
hector_worldmodel_msgs,VerifyPercept.srv
hector_worldmodel_msgs,VerifyObject.srv
mavros_msgs,FileWrite.srv
mavros_msgs,FileTruncate.srv
mavros_msgs,VehicleInfoGet.srv
mavros_msgs,FileMakeDir.srv
mavros_msgs,FileRemove.srv
mavros_msgs,MountConfigure.srv
mavros_msgs,CommandHome.srv
mavros_msgs,SetMode.srv
mavros_msgs,LogRequestList.srv
mavros_msgs,FileRead.srv
mavros_msgs,WaypointPull.srv
mavros_msgs,LogRequestEnd.srv
mavros_msgs,ParamSet.srv
mavros_msgs,FileChecksum.srv
mavros_msgs,CommandAck.srv
mavros_msgs,WaypointSetCurrent.srv
mavros_msgs,WaypointPush.srv
mavros_msgs,WaypointClear.srv
mavros_msgs,CommandInt.srv
mavros_msgs,CommandTOL.srv
mavros_msgs,MessageInterval.srv
mavros_msgs,CommandVtolTransition.srv
mavros_msgs,ParamGet.srv
mavros_msgs,CommandLong.srv
mavros_msgs,CommandBool.srv
mavros_msgs,CommandTriggerInterval.srv
mavros_msgs,FileClose.srv
mavros_msgs,LogRequestData.srv
mavros_msgs,StreamRate.srv
mavros_msgs,ParamPush.srv
mavros_msgs,FileOpen.srv
mavros_msgs,FileRename.srv
mavros_msgs,SetMavFrame.srv
mavros_msgs,ParamPull.srv
mavros_msgs,FileList.srv
mavros_msgs,FileRemoveDir.srv
mavros_msgs,CommandTriggerControl.srv
mycroft_ros,MycroftSkill.srv
lex_common_msgs,AudioTextConversation.srv
xarm_planner,exec_plan.srv
xarm_planner,single_straight_plan.srv
xarm_planner,pose_plan.srv
xarm_planner,joint_plan.srv
xarm_msgs,GetAnalogIO.srv
xarm_msgs,ClearErr.srv
xarm_msgs,GripperState.srv
xarm_msgs,GripperConfig.srv
xarm_msgs,SetString.srv
xarm_msgs,GripperMove.srv
xarm_msgs,GetFloat32List.srv
xarm_msgs,SetInt16.srv
xarm_msgs,TCPOffset.srv
xarm_msgs,SetControllerAnalogIO.srv
xarm_msgs,Call.srv
xarm_msgs,GetDigitalIO.srv
xarm_msgs,SetLoad.srv
xarm_msgs,PlayTraj.srv
xarm_msgs,GetControllerDigitalIO.srv
xarm_msgs,FtIdenLoad.srv
xarm_msgs,SetToolModbus.srv
xarm_msgs,MoveAxisAngle.srv
xarm_msgs,SetFloat32.srv
xarm_msgs,SetMultipleInts.srv
xarm_msgs,GetInt32.srv
xarm_msgs,GetSetModbusData.srv
xarm_msgs,ConfigToolModbus.srv
xarm_msgs,Move.srv
xarm_msgs,MoveVelo.srv
xarm_msgs,SetAxis.srv
xarm_msgs,GetErr.srv
xarm_msgs,MoveVelocity.srv
xarm_msgs,SetModbusTimeout.srv
xarm_msgs,SetDigitalIO.srv
xarm_msgs,FtCaliLoad.srv
roboteq_diff_msgs,RequestOdometryCovariances.srv
roboteq_diff_msgs,RequestParam.srv
udp_com,UdpSend.srv
udp_com,UdpSocket.srv
pilz_msgs,GetMotionSequence.srv
schunk_canopen_driver,HomeWithIDs.srv
schunk_canopen_driver,HomeAll.srv
schunk_canopen_driver,HomeWithJointNames.srv
hls_lfom_tof_driver,LowSignalCutoff.srv
hls_lfom_tof_driver,FarSignalCutoff.srv
hls_lfom_tof_driver,DistanceMode.srv
manipulator_h_base_module_msgs,GetJointPose.srv
manipulator_h_base_module_msgs,GetKinematicsPose.srv
rsv_balance_msgs,SetMode.srv
rsv_balance_msgs,SetInput.srv
dwb_msgs,ScoreTrajectory.srv
dwb_msgs,GetCriticScore.srv
dwb_msgs,GenerateTrajectory.srv
dwb_msgs,GenerateTwists.srv
dwb_msgs,DebugLocalPlan.srv
nav_2d_msgs,SwitchPlugin.srv
rcll_fawkes_sim_msgs,NavgraphWithMPSGenerate.srv
netft_utils,GetDouble.srv
netft_utils,SetMax.srv
netft_utils,SetFilter.srv
netft_utils,StopSim.srv
netft_utils,SetBias.srv
netft_utils,SetToolData.srv
netft_utils,SetThreshold.srv
netft_utils,StartSim.srv
op3_camera_setting_tool,GetParameters.srv
op3_camera_setting_tool,SetParameters.srv
cob_base_drive_chain,ElmoRecorderConfig.srv
cob_base_drive_chain,ElmoRecorderReadout.srv
cob_light,SetLightMode.srv
cob_light,StopLightMode.srv
cob_phidgets,SetDataRate.srv
cob_phidgets,SetDigitalSensor.srv
cob_phidgets,SetTriggerValue.srv
cob_mimic,SetMimic.srv
topic_tools,DemuxDelete.srv
topic_tools,MuxDelete.srv
topic_tools,MuxList.srv
topic_tools,DemuxAdd.srv
topic_tools,MuxSelect.srv
topic_tools,DemuxSelect.srv
topic_tools,DemuxList.srv
topic_tools,MuxAdd.srv
test_rosmaster,RossrvB.srv
test_rosmaster,AddTwoInts.srv
test_rosmaster,RossrvA.srv
test_rosservice,HeaderEcho.srv
test_rospy,EmptyReqSrv.srv
test_rospy,EmptySrv.srv
test_rospy,TransitiveSrv.srv
test_rospy,MultipleAddTwoInts.srv
test_rospy,EmptyRespSrv.srv
test_rospy,ListReturn.srv
test_rospy,ConstantsMultiplex.srv
test_rospy,StringString.srv
roscpp,Empty.srv
roscpp,SetLoggerLevel.srv
roscpp,GetLoggers.srv
xbot_talker,CallChat.srv
xbot_talker,XbotTts.srv
xbot_talker,call_actionmode.srv
xbot_talker,history_record.srv
xbot_talker,chat.srv
xbot_talker,EnableASR.srv
xbot_talker,deploy_dialogue.srv
xbot_talker,nlpdialog_config.srv
xbot_talker,call_asr.srv
xbot_talker,CallVersion.srv
xbot_talker,CallPlay.srv
xbot_talker,keyword_config.srv
xbot_talker,roolback_dialogue.srv
xbot_talker,play.srv
xbot_talker,call_action.srv
xbot_talker,add_dialogue.srv
app_manager,StopApp.srv
app_manager,UninstallApp.srv
app_manager,StartApp.srv
app_manager,InstallApp.srv
app_manager,ListApps.srv
app_manager,GetAppDetails.srv
app_manager,GetInstallationState.srv
asr_descriptor_surface_based_recognition,ClearAllRecognizers.srv
asr_descriptor_surface_based_recognition,GetObjectList.srv
asr_descriptor_surface_based_recognition,ReleaseRecognizer.srv
asr_descriptor_surface_based_recognition,GetRecognizer.srv
roch_msgs,SetFollowState.srv
roch_msgs,TakePanorama.srv
