reemc,reem-c
heron,clearpath heron usv
leuze,leuze rsl 400
magni,magni silver
orb,orbbec astra
summit,summit-xl
crazyflie,crazyflie
rosaria,ari
livox,livox 3d lidar
agni,magni silver
turtlebot3,turtlebot3
dynamixel,dynamixel
abb,abb manipulators
robotis,robotis op
xbot,xbot
fanuc,fanuc
pr2,pr2
rt,forterc
velodyne,velodyne hdl-64e 3d lidar
fetch,fetch
roomba,roomba
point,pointgrey cameras (with flycapture2)
rbcar,rbcar
leap,leap_motion
xaxxon,xaxxon openlidar
hironx,hironxo
position,applanix position and orientation system for land vehicles
zivid,zivid 3d camera
opt,erle-hexacopter
dynamic,dynamic_uvc_cam
tiago,tiago++
xarm,xarm
xarm7,xarm
ensenso,ensenso stereo cameras
turtlebot,turtlebot2
pioneer,pioneer lx
mobility,mobility base
um6,ch robotics um6 imu
sicktoolbox,sicktoolbox_wrapper
xsens,xsens mtx/mti/mti-g devices
shadow,shadow ronex
nmea,nmea_navsat_driver
barrett,barrett hand
naoqi,nao
sciurus17,sciurus17
leo,leo rover
sick,sick mrs6xxx lasers
doosan,doosan-robot
libphidgets,libphidgets21
nerian,scenescan and sp1 by nerian vision technologies
leptrino,leptrino force/torque sensor
crane,crane-x7
vrpn,vrpn
warthog,clearpath warthog ugv
pr2eus,pr2
arbotix,arbotix robocontroller
microstrain,microstrain_3dmgx2_imu
schunk,schunk lwa 4p
rplidar,rplidar 360 laser scanner driver(python)
talos,talos
app,sicktoolbox_wrapper
omron,omron sentech camera
basler,basler tof es camera
ridgeback,clearpath ridgeback
jackal,clearpath jackal ugv
kobuki,kobuki
hand,otto bock sensorhand
mecanum,mecanumrover ver.3.0
neo,neobotix mp-400
realsense,intel® realsense™
xiaoqiang,xiaoqiang
roch,roch
hls,hls-lfcd lds
nao,nao
thormang3,thormang
wge100,wge100 camera
rh,rh-p12-rn
pepper,pepper
segway,segway rmpv3
r2,pr2
astra,orbbec astra
node,xsens mti node
strain,microstrain_3dmgx2_imu
care,care-o-bot
piksi,swiftnav piksi rtk-gps
teraranger,teraranger duo tof/sonar range finder
rospeex,rospeex
romeo,romeo
innok,innok heros
aubo,aubo i-series
myahrs,myahrs_driver
prosilica,prosilica camera
turtle,turtlebot euclid
husky,clearpath husky ugv
pepperl,pepper
dynpick,wacoh-tech dynpick
qt,qtrobot
carla,carla
lms1xx,lms1xx
adi,armadillo
motoman,motoman
toposens,toposens ts3 3d ultrasonic sensor
caster,caster
pointgrey,pointgrey cameras (with flycapture2)
universal,universal_robots
ifm,ifm o3m250 tof camera
rosserial,rosserial_arduino
micros,microstrain_3dmgx2_imu
uvc,dynamic_uvc_cam
rb,rb-2 base
jaguar,jaguar
serial,serializer
xarm6,xarm
xarm5,xarm
scenario,ari
gpsd,gpsd_client
laserscan,pilz safety laserscanner psenscan
video,libuvc usb video class driver
phidgets,libphidgets21
libphidget21,libphidgets21
copernicus,copernicus robot
volta,volta robot
oculusprime,oculus prime
netft,interface to ati netft sensor adapter
libuvc,libuvc usb video class driver
leg,allegro hand
mir,amir 740
