packageName,node
rosserial_server,${PROJECT_NAME}_serial_node
rosserial_server,${PROJECT_NAME}_socket_node
rosserial_server,${PROJECT_NAME}_udp_socket_node
rosserial_xbee,xbee_network.py
rosserial_xbee,setup_xbee.py
genpy,gensrv_py.py
genpy,genmsg_py.py
tracker_base_ui,tracker_base_ui_node
hector_barrel_geotiff_plugin,hector_barrel_geotiff_plugin_node
hector_barrel_detection_nodelet,hector_barrel_detection_node
hector_veil_geotiff_plugin,hector_barrel_geotiff_plugin_node
hector_co2_processing,hector_co2_processing_node
hector_stair_detection,hector_stair_detection_node
hector_co2_detection_plugin,tracker_base_ui_node
ros_mppt,vemppt_ros.py
asr_resources_for_active_scene_recognition,resources_for_active_scene_recognition_node
webui,users_online.py
webui,fake_motors.py
svenzva_drivers,svenzva_dynamics
svenzva_drivers,svenzva_cartesian
svenzva_drivers,dynamixel_control_hw
svenzva_utils,close_gripper.py
svenzva_utils,open_gripper.py
svenzva_joy,svenzva_joystick_controller
svenzva_joy,svenzva_6axis_controller
svenzva_joy,svenzva_3axis_controller
tiny_slam,tiny_slam
towr,${PROJECT_NAME}-example
towr_ros,towr_ros_app
towr_ros,towr_user_interface
towr_ros,rviz_terrain_publisher
towr_ros,goal_pose_publisher
towr_ros,rosbag_traj_combiner
towr_ros,rosbag_geom_msg_extractor
rospack,rospackexe
rospack,rosstackexe
hugin_panorama,stitch_loop.py
xpp_examples,monoped_publisher
xpp_examples,quadrotor_bag_builder
xpp_vis,rviz_marker_node
xpp_hyq,urdf_visualizer_hyq1
xpp_hyq,urdf_visualizer_hyq2
xpp_hyq,urdf_visualizer_hyq4
xpp_quadrotor,urdf_visualizer_quadrotor
open_manipulator_with_tb3_tools,open_manipulator_with_tb3_moveit_bridge
open_manipulator_with_tb3_tools,open_manipulator_with_tb3_gazebo_bridge
open_manipulator_with_tb3_tools,open_manipulator_with_tb3_gripper_server
world_canvas_server,save_columns.py
world_canvas_server,save_map.py
world_canvas_server,get_markers.py
world_canvas_server,save_markers.py
world_canvas_server,set_keyword.py
world_canvas_server,save_tables.py
world_canvas_server,save_tables_jh.py
world_canvas_server,import.py
world_canvas_server,export.py
world_canvas_server,get_columns.py
world_canvas_server,save_walls.py
world_canvas_server,get_any.py
world_canvas_server,add_map.py
world_canvas_server,get_walls.py
world_canvas_server,set_relationship.py
world_canvas_server,get_tables.py
sr_multi_description,autopic_launch_node
sr_multi_moveit_config,generate_robot_srdf.py
sr_multi_moveit_config,virtual_joint_broadcaster.py
sr_multi_moveit_config,generate_moveit_config.py
sr_multi_moveit_config,generate_load_moveit_config.py
sr_multi_moveit_test,__init__.py
sr_multi_moveit_test,test_planners.py
sr_grasp,convert_xml.py
hand_kinematics,hand_kinematics_coupling
sr_robot_commander,grasp_saver_unsafe.py
sbg_driver,sbg_device
sbg_driver,sbg_device_mag
ar_track_alvar,individualMarkers
ar_track_alvar,individualMarkersNoKinect
ar_track_alvar,trainMarkerBundle
ar_track_alvar,findMarkerBundles
ar_track_alvar,findMarkerBundlesNoKinect
ar_track_alvar,createMarker
xbot_face,pub_camera_image
xbot_face,wenhou
create_node,kinect_breaker_enabler.py
create_node,load_calib.py
chaplus_ros,chaplus_ros.py
opt_camera,nm33_node
opt_camera,init_xu_register
opt_camera,nm33_node_non_std_uvc
opt_camera,init_xu_register_non_std_uvc
rospatlite,patlite_node.py
rospatlite,patlite.py
ros_speech_recognition,speech_recognition_candidates_to_string.py
ros_speech_recognition,speech_recognition_node.py
ros_speech_recognition,parrot_node.py
julius_ros,julius_cli.py
julius_ros,julius_client.py
sesame_ros,list_sesames.py
google_chat_ros,google_chat_ros_node.py
google_chat_ros,helper.py
rosping,rosping
depth_image_proc_jsk_patch,example
openni_tracker_jsk_patch,example
zdepth_image_transport,zdepth_test
switchbot_ros,switchbot_ros_server.py
mini_maxwell,setfilters.py
mini_maxwell,drc_2015_environment.py
mini_maxwell,periodic.py
mini_maxwell,periodic26.py
mini_maxwell,setfilters26.py
mini_maxwell,ros_client.py
mini_maxwell,mm2client.py
aques_talk,SampleTalk
voice_text,voice_text
pgm_learner,pgm_learner_server.py
respeaker_ros,speech_to_text.py
respeaker_ros,respeaker_gencfg.py
respeaker_ros,respeaker_node.py
rostwitter,tweet_image_server.py
rostwitter,tweet.py
camera1394stereo,camera1394stereo_node
tdk_robokit,tdk_robokit.py
mongodb_store,example_multi_event_log.py
mongodb_store,config_manager.py
mongodb_store,example_message_store_client.py
mongodb_store,replicator_client.py
mongodb_store,mongo_bridge.py
mongodb_store,mongodb_server.py
mongodb_store,replicator_node.py
mongodb_store,mongodb_play.py
mongodb_store,message_store_node.py
mongodb_log,mongodb_log.py
demo_pioneer,demo_pioneer_joy2twist_pioneer_node
demo_pioneer,demo_pioneer_joy2twist_pioneer_pan_node
demo_pioneer,demo_pioneer_visual_servo_pioneer_node
demo_pioneer,demo_pioneer_visual_servo_pioneer_pan_node
rcll_refbox_peer,rcll_refbox_peer
jog_arm,jog_arm_server
jog_arm,spacenav_to_twist
jog_arm,xbox_to_twist
jog_arm,dragonrise_to_twist
network_detector,network_detector
network_monitor_udp,udpmonserv
network_monitor_udp,udpmonsink
access_point_control,example
hostapd_access_point,find_hwsim_iface.py
ieee80211_channels,generate_wiki_table.py
robot_activity,any_robot_activity
robot_activity_tutorials,robot_activity_tutorials_node
robot_activity_tutorials,robot_activity_tutorials_minimal_node
distance_map_node,distance_map_node
distance_map_tools,distance_map_imarker
rosauth,ros_mac_authentication
rosauth,ros_mac_authentication_test
turtlebot_interactive_markers,turtlebot_marker_server
thormang3_manager,thormang3_manager
hector_quadrotor_teleop,quadrotor_teleop
dbw_fca_joystick_demo,${PROJECT_NAME}_joystick_demo
dbw_fca_can,throttle_sine.py
dbw_fca_can,throttle_thrash.py
dbw_fca_can,brake_thrash.py
dbw_fca_can,misc_hvac_cmd.py
dbw_fca_can,brake_sweep.py
dbw_fca_can,brake_sine.py
dbw_fca_can,throttle_sweep.py
dbw_fca_can,log_performance_MM.py
cob_linear_nav,cob_linear_nav
cob_map_accessibility_analysis,map_accessibility_analysis_client
rosfmt,generate_macros.py
naoqi_driver_py,test_footsteps.py
naoqi_driver_py,test_joint_angles.py
naoqi_tools,compare_xacro.py
naoqi_tools,export_meshes.py
naoqi_tools,run_blender_script.py
naoqi_tools,generate_urdf.py
naoqi_pose,execute_pose.py
sicktoolbox_wrapper,sickld
sicktoolbox_wrapper,sicklms
sicktoolbox_wrapper,print_scans
sicktoolbox_wrapper,time_scans
sicktoolbox_wrapper,log_scans
multi_object_tracking_lidar,kf_tracker_node
rsm_additions,bootUpNode
uavc_v4lctl,v4lctl
ixblue_stdbin_decoder,udp_listener
ixblue_stdbin_decoder,tcp_client
ixblue_stdbin_decoder,serial_listener
ixblue_stdbin_decoder,memory_blocs_parser_navigation-test
ixblue_stdbin_decoder,memory_blocs_parser_extended_navigation-test
ixblue_stdbin_decoder,memory_blocs_parser_external_data-test
ixblue_stdbin_decoder,stdbin_decoder-test
geonav_transform,geonav_transform_node
handeye,handeye_server.py
dynamixel_driver,set_servo_config.py
dynamixel_driver,set_torque.py
dynamixel_driver,change_id.py
dynamixel_driver,info_dump.py
eusurdf,urdf_to_xacro.py
eusurdf,make_fixed_model.py
eusurdf,convert-all-eusscene.py
eusurdf,convert-all-eusmodel.py
eusurdf,make_static_model.py
euscollada,parseColladaBase.py
euscollada,replace_library_nodes.py
euscollada,add_sensor_to_urdf.py
euscollada,add_eef_to_urdf.py
euscollada,remove_sensor_from_urdf.py
euscollada,urdf_patch.py
euscollada,add_sensor_to_collada.py
posedetection_msgs,feature0d_view
posedetection_msgs,feature0d_to_image
jsk_hark_msgs,example
diagnostic_updater,example
diagnostic_analysis,sparse_csv.py
diagnostic_analysis,export_csv.py
self_test,test_selftest.py
turtlebot_navigation,laser_footprint_filter
turtlebot_follower,switch.py
turtlebot_actions,test_fiducial.py
turtlebot_actions,test_move.py
swri_image_util,blend_images
swri_image_util,contrast_stretch
swri_image_util,draw_text
swri_image_util,dummy_image_publisher
swri_image_util,normalization_image_generator_node
swri_image_util,normalize_response
swri_image_util,rotate_image
swri_image_util,scale_image
swri_image_util,replace_colors
swri_transform_util,lat_lon_tf_echo
swri_roscpp,service_splitter.py
astra_camera,get_point_cloud_dist.py
astra_camera,get_supported_video_modes.py
astra_camera,depth_to_color.py
astra_camera,sync.py
astra_camera,test_open_close_stream.py
melfa_driver,melfa_loopback_node
jsk_rviz_plugins,static_overlay_text.py
jsk_rviz_plugins,capture_rviz_text.py
jsk_rviz_plugins,rviz_mouse_point_to_tablet.py
jsk_rviz_plugins,link_marker_publisher.py
jsk_rviz_plugins,landing_time_detector.py
jsk_rviz_plugins,motor_states_temperature_decomposer.py
jsk_rviz_plugins,string_to_overlay_text.py
jsk_rviz_plugins,tf_diff_text.py
jsk_rviz_plugins,pr2_visualization.py
jsk_rviz_plugins,pointcloud_information.py
jsk_rviz_plugins,float32_to_overlay_text.py
jsk_rviz_plugins,relay_screenshot.py
jsk_rviz_plugins,contact_state_marker.py
jsk_rviz_plugins,twist_stamped_add_header.py
jsk_rviz_plugins,relay_camera_info.py
jsk_rviz_plugins,rosconsole_overlay_text.py
jsk_rviz_plugins,overlay_menu_bridge.py
jsk_rviz_plugins,classification_result_visualizer.py
jsk_interactive_marker,transformable_spacenav_configure.py
jsk_interactive_marker,transformable_joy_configure.py
jsk_interactive_marker,semantic_robot_state_generator.py
jsk_interactive_marker,transformable_markers_client.py
jsk_interactive_marker,dummy_camera.py
jsk_interactive_test,trackpoint_controller.py
jsk_interactive_test,publish_goal_marker.py
epson_g364_imu_driver,epson_imu_driver_node
multires_image,multires_view_node
rosbridge_server,rosbridge_tcp.py
rosbridge_server,rosbridge_websocket.py
rosbridge_server,rosbridge_udp.py
dummy_slam_broadcaster,dummy_slam_broadcaster_node
cpf_segmentation_ros,segmentation_ros_node
laser_scan_splitter,laser_scan_splitter_node
laser_ortho_projector,laser_ortho_projector_node
laser_scan_matcher,laser_scan_matcher_node
laser_scan_sparsifier,laser_scan_sparsifier_node
polar_scan_matcher,psm_node
polar_scan_matcher,polar_scan_matcher
rosbag_snapshot,snapshot
cob_gazebo_worlds,elevator.py
cob_gazebo_tools,move_object.py
cob_gazebo_tools,spawn_object.py
cob_gazebo_tools,remove_object.py
roomblock_bringup,clean_motor_toggler.py
flexbe_testing,)
flexbe_mirror,)
flexbe_core,)
flexbe_input,)
flexbe_states,)
flexbe_msgs,)
flexbe_widget,)
flexbe_onboard,)
smach_viewer,smach_viewer.py
assisted_teleop,assisted_teleop
pose_base_controller,pose_base_controller
dynamic_robot_state_publisher,dynamic_robot_state_publisher
pr2_common_action_msgs,pr2_common_action_msgs_node
pr2_arm_move_ik,arm_ik
pr2_arm_move_ik,pr2_arm_ik_test
pr2_tilt_laser_interface,snapshotter
pr2_tilt_laser_interface,grab_result
pr2_tuck_arms_action,tuck_arms.py
joint_trajectory_generator,joint_trajectory_generator
fiducial_slam,init_map.py
fiducial_slam,fit_plane.py
fiducial_slam,move_origin.py
fiducial_slam,standard_fit.py
aruco_detect,create_markers.py
aruco_gazebo,aruco.py
movidius_ncs_example,${PROJECT_NAME}_image_classification
movidius_ncs_example,${PROJECT_NAME}_image_detection
movidius_ncs_example,${PROJECT_NAME}_stream_classification
movidius_ncs_example,${PROJECT_NAME}_stream_detection
movidius_ncs_image,unittest_image_classification
movidius_ncs_image,unittest_image_detection
movidius_ncs_stream,unittest_stream_classification
movidius_ncs_stream,unittest_stream_detection
movidius_ncs_lib,unittest_environment
movidius_ncs_lib,unittest_function
ipcamera_driver,ipcamera_driver
vesc_ackermann,vesc_to_odom_node
vesc_ackermann,ackermann_to_vesc_node
vesc_driver,vesc_driver_node
mh5_anomaly_detector,data_collect.py
mh5_anomaly_detector,monitor.py
mh5_anomaly_detector,run.py
fetch_gazebo,prepare_simulated_robot_pick_place.py
fetch_gazebo,prepare_simulated_robot.py
fetch_gazebo_demo,pick_place_demo.py
fetch_gazebo_demo,demo.py
katana_teleop,katana_teleop_key
katana,katana
katana,katana_arm_kinematics
katana_tutorials,follow_joint_trajectory_client
katana_tutorials,pr2_joint_trajectory_client
katana_gazebo_plugins,test_gripper_joint_trajectory
katana_gazebo_plugins,test_gripper_joint_trajectory
test_nodelet,test_console
test_nodelet,benchmark
test_nodelet,create_instance_cb_error
camera1394,camera1394_trigger_node
raspicam_node,raspicam_node
moveit_sim_controller,moveit_sim_hw_main
turtlebot3_panorama,loop.py
xsens_driver,test_py_node
uuv_cpc_sensor,uuv_cpc_ros_sensor_node
leap_motion,skeleton_sender.py
leap_motion,leap_interface.py
leap_motion,sender.py
leap_motion,subscriber.py
tuw_voronoi_graph,tuw_voronoi_graph_node
tuw_voronoi_graph,tuw_dxf_graph_node
tuw_voronoi_graph,tuw_segment_to_graph_node
tuw_multi_robot_local_behavior_controller,tuw_local_behavior_controller_node
tuw_multi_robot_ctrl,tuw_velocity_controller
tuw_multi_robot_ctrl,local_multi_robot_controller
tuw_multi_robot_goal_generator,goals_random
tuw_multi_robot_goal_generator,goals_saver
tuw_multi_robot_goal_generator,goals_server
tuw_multi_robot_router,tuw_multi_robot_router_node
slam_constructor,wg_pr2_bag_adapter
slam_constructor,lslam2D_bag_runner
slam_constructor,gmapping
slam_constructor,tiny_slam
slam_constructor,viny_slam
slam_constructor,viny_slam_x
slam_constructor,path_publisher
slam_constructor,p2D_ss_evaluator
spinnaker_camera_driver,spinnaker_camera_node
sr_edc_controller_configuration,controllers_to_diagnostics.py
sr_edc_controller_configuration,joints_to_diagnostics.py
nerian_stereo,camera_info_splitter.py
jog_controller,jog_frame_node
jog_controller,jog_joint_node
jsk_network_tools,silverhammer_lowspeed_receiver.py
jsk_network_tools,silverhammer_highspeed_receiver.py
jsk_network_tools,silverhammer_lowspeed_streamer.py
jsk_network_tools,wifi_status.py
jsk_network_tools,heartbeat_responser.py
jsk_network_tools,heartbeat_master.py
jsk_network_tools,silverhammer_highspeed_streamer.py
jsk_network_tools,network_status.py
jsk_network_tools,silverhammer_lowspeed_check_size.py
jsk_network_tools,network_plot.py
jsk_network_tools,silverhammer_highspeed_receiver_with_internal_buffer.py
jsk_tilt_laser,tilt_laser_assembler.py
jsk_tilt_laser,dynamixel_joint_state_publisher.py
jsk_topic_tools,topic_compare.py
jsk_topic_tools,tf_to_pose.py
jsk_topic_tools,topic_statistics.py
jsk_topic_tools,boolean_node.py
jsk_topic_tools,pose_stamped_publisher.py
jsk_topic_tools,synchronize_republish.py
jsk_topic_tools,static_image_publisher.py
jsk_topic_tools,joint_state_pruner.py
jsk_topic_tools,rosping_existence.py
jsk_topic_tools,static_tf_republisher.py
jsk_topic_tools,bag2csv.py
jsk_topic_tools,tf_to_transform.py
jsk_topic_tools,transform_wrench.py
jsk_rosbag_tools,video_to_bag.py
jsk_rosbag_tools,merge.py
jsk_rosbag_tools,tf_static_to_tf.py
jsk_rosbag_tools,bag_to_audio.py
jsk_rosbag_tools,bag_to_video.py
jsk_rosbag_tools,compress_imgs.py
audio_video_recorder,audio_video_recorder
image_view2,image_view2
image_view2,points_rectangle_extractor
multi_map_server,multi_map_server
virtual_force_publisher,virtual_force_publisher
jsk_data,robot_description_saver.py
jsk_data,rosbag_always.py
jsk_data,robot_description_loader.py
nav_pcontroller,nav_pcontroller
nav_pcontroller,speed_filter
rostune,rostune
rtt_roscomm,create_boost_header.py
minas_control,main
minas_control,slaveinfo
minas_control,simple_test
minas_control,reset
turtlebot3_fake,turtlebot3_fake_node
turtlebot3_gazebo,turtlebot3_drive
pluginlib,pluginlib_headers_migration.py
openni_camera,openni_node
map_laser,filter.py
leuze_rsl_driver,leuze_rsl_driver
leuze_phidget_driver,leuze_phidget_driver_node
sick_visionary_t_driver,sick_visionary_t_driver_node
mbf_simple_nav,${MBF_SIMPLE_SERVER_NODE}
mbf_costmap_nav,move_base_legacy_relay.py
webrtc_ros,ice_server_service.py
oxford_gps_eth,${PROJECT_NAME}_gps_node
asr_mild_navigation,navigation_files_node
visualstates,__init__.py
visualstates,main.py
dataspeed_can_tools,dbc_node
dataspeed_can_tools,dbc_bag
xiaoqiang_freenect_camera,xiaoqiang_freenect_node
kinesis_video_streamer,kinesis_video_streamer
rosaria,RosAria
rb1_base_localization,amcl_resample.py
rb1_base_pad,rb1_base_pad
depthimage_to_laserscan,depthimage_to_laserscan
depthimage_to_laserscan,test_dtl
cob_model_identifier,input_series_twist.py
cob_base_controller_utils,test_publisher_twist_sine.py
cob_base_controller_utils,test_publisher_twist_step.py
cob_cartesian_controller,test_move_circ.py
cob_cartesian_controller,test_move_lin_interface.py
cob_cartesian_controller,test_move_lin.py
cob_cartesian_controller,test_move_santa.py
cob_cartesian_controller,test_move_around_torus.py
cob_cartesian_controller,test_move_circ_interface.py
cob_hardware_emulation,emulation_clock.py
cob_hardware_emulation,emulation_base.py
cob_hardware_emulation,emulation_follow_joint_trajectory.py
cob_twist_controller,test_publisher_twist.py
cob_twist_controller,test_publisher_float_sine_noise.py
cob_twist_controller,test_publisher_twist_sine.py
cob_twist_controller,collect_twist_control_eval_data.py
cob_twist_controller,test_publisher_twist_stamped.py
cob_twist_controller,test_publisher_twist_series.py
cob_twist_controller,test_publisher_vel.py
cob_twist_controller,evaluate_dbg_jnt_velocity_tests.py
cob_frame_tracker,interactive_frame_target.py
cob_obstacle_distance,test_obstacle_publisher_node.py
cob_obstacle_distance,example_obstacle_publisher_node.py
cob_obstacle_distance,test_interactive_obstacle_node.py
cob_base_velocity_smoother,cob_base_velocity_smoother
cob_base_velocity_smoother,velocity_smoother
cob_footprint_observer,footprint_observer
cob_trajectory_controller,cob_trajectory_controller
cob_collision_velocity_filter,collision_velocity_filter
ros1_pytemplate,question_cli.py
ros1_pip_pytemplate,cli.py
ros1_pip_pytemplate,node_proactive.py
ros1_pip_pytemplate,node_reactive.py
task_allocation,auction_action
task_allocation,bid_action
cob_lookat_action,cob_lookat_target_publisher.py
cob_lookat_action,cob_lookat_action_client.py
cob_pick_place_action,cob_place_action_client.py
cob_pick_place_action,cob_multi_pick_place_client.py
cob_pick_place_action,cob_pick_action_client.py
cob_pick_place_action,spawn_grasp_object.py
cob_moveit_interface,reactive_planning_example.py
cob_moveit_interface,load_scene_example.py
cob_moveit_interface,move_group_example.py
cob_obstacle_distance_moveit,test_service_client.py
cob_obstacle_distance_moveit,test_obstacle_publisher.py
cob_obstacle_distance_moveit,test_registration_client.py
cob_grasp_generation,show_grasps_or_client.py
cob_grasp_generation,show_grasps_rviz_server.py
cob_grasp_generation,query_grasps_client.py
cob_grasp_generation,generate_grasps_client.py
cob_grasp_generation,show_grasps_rviz_client.py
cob_grasp_generation,query_grasps_server.py
cob_grasp_generation,show_grasps_or_server.py
cob_grasp_generation,generate_grasps_server.py
leica_point_cloud_processing,node
leica_point_cloud_processing,load_clouds
pheeno_ros,pi_cam_node.py
pheeno_ros,obstacle_avoidance.py
pheeno_ros,random_walk.py
rosflight_utils,rosflight_postprocess
rosflight_utils,viz
rosabridge_server,${PROJECT_NAME}_odom_proxy_node
rosabridge_server,${PROJECT_NAME}_imu_proxy_node
joy_mouse,disable_mouse.py
joy_mouse,mouse.py
joy_mouse,enable_mouse.py
eus_qp,euq_qp_test
cmd_vel_smoother,cmd_vel_smoother
jsk_teleop_joy,vestax_spin2.py
jsk_teleop_joy,akaiLPD8.py
jsk_teleop_joy,spacenav2pose.py
jsk_teleop_joy,midi_write.py
jsk_teleop_joy,nanopad2_joy.py
jsk_teleop_joy,head_control_by_trackball.py
jsk_teleop_joy,nanokontrol_joy.py
jsk_teleop_joy,midi_config_player.py
jsk_teleop_joy,test_joy.py
jsk_teleop_joy,midi_verbose.py
jsk_teleop_joy,nanopad_joy.py
jsk_teleop_joy,joy_main.py
jsk_teleop_joy,lanchpad_mini_joy.py
jsk_teleop_joy,joy_relative_converter.py
jsk_teleop_joy,interactive_midi_config.py
eus_nlopt,nlopt_test
jsk_footstep_controller,stabilizer_watcher.py
jsk_footstep_controller,footstep_visualizer.py
jsk_footstep_controller,foot_contact_monitor.py
jsk_footstep_controller,dump_mocap.py
jsk_footstep_controller,contact_state_error.py
jsk_footstep_controller,stance_phase.py
jsk_ik_server,plot_ik_grid.py
jsk_footstep_planner,pose_array.py
jsk_footstep_planner,transform_footstep_array.py
jsk_footstep_planner,plot_bench.py
jsk_footstep_planner,plane_publisher.py
jsk_footstep_planner,footstep_array_to_bounding_box_array.py
eus_qpoases,example1
jsk_calibration,joint_states_appender.py
velodyne_pointcloud,gen_calibration.py
jointstick,jointstick_setup.py
jointstick,controllers_info.py
jointstick,jointstick.py
jointstick,helper.py
khi_robot_control,main
rt_usb_9axisimu_driver,rt_usb_9axisimu_driver
imu_transformer,imu_transformer_node
imu_processors,imu_integrator
imu_processors,imu_bias_remover
gcloud_speech_utils,example_client.py
gcloud_speech_utils,playback_microphone_audio.py
filters,median_test
filters,transfer_function_test
filters,mean_test
filters,params_test
filters,chain_test
asr_ism,recordViewer
asr_ism,fake_data_publisher
asr_ism,modelViewer
asr_ism,voteViewer
asr_ism,recorder
asr_ism,recognizer
asr_ism,combinatorialTrainer
asr_ism,recordGen
asr_ism,object_configuration_generator
asr_ism,data_merger
asr_ism,data_cleaner
asr_ism,marker_rotator
asr_ism,pose_interpolator
asr_ism,recorded_objects_transformer
asr_ism,rotation_invariant_objects_rotator
ros_introspection,print_packages.py
vigir_pluginlib,vigir_pluginlib_node
vigir_pluginlib_msgs,vigir_pluginlib_msgs_node
rdl_benchmark,rdl_benchmark
rdl_benchmark,${PROJECT_NAME}_kinematics_benchmark
rdl_urdfreader,${PROJECT_NAME}_util
asr_rviz_pose_manager,asr_rviz_pose_manager_node
raspimouse_ros,rtswitches.py
raspimouse_ros,rtmotor.py
raspimouse_ros,rtlightsensors.py
raspimouse_ros,rtbuzzer.py
raspimouse_ros,check_driver_io.py
moveit_ros_benchmarks,moveit_benchmark_statistics.py
moveit_ros_visualization,moveit_joy.py
moveit_setup_assistant,moveit_setup_assistant
moveit_setup_assistant,${PROJECT_NAME}_updater
robot_pose_ekf,wtf.py
navfn,navfn_node
base_local_planner,point_grid
fake_localization,fake_localization
costmap_2d,costmap_2d_markers
costmap_2d,costmap_2d_cloud
costmap_2d,costmap_2d_node
costmap_2d,costmap_tester
costmap_2d,footprint_tests
costmap_2d,obstacle_tests
costmap_2d,static_tests
costmap_2d,inflation_tests
phidgets_high_speed_encoder,phidgets_high_speed_encoder_node
phidgets_imu,phidgets_imu_node
phidgets_ik,phidgets_ik_node
op3_manager,op3_manager
op3_localization,op3_localization
ati_force_torque,${PROJECT_NAME}_config
laser_proc,laser_proc
video_stream_opencv,test_video_resource.py
ram_utils,svg_parser.py
sync_params,sync_params
interactive_marker_twist_server,interactive_marker_twist_server
yocs_joyop,magic_button_relay.py
yocs_ar_pair_approach,approach.py
yocs_virtual_sensor,wall_publisher.py
yocs_virtual_sensor,column_publisher.py
yocs_localization_manager,localization_manager.py
yocs_localization_manager,tracker_manager.py
yocs_waypoint_provider,waypoint_provider
yocs_ar_marker_tracking,testies.py
yocs_navigator,yocs_semantic_navigator_node
mir_navigation,plot_mprim.py
uuv_control_utils,start_circular_trajectory.py
uuv_control_utils,set_thruster_output_efficiency.py
uuv_control_utils,send_waypoint_file.py
uuv_control_utils,apply_body_wrench.py
uuv_control_utils,set_gm_current_perturbation.py
uuv_control_utils,start_helical_trajectory.py
uuv_control_utils,trajectory_marker_publisher.py
uuv_control_utils,set_thruster_state.py
uuv_control_utils,disturbance_manager.py
uuv_control_utils,set_scalar_parameter.py
uuv_control_utils,set_timed_current_perturbation.py
uuv_thruster_manager,thruster_allocator.py
uuv_control_cascaded_pid,PositionControl.py
uuv_control_cascaded_pid,PositionControlUnderactuated.py
uuv_control_cascaded_pid,VelocityControl.py
uuv_control_cascaded_pid,AccelerationControl.py
uuv_trajectory_control,rov_nl_pid_controller.py
uuv_trajectory_control,rov_pd_grav_compensation_controller.py
uuv_trajectory_control,rov_nmb_sm_controller.py
uuv_trajectory_control,rov_mb_sm_controller.py
uuv_trajectory_control,rov_sf_controller.py
uuv_trajectory_control,rov_pid_controller.py
uuv_trajectory_control,rov_mb_fl_controller.py
uuv_trajectory_control,demo_wp_trajectory_generator.py
uuv_trajectory_control,rov_ua_pid_controller.py
uuv_trajectory_control,auv_geometric_tracking_controller.py
uuv_tutorial_dp_controller,tutorial_dp_controller.py
uuv_assistants,set_simulation_timer.py
uuv_assistants,publish_world_models.py
uuv_assistants,unpause_simulation.py
uuv_assistants,publish_footprints.py
uuv_assistants,publish_vehicle_footprint.py
uuv_teleop,vehicle_keyboard_teleop.py
uuv_teleop,vehicle_teleop.py
uuv_teleop,finned_uuv_teleop.py
image_rotate,image_rotate_exe
camera_calibration,tarfile_calibration.py
stereo_image_proc,stereoimageproc_exe
image_proc,image_proc_exe
image_publisher,image_publisher_exe
asr_mild_base_fake_driving,asr_mild_base_fake_driving
gencpp,gen_cpp.py
rbcar_pad,rbcar_pad_node
rbcar_navigation,rbcar_navigation_node
rbcar_localization,rbcar_localization_node
ypspur_ros,ypspur_ros
ypspur_ros,joint_tf_publisher
ypspur_ros,joint_position_to_joint_trajectory
dataspeed_ulc_can,speed_square_wave.py
dataspeed_ulc_can,speed_sine_wave.py
md49_base_controller,base_controller_node
md49_base_controller,md49_base_controller
md49_serialport,serialport_node
cis_camera,camera_node
cis_camera,pcl_example
rr_openrover_driver,diagnostics.py
rr_control_input_manager,control_input_manager.py
rr_control_input_manager,xbox_mapper.py
rr_rover_zero_driver,rover_zero.py
visp_tracker,tf_localization.py
visp_bridge,${PROJECT_NAME}_convert_camera_parameters
cob_default_robot_behavior,trigger_srvs.py
gpsd_client,gpsd_client
topic_proxy,server
topic_proxy,client
blob_test,publisher
blob_test,subscriber
blob,blob_node
summit_xl_localization,odom_to_pose_rpy.py
summit_xl_localization,imu_quat_to_rpy.py
summit_xl_localization,test.py
summit_xl_pad,summit_xl_pad
rocon_interactions,tutorial_markers.py
rocon_interactions,interactions_manager.py
rocon_python_comms,connection_cache.py
rocon_master_info,master.py
libcreate,${EXAMPLE}
libcreate,${LIBCREATE_TEST}
raspicat,buzzer.py
smartek_camera,smartek_camera_node
summit_x_robot_control,summit_x_robot_control
summit_x_robot_control,summit_x_robot_control_vrep
fanuc_grinding_path_planning,fanuc_grinding_path_planning
fanuc_grinding_post_processor,fanuc_grinding_post_processor
fanuc_grinding_comparison,fanuc_grinding_comparison
fanuc_grinding_alignment,fanuc_grinding_alignment
fanuc_grinding_scanning,fanuc_grinding_scanning
fanuc_grinding_publish_meshfile,fanuc_grinding_publish_meshfile
teb_local_planner_tutorials,publish_dynamic_obstacle.py
teb_local_planner_tutorials,visualize_velocity_profile.py
teb_local_planner_tutorials,publish_viapoints.py
teb_local_planner_tutorials,publish_ground_truth_obstacles.py
teb_local_planner_tutorials,publish_test_obstacles.py
teb_local_planner_tutorials,cmd_vel_to_ackermann_drive.py
teb_local_planner_tutorials,move_obstacle.py
teb_local_planner_tutorials,export_to_mat.py
teb_local_planner_tutorials,export_to_svg.py
teb_local_planner_tutorials,visualize_obstacle_velocity_profile.py
pr2eus_tutorials,start_laser.py
raspigibbon_master_slave,master_joint_state.py
raspigibbon_master_slave,slave_joint_state.py
raspigibbon_utils,hand_rest.py
raspigibbon_utils,read_eef.py
raspigibbon_utils,torque_off.py
raspigibbon_utils,open_hand.py
pioneer_bringup,pioneer_bringup_node
actionlib_msgs,genaction.py
thormang3_imu_3dm_gx4,thormang3_imu_3dm_gx4
simple_grasping,pick_and_place.py
jpeg_streamer,jpeg_streamer_node
jpeg_streamer,jpeg_streamer
uvc_camera,uvc_camera_node
uvc_camera,uvc_camera_node
uvc_camera,uvc_stereo_node
dsr_control,dsr_control_node
dsr_launcher,dmodel_melodic.py
dsr_launcher,dmodel_noetic.py
dsr_launcher,dmodel_kinetic.py
humanoid_planner_2d,sbpl_2d_planner_node
footstep_planner,corrected_initialpose.py
footstep_planner,plan_footsteps.py
humanoid_localization,localization_node
romeo_gazebo_plugin,convertTrajMsg.py
nao_gazebo_plugin,convertTrajMsg.py
trac_ik_examples,ik_tests
trac_ik_python,test_pkg.py
trac_ik_python,test_wrapper.py
uos_diffdrive_teleop,uos_diffdrive_teleop_cyborgevo
uos_diffdrive_teleop,uos_diffdrive_teleop_ps3joy
uos_diffdrive_teleop,uos_diffdrive_teleop_key
uos_diffdrive_teleop,uos_diffdrive_teleop_wiimote
rotunit_snapshotter,rotunit_snapshotter
uos_freespace,uos_freespace
battery_guard,battery_guard.py
rgbd_rosbag_tools,add_pointclouds_to_bagfile.py
gravity_compensation,gravity_compensation_node
force_torque_sensor_calib,ft_calib_node
ros_madplay_player,ros_madplay_player
ros_mpg321_player,ros_mpg321_player
cv_camera,cv_camera_node
swri_profiler_tools,profiler
gazebo_plugins,set_pose.py
gazebo_plugins,test_range.py
gazebo_plugins,set_wrench.py
asr_state_machine,missing_object_scenario_node
vigir_foot_pose_transformer,foot_pose_transformer_node
vigir_pattern_generator,pattern_generator_node
vigir_global_footstep_planner,global_footstep_planner_node
vigir_footstep_planner,corrected_initialpose.py
vigir_footstep_planner,plan_footsteps.py
vigir_feet_pose_generator,feet_pose_generator_node
vigir_footstep_planning_default_plugins,footstep_planning_plugins_node
vigir_walk_monitor,walk_monitor_node
vigir_walk_monitor,walk_analyzer_node
realsense_camera,get_debug_info
realsense_camera,tests_camera_core
realsense_camera,tests_rgbd_topics
hironx_ros_bridge,acceptancetest_hironx.py
hironx_ros_bridge,hand_joint_state_publisher.py
hironx_ros_bridge,hironx.py
rc_cloud_accumulator,rc_cloud_accumulator
laptop_battery_monitor,laptop_battery.py
libsensors_monitor,libsensors_monitor
thormang3_action_editor,thormang3_action_editor
thormang3_offset_tuner_server,thormang3_offset_tuner_server_node
msp,fcu_test
msp,fcu_motors
msp,fcu_custom_type
msp,client_async_test
msp,client_read_test
msp,value_test
msp,bytevector_test
bvh_broadcaster,bvh_broadcaster.py
log_view,log_viewer
tf_tools,tf_logger
tf_tools,tf_filter
tf_tools,apply_tf_to_odom_msg
bag_tools,bag_add_time_offset.py
bag_tools,add_header_time_offset.py
bag_tools,check_delay.py
bag_tools,change_frame_id.py
bag_tools,camera_info_parser.py
bag_tools,make_video.py
bag_tools,replace_msg_time_with_hdr.py
bag_tools,cut.py
bag_tools,extract_topics.py
bag_tools,merge.py
bag_tools,gps_to_std_gt.py
bag_tools,check_drop.py
bag_tools,stereo_sequence_publisher.py
bag_tools,change_topics.py
bag_tools,change_camera_info_folder.py
bag_tools,batch_process.py
bag_tools,plot.py
bag_tools,image_sequence_publisher.py
bag_tools,remove_tf.py
bag_tools,transform_tf.py
bag_tools,change_camera_info.py
pointcloud_tools,pointcloud_mapper
pointcloud_tools,pointcloud_mapper_for_slam
pointcloud_tools,pointcloud_filtering
pointcloud_tools,pcd_publisher
pointcloud_tools,pointcloud_viewer
pointcloud_tools,pointcloud_to_webgl
rgbd_depth_correction,depth_calibration
target_finder,target_gen
target_finder,call_service
target_finder,dual_call_service
target_finder,target_locator_srv
target_finder,stereo_locator_srv
target_finder,stereo_pose_stats
industrial_extrinsic_cal,camera_observer_scene_trigger
industrial_extrinsic_cal,manual_calt_adjust
industrial_extrinsic_cal,mutable_joint_state_publisher
industrial_extrinsic_cal,ros_robot_trigger_action_service
industrial_extrinsic_cal,service_node
industrial_extrinsic_cal,trigger_service
industrial_extrinsic_cal,range_excal
industrial_extrinsic_cal,rangeNmono
industrial_extrinsic_cal,target_display
industrial_extrinsic_cal,wrist_cal_srv
industrial_extrinsic_cal,stereo_cal_srv
industrial_extrinsic_cal,check_visible
caljob_creator,caljob_creator_node
caljob_creator,joint_traj_node
intrinsic_cal,rail_ical
intrinsic_cal,robocyl_ical
intrinsic_cal,robocyl_vcal
intrinsic_cal,robocyl_scal
intrinsic_cal,robocyl_ical_8D
intrinsic_cal,robot_ical
intrinsic_cal,ical_srv
stand_alone_gui,ical_gui
power_monitor,power_monitor
pr2_power_board,test_power.py
pr2_power_board,fake_powerboard.py
clock_relay,clock_relay_node
tf2_relay,tf2_relay_node
message_relay,generate_relay_factory.py
message_relay,generate_message_processors.py
ira_laser_tools,laser_merger_node
ira_laser_tools,laserscan_multi_merger
ira_laser_tools,laserscan_virtualizer
open_manipulator_p_teleop,open_manipulator_p_teleop_keyboard
open_manipulator_p_teleop,open_manipulator_p_teleop_joystick
open_manipulator_p_control_gui,open_manipulator_p_control_gui
swri_console,console_generator.py
rtabmap_ros,netvlad_tf_ros.py
rtabmap_ros,wifi_signal_pub.py
rtabmap_ros,assemble_local_grids.py
rtabmap_ros,point_to_tf.py
rtabmap_ros,objects_to_tags.py
rtabmap_ros,patrol.py
rtabmap_ros,transform_to_tf.py
rtabmap_ros,yaml_to_camera_info.py
asr_cyberglove_lib,gloveServer_node
volta_teleoperator,volta_joy_teleop_node
pso,TestPso
micros_swarm_stage,rand_world
test_statistic,app1_statistic
test_statistic,app2_statistic
test_statistic,app3_statistic
test_statistic,uav_statistic
test_statistic,test_pso
udp_bc_broker,test_send
udp_bc_broker,test_recv
opensplice_dds_broker,pub
opensplice_dds_broker,sub
webots_ros,ros_python.py
webots_ros,webots_launcher.py
webots_ros,ros_controller.py
pr2_run_stop_auto_restart,run_stop_auto_restart
pr2_ethercat,test_halt.py
pr2_ethercat,reset_motors.py
pr2_ethercat,publish_trace.py
pr2_ethercat,halt_motors.py
pr2_bringup,calibrate_pr2.py
pr2_bringup,calibrate.py
pr2_computer_monitor,wifi_monitor.py
pr2_computer_monitor,ntp_monitor.py
pr2_computer_monitor,cpu_monitor.py
pr2_computer_monitor,hd_monitor.py
pr2_computer_monitor,nvidia_temp.py
imu_monitor,imu_monitor.py
pr2_camera_synchronizer,plot_multi_trigger.py
hrpsys_ros_bridge,motor_states.py
hrpsys_ros_bridge,emergence_stop.py
hrpsys_ros_bridge,controller_config_converter.py
hrpsys_ros_bridge,hrpsys_profile.py
hrpsys_ros_bridge,collision_state.py
hrpsys_ros_bridge,diagnostics.py
hrpsys_ros_bridge,sensor_ros_bridge_connect.py
hrpsys_ros_bridge,hrpsys-bridge-connect.py
hrpsys_ros_bridge,hrpsys_seq_state_ros_bridge_tf_relay_for_test.py
openrtm_tools,rtmlaunch.py
hrpsys_tools,hrpsys_tools_config.py
rosnode_rtc,rtmros-data-bridge.py
rtmbuild,idl2srv.py
mrpt1,bootstrap_new_lib.py
mrpt1,decimate_ground_truth.py
feed_the_troll,param_feeder.py
feed_the_troll,demo_reconfiguration_client.py
feed_the_troll,reconfiguration_server.py
feed_the_troll,demo_param_server.py
octomap_server,octomap_eraser_cli.py
wge100_camera,wge100_camera_node
wge100_camera,access_register
wge100_camera,set_calibration
wge100_camera,set_name
wge100_camera,reconfigure_cam
wge100_camera,reset_cam
wge100_camera,upload_mcs
wge100_camera,discover
wge100_camera,check_flash
wge100_camera,read_all_flash
wge100_camera,wge100_sim
wge100_camera,stress_discover
polled_camera,poller
image_transport,republish
image_transport,list_transports
image_transport_tutorial,my_publisher
image_transport_tutorial,my_subscriber
camera_info_manager,unit_test
camera_calibration_parsers,convert
visp_ros,${PROJECT_NAME}_biclops_node
visp_ros,${PROJECT_NAME}_afma6_node
visp_ros,${PROJECT_NAME}_viper650_node
visp_ros,${PROJECT_NAME}_viper850_node
visp_ros,${PROJECT_NAME}_blob_tracker_node
visp_ros,${PROJECT_NAME}_pbvs_blob_node
visp_ros,${PROJECT_NAME}_bebop2_visual_servo_node
visp_ros,tutorial-franka-real-ibvs-apriltag
visp_ros,tutorial-franka-real-pbvs-apriltag
visp_ros,tutorial-franka-real-joint-impedance-control
visp_ros,tutorial-franka-coppeliasim-ibvs-apriltag
visp_ros,tutorial-franka-coppeliasim-pbvs-apriltag
visp_ros,tutorial-franka-coppeliasim-dual-arm
visp_ros,tutorial-franka-coppeliasim-joint-impedance-control
visp_ros,tutorial-franka-coppeliasim-cartesian-impedance-control
visp_ros,test-vel
op3_demo,op_demo_node
op3_demo,self_test_node
costmap_cspace,costmap_3d
costmap_cspace,laserscan_to_map
costmap_cspace,pointcloud2_to_map
costmap_cspace,largemap_to_map
obj_to_pointcloud,obj_to_pointcloud
trajectory_tracker,trajectory_tracker
trajectory_tracker,trajectory_recorder
trajectory_tracker,trajectory_saver
trajectory_tracker,trajectory_server
map_organizer,pointcloud_to_maps
map_organizer,tie_maps
map_organizer,save_maps
map_organizer,select_map
map_organizer,pose_transform
planner_cspace,dummy_robot
planner_cspace,patrol
joystick_interrupt,joystick_interrupt
joystick_interrupt,joystick_mux
track_odometry,track_odometry
track_odometry,tf_projection
safety_limiter,safety_limiter
roch_follower,switch.py
pioneer_mrs,algorithm.py
pioneer_mrs,teleop.py
adi_driver,adis16470_node
adi_driver,adis16495_node
adi_driver,adxl345_node
dynpick_driver,dynpick_driver_node
dynpick_driver,dynpick_com_tester
pilz_control,robot_mock
pilz_status_indicator_rqt,demo.py
genlisp,gen_lisp.py
frontier_exploration,explore_server
frontier_exploration,explore_client
turtlesim,turtlesim_node
turtlesim,turtle_teleop_key
turtlesim,draw_square
turtlesim,mimic
roscpp_tutorials,${T}
roscpp_tutorials,time_api_sleep
asr_lib_pose_prediction_ism,pose_prediction_test
basler_tof,basler_tof_node
earth_rover_localization,debug_rtk_quality.py
earth_rover_localization,get_first_RTK.py
earth_rover_localization,sbp_logger.py
earth_rover_localization,visual_odometry_transform.py
earth_rover_localization,sbp_arbitrator.py
earth_rover_localization,sbp_arbitrator_no_latency.py
earth_rover_localization,wait_RTK_fix.py
earth_rover_localization,imu_transform.py
mrpt_map,map_server_node
mrpt_tutorials,mrpt_tutorials_node
mrpt_reactivenav2d,mrpt_reactivenav2d_node
robotiq_ft_sensor,rq_sensor
robotiq_ft_sensor,rq_test_sensor
robotiq_3f_gripper_joint_state_publisher,robotiq_3f_gripper_joint_states
leica_gazebo_simulation,publish_tf.py
leica_gazebo_simulation,move_c5_pan.py
nao_description,test_cam_transform.py
nao_apps,test_footsteps.py
nao_apps,test_joint_angles.py
pr2_gazebo,pr2_fingertip_pressure_contact_translator.py
pr2_gazebo,pr2_simulate_torso_spring.py
sicktoolbox,ld_config
sicktoolbox,ld_more_config
sicktoolbox,ld_multi_sector
sicktoolbox,ld_single_sector
sicktoolbox,lms1xx_simple_app
sicktoolbox,lms2xx_config
sicktoolbox,lms2xx_mean_values
sicktoolbox,lms2xx_partial_scan
sicktoolbox,lms2xx_real_time_indices
sicktoolbox,lms2xx_set_variant
sicktoolbox,lms2xx_simple_app
sicktoolbox,lms2xx_stream_range_and_reflect
sicktoolbox,lms2xx_subrange
microstrain_3dmgx2_imu,imu_node
microstrain_3dmgx2_imu,get_id
class_loader,class_loader_headers_update.py
laser_filters,scan_to_cloud_filter_chain
laser_filters,scan_to_scan_filter_chain
laser_filters,generic_laser_filter_node
laser_filters,test_scan_filter_chain
tuw_marker_server,tuw_marker_server_node
tuw_marker_noise,tuw_marker_noise_node
robot_localization,ekf_localization_node
robot_localization,ukf_localization_node
robot_localization,navsat_transform_node
robot_localization,robot_localization_listener_node
robot_localization,test_ros_robot_localization_listener_publisher
interactive_markers,server_test
interactive_markers,client_test
interactive_markers,server_client_test
interactive_markers,bursty_tf
interactive_markers,missing_tf
denso_controller,example
denso_controller,main
denso_ros_control,denso_ros_control_node
denso_ros_control,denso_ros_control
vs060,publish_simple_scene.py
vs060,irex_demo_noteaching.py
vs060,irex_demo.py
vs060,moveit_canceler.py
tf2_web_republisher,tf2_web_republisher
declination,${PROJECT_NAME}_apply_to_imu
costmap_converter,standalone_converter
asr_ros_uri,asr_ros_uri
ueye,camera
ueye,stereo
ueye,framerate
packml_ros,packml_ros_node
mrpt_bridge,test_Bridge
cartographer_ros,tf_remove_frames.py
kdl_parser,check_kdl_parser
tf,python_benchmark.py
tf,bullet_migration_sed.py
indoor_positioning,ips_map.py
indoor_positioning,positioning_plus.py
indoor_positioning,positioning.py
indoor_positioning,receiver.py
rocon_service_pair_msgs,genpair.py
rviz,choose-master.py
sr_movements,sr_movements
sr_grasp_fast_planner,sr_fast_grasp_node
strain_gauge_calibration,__init__.py
strain_gauge_calibration,calib_strain_gauges.py
sns_ik_examples,all_ik_tests
timesync,example
vigir_step_control,step_controller_node
rail_segmentation,continuous_segmenter
multiwii,multiwii_node
node_manager_fkie,remote_nm.py
node_manager_fkie,reduced_nm.py
franka_example_controllers,dual_arm_interactive_marker.py
franka_example_controllers,interactive_marker.py
franka_example_controllers,move_to_start.py
raspigibbon_bringup,raspigibbon_joint_subscriber.py
raspigibbon_bringup,raspigibbon_joint_publisher.py
raspigibbon_bringup,rviz_joint_subscriber.py
raspigibbon_bringup,rviz_joint_publisher.py
futaba_serial_servo,futaba_serial_servo_node
raspigibbon_description,rviz_joint_fixer.py
gennodejs,gen_nodejs.py
nextage_gazebo,go_initial.py
nextage_description,nextage_description_node
ethercat_hardware,motorconf
fingertip_pressure,sensor_info.py
fingertip_pressure,sphere_viz.py
fingertip_pressure,rectangle_viz.py
fingertip_pressure,sim_sensor.py
fetch_calibration,camera_reconfigure.py
fetch_teleop,gripper_keyboard.py
fetch_teleop,tuck_arm.py
fetch_navigation,tilt_head.py
edrone_client,edroneclient
edrone_client,edroneswarm
edrone_client,edronecam
edrone_server,data_via_rosservice.py
edrone_server,drone_teleop.py
iirob_filters,kalman_test
wts_driver,wts_driver_node
ipa_3d_fov_visualization,ipa_3d_fov_visualization
cob_object_detection_visualizer,object_detection_visualizer
interactive_marker_proxy,interactive_marker_proxy
dmu_ros,dmu_node
dmu_ros,simulation_node
dmu_ros,delta_computations
robot_state_publisher,robot_state_publisher
robot_state_publisher,state_publisher
lpms_imu,lpms_imu_node
world_canvas_client_examples,test_annotation_collection
robot_pose_publisher,robot_pose_publisher
move_base_to_manip,move_base_to_manip
rviz_visual_tools,${PROJECT_NAME}_demo
rviz_visual_tools,imarker_simple_demo
move_basic,move_patterns.py
movie_publisher,merge.py
moveit_python,remove_objects.py
moveit_python,dump_planning_scene.py
moveit_python,load_planning_scene.py
moveit_python,add_box.py
moveit_python,list_objects.py
moveit_python,attach_box.py
convex_decomposition,convex_decomposition
pr2_2dnav_slam,example
pr2_2dnav_local,example
pr2_2dnav,example
infinisoleil,fx8_node
dialogflow_ros,hotword_dialogflow.py
dialogflow_ros,audio_server.py
dialogflow_ros,detect_intent_service.py
dialogflow_ros,mic_client.py
dialogflow_ros,google_client.py
thingmagic_usbpro,__init__.py
thingmagic_usbpro,tm_usbpro.py
rosunit,clean_junit_xml.py
rosunit,check_test_ran.py
rosunit,test_results_dir.py
rosunit,summarize_results.py
rosunit,pycoverage_to_html.py
rosbash,rosfindpath.py
open_manipulator_p_gazebo,omp_gripper_sub_publisher
fsrobo_r_driver,ik_proxy.py
fsrobo_r_driver,force_publisher.py
fsrobo_r_driver,hand_test.py
fsrobo_r_driver,force_observer.py
fsrobo_r_driver,ik_service.py
fsrobo_r_driver,io_gripper_action.py
fsrobo_r_driver,scene_test.py
gd_msgs,startup_parameters.py
wire_tutorials,get_world_state
wire_tutorials,generate_evidence
problib,problib_test
wire_viz,visualization
wire_core,wire_server
wire_core,dummy_publisher
rcll_ros_msgs,rcll_ros_msgs_node
lslidar_c16_decoder,Test_MultiChannel.py
um7,um7_driver
asr_relation_graph_generator,Tester
um6,um6_driver
rbcar_joystick,rbcar_joystick_node
rbcar_robot_control,rbcar_robot_control_node
lkh_solver,lkh_solver
glkh_solver,glkh_solver
glkh_solver,glkh_exp_solver
glkh_solver,glkh_check_solver
ackermann_controller,ackermann_controller_node
laser_joint_processor,example
laser_joint_processor,laser_joint_processor_node
pr2_calibration_launch,pr2_fk_ref
laser_joint_projector,example
laser_joint_projector,laser_joint_projector_node
laser_joint_projector,keyboard_float_generator
laser_joint_projector,time_alignment_node
dense_laser_assembler,assembler_node.py
dense_laser_assembler,laser_image_node.py
pr2_dense_laser_snapshotter,dense_laser_snapshotter
calibration_launch,capture_exec.py
calibration_launch,urdf_pub.py
interval_intersection,interval_intersection_node
interval_intersection,interval_intersection_action
monocam_settler,monocam_settler_action
image_cb_detector,image_cb_detector_action
image_cb_detector,rgbd_cb_detector_action
image_cb_detector,image_annotator
laser_cb_detector,laser_cb_detector_node
laser_cb_detector,laser_interval_calc_node
calibration_setup_helper,calibration_setup_helper.py
joint_states_settler,joint_states_settler_action
joint_states_settler,view_interval
health_metric_collector,health_metric_collector
crazyflie_description,crazyflie_description_node
crazyflie_demo,publish_external_pose_vicon.py
crazyflie_demo,demo1.py
crazyflie_demo,demo2.py
crazyflie_demo,const_thrust.py
crazyflie_demo,Position.py
crazyflie_demo,controller.py
crazyflie_demo,uav_trajectory.py
crazyflie_demo,execute_trajectory.py
crazyflie_demo,publish_external_position_vrpn.py
crazyflie_demo,publish_pose_teleop.py
crazyflie_demo,demo.py
crazyflie_demo,crazyflie.py
crazyflie_demo,Hover.py
crazyflie_demo,test_high_level.py
crazyflie_demo,publish_pose.py
crazyflie_demo,publish_external_position_vicon.py
hebiros,hebiros_node
hebiros_basic_examples,example_01_lookup_node
hebiros_basic_examples,example_02_feedback_node
hebiros_basic_examples,example_03_command_node
hebiros_basic_examples,example_04_trajectory_node
hebiros_basic_examples,example_05_kinematics_node
hebiros_advanced_examples,example_set_gains_node
hebiros_advanced_examples,example_rviz_node
hebiros_advanced_examples,example_moveit_node
hebiros_advanced_examples,example_gazebo_node
hebiros_advanced_examples,example_mobile_robot_node
hebiros_advanced_examples,example_omnibase_free_roam
hebiros_advanced_examples,example_omnibase_odometry
optris_drivers,optris_imager_node
optris_drivers,optris_colorconvert_node
optris_drivers,optris_binary_image_node
kvh,dsp3000
find_moving_objects,laserscan_interpreter_node
find_moving_objects,laserscanarray_interpreter_node
find_moving_objects,pointcloud2_interpreter_node
find_moving_objects,pointcloud2array_interpreter_node
find_moving_objects,moving_objects_confidence_enhancer_node
find_moving_objects,example_frame_broadcaster_node
find_moving_objects,example_d435_voxel_echoer_node
find_moving_objects,example_rplidar_echoer_node
find_moving_objects,moving_objects_echoer_node
genrs,gen_rs.py
asr_navfn,navfn_node
bta_tof_driver,bta_tof_driver_node
bta_tof_driver,sensor2d_node
controller_manager_tests,dummy_app
controller_manager_tests,cm_test
combined_robot_hw_tests,combined_robot_hw_dummy_app
pid,controller
pid,plant_sim
pid,setpoint_node
pid,sim_time
pid,autotune
semantic_point_annotator,sac_inc_ground_removal_node
pr2_navigation_self_filter,test_filter
pr2_navigation_self_filter,self_filter
pr2_move_base,pr2_move_base.py
diff_drive_controller,diffbot
diff_drive_controller,skidsteerbot
joint_trajectory_controller,rrbot
joint_trajectory_controller,rrbot_wrapping
ackermann_steering_controller,${PROJECT_NAME}_ackermann_steering_bot
four_wheel_steering_controller,four_wheel_steering
graph_msgs,graph_msgs_node
mynt_eye_ros_wrapper,get_device_info.py
lyap_control,lyap_control_node
lyap_control,controller
lyap_control,first_order_plant
lyap_control,second_order_plant
gmapping,slam_gmapping
gmapping,slam_gmapping_replay
gmapping,gmapping-rtest
ainstein_radar_filters,radar_target_array_speed_filter_node
ainstein_radar_filters,radar_target_array_to_point_cloud_node
ainstein_radar_filters,radar_target_array_to_laser_scan_node
ainstein_radar_filters,nearest_target_filter_node
ainstein_radar_filters,tracking_filter_node
ainstein_radar_filters,tracking_filter_cartesian_node
ainstein_radar_filters,radar_passthrough_filter_node
ainstein_radar_filters,radar_combine_filter_node
ainstein_radar_filters,point_cloud_debug_node
ainstein_radar_tools,rosbag_convert_radar_data.py
ainstein_radar_drivers,t79_gui.py
tuw_uvc,general_node
tuw_uvc,logitech_node
tuw_uvc,logitech_sphere_node
tuw_uvc,logitech_c920_node
tuw_uvc,wide_angle_node
tuw_uvc,update_dynamic_reconfigure
ntpd_driver,shm_driver
slam_karto,slam_karto
sainsmart_relay_usb,${PROJECT_NAME}_list
vigir_footstep_planning_msgs,vigir_footstep_planning_msgs_node
cartographer,update_configuration_doc.py
handle_detector,${PROJECT_NAME}_localization
handle_detector,${PROJECT_NAME}_importance_sampling
dnn_detect,dnn_detect
codec_image_transport,h264_image_transport_node
asr_fake_object_recognition,asr_fake_object_recognition
crane_x7_examples,obstacle_avoidance_example.py
crane_x7_examples,gripper_action_example.py
crane_x7_examples,preset_pid_gain_example.py
crane_x7_examples,cartesian_path_example.py
crane_x7_examples,joystick_example.py
crane_x7_examples,teaching_example.py
crane_x7_examples,obstacle_client.py
crane_x7_examples,crane_x7_pick_and_place_demo.py
crane_x7_examples,joint_values_example.py
crane_x7_examples,servo_info_example.py
crane_x7_examples,pose_groupstate_example.py
crane_x7_examples,pick_and_place_in_gazebo_example.py
crane_x7_control,preset_reconfigure.py
asr_mild_kinematic_chain,kinematic_chain_mild_node
turtle_tf2,turtle_tf2_broadcaster
turtle_tf2,turtle_tf2_listener
turtle_tf2,turtle_tf2_message_filter
turtle_tf,turtle_tf_broadcaster
turtle_tf,turtle_tf_listener
turtle_tf,turtle_tf_message_filter
turtle_tf,turtle_tf_listener_debug
control_toolbox,tune_pid.py
magni_teleop,magni_nav_node
magni_bringup,magni_info.py
magni_bringup,pkg_version.py
magni_bringup,launch_core.py
magni_description,magni_description_node
sick_scan,pcl_converter
ensenso,snapshooter.py
ensenso,snapshot_to_bag.py
force_torque_sensor,calibrate_tool.py
force_torque_sensor,calculate_offsets.py
stdr_server,stdr_server_node
stdr_server,load_map
stdr_robot,robot_handler
seed_r7_samples,__init__.py
seed_r7_samples,demo.py
seed_r7_navigation,__init__.py
seed_r7_navigation,dummy_scan.py
seed_r7_ros_controller,seed_r7_ros_controller
seed_r7_bringup,make_udev_install.py
thormang3_demo,thormang3_demo
thormang3_action_script_player,thormang3_action_script_player
thormang3_offset_tuner_client,thormang3_offset_tuner_client
asr_intermediate_object_generator,asr_intermediate_object_generator
people_velocity_tracker,tracker.py
people_velocity_tracker,static.py
people_tracking_filter,people_tracker
face_detector,face_detector_action_client.py
vtec_tracker,ibgho_tracker_node
vtec_tracker,unified_tracker_node
vtec_tracker,keyboard_control
sr_utilities,__init__.py
sr_utilities,ordered_position_joint_states_merger.py
sr_utilities,ordered_target_joint_states_merger.py
sr_utilities,joint_states_merger.py
sr_utilities,moving_average_filter.py
sr_utilities,joint_0_publisher.py
sr_utilities,interactive_marker.py
sr_utilities,get_joint_states.py
sr_utilities,ordered_hand_arm_joint_states_merger.py
sr_mechanism_controllers,joint_trajectory_action_controller
sr_mechanism_controllers,joint_spline_trajectory_action_controller
sr_mechanism_controllers,simple_spline_trajectory
sr_mechanism_controllers,simple_trajectory
sr_mechanism_controllers,simple_trajectory_compare
vigir_generic_params,vigir_generic_params_node
hector_map_tools,hector_map_tools_node
hector_geotiff_plugins,hector_geotiff_node
hector_compressed_map_transport,map_to_image_node
hector_marker_drawing,hector_marker_drawing_node
hector_slam_launch,hector_slam_launch_node
hector_nav_msgs,hector_nav_msgs_node
hector_map_server,hector_map_server
hector_trajectory_server,hector_trajectory_server
hector_imu_attitude_to_tf,imu_attitude_to_tf_node
hector_geotiff,geotiff_saver
hector_geotiff,geotiff_node
hector_imu_tools,pose_and_orientation_to_imu_node
haf_grasping,calc_grasppoints_svm_node
haf_grasping,calc_grasppoints
haf_grasping,calc_grasppoints_action_server
haf_grasping,calc_grasppoints_action_client
pcl_ros,pcd_to_pointcloud
pcl_ros,pointcloud_to_pcd
pcl_ros,bag_to_pcd
pcl_ros,convert_pcd_to_image
pcl_ros,convert_pointcloud_to_image
criutils,tf_transform_broadcaster.py
denso_robot_bringup,update_joint_limits.py
denso_robot_bringup,install_robot_description.py
ouster_driver,ouster_driver
pointgrey_camera_driver,pointgrey_camera_node
pointgrey_camera_driver,pointgrey_stereo_node
pointgrey_camera_driver,pointgrey_list_cameras
interactive_marker_tutorials,simple_marker.py
interactive_marker_tutorials,menu.py
interactive_marker_tutorials,cube.py
interactive_marker_tutorials,basic_controls.py
librviz_tutorial,myviz
rviz_plugin_tutorials,send_test_msgs.py
visualization_marker_tutorials,basic_shapes
visualization_marker_tutorials,points_and_lines
rokubimini_serial,${PROJECT_NAME}_bus_manager_node
rokubimini_ethercat,${PROJECT_NAME}_bus_manager_node
turtlebot3_slam,flat_world_imu_node
robot_self_filter,test_filter
robot_self_filter,self_filter
urg_c,angle_convert_test
urg_c,calculate_xy
urg_c,find_port
urg_c,get_distance
urg_c,get_distance_intensity
urg_c,get_multiecho
urg_c,get_multiecho_intensity
urg_c,reboot_test
urg_c,sensor_parameter
urg_c,sync_time_stamp
urg_c,timeout_test
cloudwatch_metrics_collector,cloudwatch_metrics_collector
brunel_hand_ros,proxy
tuw_geometry,test_point2d.py
genmsg,genmsg_check_deps.py
test_bond,tester.py
test_bond,BondSM_sm.py
tf2_ros,${PROJECT_NAME}_buffer_server
tf2_ros,${PROJECT_NAME}_test_listener
tf2_ros,${PROJECT_NAME}_test_time_reset
tf2_tools,view_frames.py
tf2_sensor_msgs,test_tf2_sensor_msgs_cpp
test_tf2,test_buffer_server
test_tf2,test_buffer_client
test_tf2,test_static_publisher
test_tf2,test_tf2_bullet
tf2_geometry_msgs,test.py
tf2,speed_test
tf2_py,tf2_py_node
tf2_kdl,test.py
ur_description,ur_description_node
tuw_object_rviz,tuw_object_rviz_node
teleop_twist_keyboard_cpp,teleop_twist_keyboard
dynamixel_sdk_examples,read_write_node
dynamixel_sdk_examples,sync_read_write_node
dynamixel_sdk_examples,bulk_read_write_node
dynamixel_sdk_examples,indirect_address_node
rosparam_shortcuts,${PROJECT_NAME}_example
muse_bldc_motor_drive,muse_module_discovery
muse_bldc_motor_drive,muse_module_test
muse_bldc_motor_drive,muse_module_debug_console
muse_bldc_motor_drive,muse_sine_test
muse_bldc_motor_drive,debug_module_app
muse_bldc_motor_drive,debug_console_app
muse_bldc_motor_drive,muse_bldc_motor_drive
muse_bldc_motor_drive,muse_dynamic_reconfigure
muse_bldc_motor_drive,current_demo
openni2_camera,test_wrapper
openni2_camera,usb_reset
simple_navigation_goals_tutorial,simple_navigation_goals
robot_setup_tf_tutorial,tf_broadcaster
robot_setup_tf_tutorial,tf_listener
odometry_publisher_tutorial,odometry_publisher
laser_scan_publisher_tutorial,laser_scan_publisher
point_cloud_publisher_tutorial,point_cloud_publisher
rosbaglive,play.py
easy_markers,interactive_marker_demo.py
easy_markers,std_marker_demo.py
sciurus17_examples,pick_and_place_left_arm_demo.py
sciurus17_examples,gripper_action_example.py
sciurus17_examples,chest_camera_tracking.py
sciurus17_examples,head_camera_tracking.py
sciurus17_examples,preset_pid_gain_example.py
sciurus17_examples,pick_and_place_two_arm_demo.py
sciurus17_examples,neck_joint_trajectory_example.py
sciurus17_examples,depth_camera_tracking.py
sciurus17_examples,box_stacking_example.py
sciurus17_examples,pick_and_place_right_arm_demo.py
sciurus17_examples,control_effort_wrist.py
sciurus17_examples,waist_joint_trajectory_example.py
sciurus17_examples,hand_position_publisher_example.py
sciurus17_control,preset_reconfigure.py
sciurus17_gazebo,initpose_sciurus17.py
naoqi_dcm_driver,${projectName}
velo2cam_calibration,lidar_pattern
velo2cam_calibration,stereo_pattern
velo2cam_calibration,mono_qr_pattern
velo2cam_calibration,velo2cam_calibration
velo2cam_calibration,v2c_plane_segmentation
velo2cam_calibration,v2c_disp_masker
serial,serial_example
myahrs_driver,myahrs_driver
wifi_ddwrt,ddwrt_sim.py
wifi_ddwrt,wanip.py
wifi_ddwrt,ddwrt_config.py
flexbe_app,)
sick_ldmrs_msgs,sick_ldmrs_msgs_node
sick_ldmrs_tools,sick_ldmrs_object_marker
sick_ldmrs_tools,sick_ldmrs_filter_layer
sick_ldmrs_tools,sick_ldmrs_filter_first
sick_ldmrs_tools,sick_ldmrs_filter_last
sick_ldmrs_tools,sick_ldmrs_all_layer_assembler
sick_ldmrs_tools,sick_ldmrs_make_organized
sick_ldmrs_tools,sick_ldmrs_remove_background
sick_ldmrs_tools,sick_ldmrs_print_resolution
mobility_base_tools,urdf_remove_pedestal.py
mobility_base_pointcloud_filter,pointcloud_filter_node
mobility_base_examples,motion_demo.py
agvs_robot_control,agvs_robot_control
turtlebot_bringup,turtlebot_addr.py
realsense_camera,get_debug_info
realsense_camera,tests_camera_core
realsense_camera,tests_rgbd_topics
asr_psm,createPlots.py
asr_psm,xmltopdf.py
asr_psm,simulateMeasurements.py
hector_nist_arena_designer,arena_designer
thormang3_manipulation_demo,thormang3_manipulation_demo
thormang3_walking_demo,thormang3_walking_demo
thormang3_sensors,assemble_laser_node
collada_urdf,urdf_to_collada
collada_urdf,collada_to_urdf
h264_video_encoder,h264_video_encoder
mqtt_bridge,mqtt_bridge_node.py
mqtt_bridge,mqtt_bridge_node_test.py
asr_visualization_server,visualization
moveit_visual_tools,${PROJECT_NAME}_demo
tuw_aruco,aruco_node
tuw_ellipses,ellipses_node
tuw_checkerboard,tuw_checkerboard_node
tuw_checkerboard,tuw_checkerboard_node
rcll_fawkes_sim,rcll_fawkes_sim
rcll_fawkes_sim,fawkes_skiller
rcll_fawkes_sim,fawkes_navgraph
rcll_fawkes_sim,fawkes_navgraph_retriever
rcll_fawkes_sim,rcll_beacon_sender
ivcon,ivcon
open_manipulator_control_gui,open_manipulator_control_gui
open_manipulator_teleop,open_manipulator_teleop_keyboard
open_manipulator_teleop,open_manipulator_teleop_joystick
opencv_apps,face_recognition_trainer.py
rc_tagdetect_client,rc_april_node
rc_tagdetect_client,rc_qr_node
rc_hand_eye_calibration_client,rc_hand_eye_calibration_client_node
rc_pick_client,rc_itempick_client_node
rc_pick_client,rc_boxpick_client_node
ardrone_autonomy,CreateNavdataFormat.py
industrial_robot_client,joint_trajectory_action
pr2_mechanism_model,test_joint_calibration_simulator
pr2_mechanism_diagnostics,pr2_mechanism_diagnostics_node
ps3joy,ps3joy.py
ps3joy,ps3joysim.py
ps3joy,ps3joy_node.py
wiimote,wiimote_test.py
spacenav_node,spacenav_node
joy,joy_node
freenect_camera,freenect_node
sdhlibrary_cpp,${demo_name}
sdhlibrary_cpp,cancat
sdhlibrary_cpp,demo-contact-grasping
ublox_msg_filters,talker.py
ublox_gps,ublox_gps_node
ublox_gps,ublox_logger_node
sound_play,playpackage.py
sound_play,shutup.py
sound_play,say.py
sound_play,soundplay_node.py
sound_play,soundclient_example.py
sound_play,playbuiltin.py
sound_play,play.py
sound_play,test_actionlib_client.py
sound_play,is_speaking.py
sound_play,test.py
audio_play,audio_play
audio_capture,audio_capture
xv_11_laser_driver,xv_11_laser_driver_node
xv_11_laser_driver,neato_laser_publisher
libuvc_camera,camera_node
pr2_teleop,teleop_gripper
pr2_teleop,teleop_pr2
pr2_teleop,teleop_pr2_keyboard
pr2_app_manager,control.py
pr2_position_scripts,head_up.py
pr2_position_scripts,torso_down.py
pr2_position_scripts,torso_up.py
pr2_position_scripts,head_down.py
pr2_mannequin_mode,trajectory_lock.py
pr2_tuckarm,tuck_arms.py
pr2_teleop_general,pr2_teleop_general_joystick
pr2_teleop_general,pr2_teleop_general_keyboard
radar_pa,extract_message.py
radar_pa,radar_pa_node.py
radar_pa,radar2pcd_pa_node.py
asr_calibration_tool_dome,asr_calibration_tool_dome
rostate_machine,rostate_machine_node
asr_cyberglove_visualization,test_glove_fob
asr_cyberglove_visualization,test_glove
asr_cyberglove_visualization,test_fob
rocon_hub,hub.py
rocon_unreliable_experiments,multimaster_experimental_talker
rocon_unreliable_experiments,multimaster_experimental_listener
rocon_unreliable_experiments,multimaster_experimental_listener_unreliable
rocon_gateway_tests,flip_tutorials.py
rocon_gateway_tests,flip_all.py
rocon_gateway_tests,pull_all.py
rocon_gateway_tests,test_flips.py
rocon_gateway_tests,test_advertisements.py
rocon_gateway_tests,test_pulls.py
rocon_gateway_tests,advertise_all.py
rocon_gateway_tests,test_graph.py
rocon_gateway_tests,pull_tutorials.py
rocon_gateway_tests,bench_master_api.py
rocon_gateway_tests,test_connect_hub_by_service.py
rocon_test,talker.py
rocon_test,listener.py
rocon_gateway,gateway.py
rocon_gateway,master_connections.py
multisense_ros,ros_driver
multisense_ros,raw_snapshot
multisense_ros,color_laser_publisher
warehouse_ros,warehouse_test_dbloader
ur_modern_driver,ur_driver
volksbot_driver,volksbot
waypoint_touring,tour.py
waypoint_generator,generator.py
kobuki_node,getOdom2D.py
kobuki_node,getYaw.py
kobuki_auto_docking,getDockIR.py
kobuki_auto_docking,DockDriveActionClient.py
kobuki_auto_docking,DockDriveControl.py
kobuki_testsuite,inf_rotation.py
kobuki_testsuite,test_events.py
kobuki_testsuite,test_input.py
kobuki_testsuite,test_linear_acceleration.py
kobuki_testsuite,test_translation.py
kobuki_testsuite,gyro_perf.py
kobuki_testsuite,test_slow_drive.py
kobuki_testsuite,test_digital_output.py
kobuki_testsuite,test_rotation.py
kobuki_testsuite,test_led_array.py
kobuki_testsuite,test_gyro.py
kobuki_testsuite,scan_angle.py
kobuki_testsuite,test_analog_input.py
kobuki_testsuite,test_output.py
kobuki_testsuite,test_forwardbackward.py
kobuki_testsuite,test_safewandering.py
kobuki_testsuite,test_angular_acceleration.py
kobuki_testsuite,test_sounds.py
kobuki_testsuite,test_battery_voltage.py
kobuki_testsuite,test_motion_forward.py
kobuki_testsuite,test_external_power.py
choreo_task_sequence_external_planner,framefab_task_sequence_external_planner.py
ros_numpy,ros_numpy_node
genjava,genjava_gradle_project.py
turtlebot_arm_bringup,fake_joint_pub.py
turtlebot_arm_kinect_calibration,calibrate_kinect_checkerboard
turtlebot_arm_object_manipulation,object_detection_action_server
turtlebot_arm_object_manipulation,object_interactive_manip_action_server
turtlebot_arm_object_manipulation,object_pick_and_place_action_server
turtlebot_arm_object_manipulation,object_manipulation_test_actions
turtlebot_arm_block_manipulation,block_detection_action_server
turtlebot_arm_block_manipulation,interactive_manipulation_action_server
turtlebot_arm_block_manipulation,pick_and_place_action_server
turtlebot_arm_block_manipulation,block_manipulation
turtlebot_arm_block_manipulation,block_manipulation_actions
turtlebot_arm_block_manipulation,block_manipulation_demo
json_transport,talker_cpp
teraranger_array,teraranger_one
teraranger_array,teraranger_multiflex
teraranger_array,teraranger_evo
theora_image_transport,ogg_saver
agvs_pad,agvs_pad_node
rrt_exploration,getfrontier.py
rrt_exploration,assigner.py
rrt_exploration,filter.py
rrt_exploration,functions.py
rrt_exploration,frontier_opencv_detector.py
ixblue_ins_driver,packets_replayer
schunk_powercube_chain,schunk_powercube_chain
schunk_sdh,schunk_sdh
schunk_sdh,sdh_only
schunk_sdh,dsa_only
rh_p12_rn_manager,rh_p12_rn_manager
rh_p12_rn_description,rviz_rh_pub
rh_p12_rn_gui,rh_p12_rn_gui
rh_p12_rn_gazebo,gazebo_rh_pub
cob_helper_tools,auto_init.py
cob_helper_tools,auto_tools.py
cob_helper_tools,fake_diagnostics.py
cob_helper_tools,fake_driver.py
cob_helper_tools,auto_recover.py
cob_helper_tools,visualize_navigation_goals.py
cob_teleop,${PROJECT_NAME}_keyboard
cob_teleop,keyboard_publisher
cob_teleop,cob_teleop
generic_throttle,generic_throttle_node.py
cob_interactive_teleop,interactive_teleop
cob_monitoring,topic_status_monitor
scenario_test_tools,dummy_behavior.py
scenario_test_tools,example_move_base.py
scenario_test_tools,move_base_success.py
scenario_test_tools,example_test.py
cob_dashboard,cob_dashboard_aggregator.py
omronsentech_camera,grabber
dbw_mkz_can,throttle_thrash.py
dbw_mkz_can,brake_thrash.py
dbw_mkz_can,brake_sweep.py
dbw_mkz_can,throttle_sweep.py
dbw_mkz_can,wheel_counts_per_km.py
dbw_mkz_twist_controller,twist_controller
dbw_mkz_twist_controller,twist_tester
dbw_mkz_joystick_demo,${PROJECT_NAME}_joystick_demo
rr_swiftnav_piksi,swiftnav_piksi_tcp.py
xbot_talker,talker
xbot_talker,request_talker_client
xbot_talker,request_play_client
imu_filter_madgwick,imu_filter_node
pr2_counterbalance_check,cb_check.py
pr2_counterbalance_check,cb_qual_test.py
pr2_motor_diagnostic_tool,example
ros_opcua_impl_python_opcua,ros_actions.py
ros_opcua_impl_python_opcua,ros_topics.py
ros_opcua_impl_python_opcua,ros_services.py
ros_opcua_impl_python_opcua,ros_server.py
ros_opcua_impl_freeopcua,client_node
open_manipulator_gazebo,gripper_sub_publisher
asr_recognizer_prediction_psm,asr_recognizer_prediction_psm
asr_recognizer_prediction_psm,${PROJECT_NAME}_client
asr_recognizer_prediction_psm,psm_node
raspigibbon_gazebo,raspigibbon_gazebo_node
raspigibbon_control,raspberrypigibbon_gazebo_joint_subscriber.py
cob_hand_bridge,cob_hand_node
topic_switch,node_check_switch
realtime_tools,channelecho.py
rosrt,test_publisher
rosrt,test_subscriber
safe_teleop_base,safe_teleop_base
teb_local_planner,publish_dynamic_obstacle.py
teb_local_planner,visualize_velocity_profile.py
teb_local_planner,publish_viapoints.py
teb_local_planner,publish_test_obstacles.py
teb_local_planner,cmd_vel_to_ackermann_drive.py
teb_local_planner,export_to_mat.py
teb_local_planner,export_to_svg.py
osrf_gear,tf2_relay
pr2_head_action,pr2_head_action
pr2_mechanism_controllers,control_base_position_ground_truth.py
pr2_mechanism_controllers,control_laser.py
pr2_mechanism_controllers,pointhead.py
pr2_mechanism_controllers,send_periodic_cmd.py
pr2_mechanism_controllers,send_periodic_cmd_srv.py
pr2_mechanism_controllers,control_base_position.py
pr2_mechanism_controllers,send_laser_traj_cmd_ms2.py
joint_trajectory_action,joint_trajectory_action
pr2_gripper_action,pr2_gripper_action
single_joint_position_action,single_joint_position_action
robot_mechanism_controllers,effort.py
caster_base,${PROJECT_NAME}_socketcan_node
marker_rviz_plugin,send_demo_msgs.py
grid_map_demos,image_publisher.py
zbar_ros,barcode_reader_node
teraranger,evo_thermal.py
teraranger,evo_64px.py
segway_rmp,segway_rmp_node
laser_assembler,laser_scan_assembler_srv
laser_assembler,laser_scan_assembler
laser_assembler,merge_clouds
laser_assembler,point_cloud_assembler_srv
laser_assembler,point_cloud_assembler
laser_assembler,point_cloud2_assembler
laser_assembler,periodic_snapshotter
laser_assembler,dummy_scan_producer
laser_assembler,test_assembler
tuw_vehicle_msgs,tuwr_msgs_node
tuw_geometry_msgs,tuw_geometry_msgs_node
tuw_nav_msgs,tuw_nav_msgs_node
tuw_object_msgs,tuw_object_msgs_node
tuw_airskin_msgs,tuw_airskin_msgs_node
p2os_urdf,p2os_publisher
p2os_urdf,p2os_publisher_3at
p2os_urdf,p2os_publisher_3dx
p2os_teleop,p2os_teleop
shape_reconstruction,toyexample.py
shape_reconstruction,icra16_play_bag.py
oculusprime,oculusprime_node
asr_flock_of_birds,flock_of_birds_server
jsk_perception,check_cascadeclassifier.py
jsk_perception,create_sift_dataset.py
jsk_perception,install_trained_data.py
jsk_perception,train_mask_rcnn.py
jsk_perception,train_fcn.py
jsk_perception,train_ssd.py
jsk_perception,ssd_train_dataset.py
jsk_perception,install_test_data.py
jsk_perception,sklearn_classifier_trainer.py
jsk_perception,create_db_for_feature_based_object_recognition.py
jsk_perception,train_fcn_depth_prediction.py
jsk_perception,install_sample_data.py
jsk_perception,create_bof_dataset.py
jsk_perception,opencv_traindata_rejector.py
jsk_perception,create_mls_correspondence.py
jsk_perception,install_learning_datasets.py
jsk_perception,mls_matlab2opencv.py
imagesift,${exec_name}
jsk_pcl_ros_utils,cloud_on_plane_info.py
jsk_pcl_ros_utils,evaluate_voxel_segmentation_by_gt_box.py
jsk_pcl_ros_utils,xyz_to_screenpoint.py
jsk_pcl_ros_utils,evaluate_box_segmentation_by_gt_box.py
jsk_pcl_ros_utils,install_sample_data.py
sound_classification,noise_saver.py
sound_classification,sound_detector_volume.py
sound_classification,sound_classifier.py
sound_classification,draw_classification_result.py
sound_classification,visualize_dataset.py
sound_classification,sound_saver.py
sound_classification,create_dataset.py
sound_classification,preprocess_gray_image.py
sound_classification,train.py
jsk_recognition_msgs,object_array_publisher.py
jsk_recognition_msgs,save_mesh_server.py
jsk_recognition_msgs,plot_data_to_csv.py
jsk_recognition_msgs,people_pose_array_to_pose_array.py
jsk_recognition_utils,install_font_data.py
jsk_pcl_ros,publish_clicked_point_bbox.py
jsk_pcl_ros,tracking_info.py
jsk_pcl_ros,in_hand_recognition_manager.py
jsk_pcl_ros,plot_gaussian.py
jsk_pcl_ros,detect_graspable_poses_pcabase.py
jsk_pcl_ros,calculate_polygon_from_imu.py
jsk_pcl_ros,tower_detect_viewer_server.py
jsk_pcl_ros,install_trained_data.py
jsk_pcl_ros,tracker_status_info.py
jsk_pcl_ros,plot_depth_error.py
jsk_pcl_ros,plane_time_ensync_for_recognition.py
jsk_pcl_ros,color_histogram_visualizer.py
jsk_pcl_ros,extract_top_polygon_likelihood.py
jsk_pcl_ros,draw_3d_circle.py
jsk_pcl_ros,renew_tracking.py
jsk_pcl_ros,install_sample_data.py
jsk_pcl_ros,color_histogram_publisher.py
jsk_pcl_ros,dump_depth_error.py
jsk_pcl_ros,marker_appender.py
jsk_pcl_ros,test_contact_sensor.py
resized_image_transport,resized_image_client.py
resized_image_transport,rosping_ric.py
audio_to_spectrogram,audio_to_spectrum.py
audio_to_spectrogram,spectrum_plot.py
audio_to_spectrogram,spectrum_to_spectrogram.py
audio_to_spectrogram,audio_amplitude_plot.py
checkerboard_detector,checkerboard_detector
checkerboard_detector,objectdetection_transform_echo
checkerboard_detector,checkerboard_calibration
pheeno_ros_sim,obstacle_avoidance.py
pheeno_ros_sim,pheeno_robot.py
pheeno_ros_sim,random_walk.py
rocon_app_manager,standalone.py
rocon_app_manager,concert_client.py
hector_exploration_node,hector_exploration_node_node
hector_exploration_node,exploration_planner_node
hector_elevation_msgs,hector_elevation_msgs_node
hector_driving_aid_markers,hector_driving_aid_markers_node
hector_costmap,hector_costmap
hector_elevation_visualization,hector_elevation_visualization_node
hector_exploration_planner,hector_exploration_planner_node
hector_exploration_controller,simple_exploration_controller
hector_elevation_mapping,ElevationMappingNode
hector_path_follower,hector_path_follower_node
hector_path_follower,hector_path_follower_node
asr_object_database,asr_object_database
dynamixel_control_hw,dynamixel_control_p1
dynamixel_control_hw,dynamixel_control_p2
pr2_arm_kinematics,pr2_arm_kinematics_node
zivid_samples,sample_capture.py
zivid_samples,sample_capture_assistant.py
zivid_samples,sample_capture_with_settings_from_yml.py
zivid_samples,sample_capture_2d.py
zivid_camera,${SETTINGS_GENERATOR_TARGET_NAME}
zivid_camera,${NODE_NAME}
zivid_camera,${TEST_TARGET_NAME}
urg_node,set_urg_ip.py
nav2d_localizer,localizer
nav2d_navigator,navigator
nav2d_navigator,set_goal_client
nav2d_navigator,explore_client
nav2d_navigator,get_map_client
nav2d_navigator,localize_client
nav2d_remote,remote_joy
nav2d_remote,sim_joy
nav2d_operator,operator
cob_docker_control,multi_station_docker_control.py
cob_docker_control,fake_docking.py
tts,polly_node.py
tts,synthesizer_node.py
tts,voicer.py
tts,tts_node.py
aruco_ros,single
aruco_ros,double
aruco_ros,marker_publisher
depth_sensor_pose,depth_sensor_pose
laserscan_kinect,laserscan_kinect
cliff_detector,cliff_detector
microstrain_mips,set_accel_bias_client
microstrain_mips,get_accel_bias_client
microstrain_mips,set_gyro_bias_client
microstrain_mips,get_gyro_bias_client
microstrain_mips,set_hard_iron_values_client
microstrain_mips,get_hard_iron_values_client
microstrain_mips,device_report_client
microstrain_mips,gyro_bias_capture_client
microstrain_mips,set_soft_iron_matrix_client
microstrain_mips,get_soft_iron_matrix_client
microstrain_mips,set_complementary_filter_client
microstrain_mips,get_complementary_filter_client
microstrain_mips,set_filter_euler_client
microstrain_mips,set_filter_heading_client
microstrain_mips,set_accel_bias_model_client
microstrain_mips,set_accel_adaptive_vals_client
microstrain_mips,set_sensor_vehicle_frame_trans_client
microstrain_mips,get_sensor_vehicle_frame_trans_client
microstrain_mips,set_sensor_vehicle_frame_offset_client
microstrain_mips,get_sensor_vehicle_frame_offset_client
microstrain_mips,set_reference_position_client
microstrain_mips,get_reference_position_client
microstrain_mips,set_coning_sculling_comp_client
microstrain_mips,get_coning_sculling_comp_client
microstrain_mips,set_estimation_control_flags_client
microstrain_mips,get_estimation_control_flags_client
microstrain_mips,set_dynamics_mode_client
microstrain_mips,get_dynamics_mode_client
microstrain_mips,get_basic_status_client
microstrain_mips,get_diagnostic_report_client
microstrain_mips,set_zero_angle_update_threshold_client
microstrain_mips,get_zero_angle_update_threshold_client
microstrain_mips,set_tare_orientation_client
microstrain_mips,set_accel_noise_client
microstrain_mips,get_accel_noise_client
microstrain_mips,set_gyro_noise_client
microstrain_mips,get_gyro_noise_client
microstrain_mips,set_mag_noise_client
microstrain_mips,get_mag_noise_client
microstrain_mips,set_gyro_bias_model_client
microstrain_mips,get_gyro_bias_model_client
microstrain_mips,get_accel_adaptive_vals_client
microstrain_mips,set_mag_adaptive_vals_client
microstrain_mips,get_mag_adaptive_vals_client
microstrain_mips,set_mag_dip_adaptive_vals_client
microstrain_mips,get_mag_dip_adaptive_vals_client
microstrain_mips,get_accel_bias_model_client
hokuyo3d,hokuyo3d
range_sensor_layer,send_message.py
ubiquity_motor,test_pi_gpio.py
ubiquity_motor,upgrade_firmware.py
ubiquity_motor,test_motor_board.py
ca_driver,ca_driver
dynamixel_workbench_controllers,dynamixel_workbench_controllers
dynamixel_workbench_controllers,find_dynamixel
dynamixel_workbench_operators,joint_operator
dynamixel_workbench_operators,wheel_operator
lidar_camera_calibration,find_transform
raspimouse_gazebo,distance_sensor_simulator.py
raspimouse_fake,virtual_motors.py
raspimouse_fake,virtual_led_sensors.py
thormang3_gazebo,gazebo_grip_pub
thormang3_description,thormang3_rviz_pub
prosilica_camera,prosilica_node
prosilica_camera,find_camera
prosilica_camera,write_memory
prosilica_camera,read_memory
prosilica_camera,set_ip
prosilica_camera,set_inhibition
ueye_cam,check_ueye_api
rosbag_cloud_recorders,duration_recorder
rosbag_cloud_recorders,rolling_recorder
pepper_gazebo_plugin,convertTrajMsg.py
nmea_comms,nmea_serial_node
nmea_comms,nmea_socket_node
actionlib_tutorials,gen_numbers.py
actionlib_tutorials,fibonacci_client.py
actionlib_tutorials,fibonacci_server.py
pluginlib_tutorials,polygon_loader
turtle_actionlib,shape_server
turtle_actionlib,shape_client
mycroft_ros,mycroft_skills.py
mycroft_ros,mycroft_tts.py
mycroft_ros,mycroft_stt.py
mycroft_ros,mycroft_message_bus.py
lex_node,lex_node
run_recorded_traj,xarm_traj_test
xarm7_redundancy_res,robot_jogging.py
xarm7_redundancy_res,test.py
xarm_planner,xarm_simple_planner
xarm_planner,xarm_simple_planner_test
xarm_planner,xarm_gripper_planner
xarm_api,servo_cartesian_test.py
xarm_api,blended_motion_test.py
xarm_gripper,gripper_action_server
xarm_gripper,gripper_client
xarm_controller,sample_motion
xarm_controller,uf_ros_controller
xarm_controller,xarm_combined_traj_controller
camera_demo,color_recognition.py
d435i_xarm_setup,findobj2d_grasp_api
d435i_xarm_setup,findobj2d_grasp_moveit
d435i_xarm_setup,obj2base
xarm_gazebo,color_recognition.py
roboteq_diff_driver,${PROJECT_NAME}_driver
udp_com,udp_com_node
async_comm,udp_hello_world
async_comm,serial_loopback
async_comm,serial_protocol
async_comm,tcp_client_hello_world
pose_cov_ops,pose_cov_ops_node
asr_mild_base_driving,asr_mild_base_driving
pilz_extensions,${PROJECT_NAME}_demo_node
hls_lfom_tof_driver,hlds_3dtof_node
vigir_footstep_planning_rviz_plugin,vigir_footstep_planning_rviz_plugin_node
vigir_footstep_planning_lib,footstep_planning_vis_node
manipulator_h_manager,manipulator_h_manager
manipulator_h_gui,manipulator_h_gui
omron_os32c_driver,scanner_node
omron_os32c_driver,omron_os32c_node
cloudwatch_logger,cloudwatch_logger
tf_remapper_cpp,tf_remap
tf_remapper_cpp,test_tf_remapper_node
tf_remapper_cpp,check_tf_exists
robot_controllers_interface,start_controller.py
robot_controllers_interface,stop_controller.py
robot_controllers_interface,get_controller_state.py
pioneer_teleop,pioneer_teleop_node
locomotor,send_action.py
dlux_global_planner,${PROJECT_NAME}_planner_node
dwb_local_planner,${PROJECT_NAME}_planner_node
nav_grid_iterators,demo
robot_nav_viz_demos,pong
robot_nav_viz_demos,named_colors_demo
robot_nav_viz_demos,polygon
nav_grid_server,server
nav_grid_server,saver
global_planner_tests,gpt_node
global_planner_tests,heatmap_node
global_planner_tests,many_map_node
locomove_base,move_base
gundam_rx78_description,simplify_collada.py
gundam_rx78_description,ggc_dae_to_urdf.py
gundam_rx78_description,mergenode_collada.py
gundam_rx78_description,scale_collada.py
geneus,gen_eus.py
netft_utils,netft_utils
netft_utils,netft_utils_sim
netft_utils,netft_utils_cpp_test
netft_utils,netft_node
op3_offset_tuner_client,op3_offset_tuner_client
op3_camera_setting_tool,op3_camera_setting_tool
op3_offset_tuner_server,offset_tuner_server_node
op3_action_editor,op3_action_editor
op3_gui_demo,op3_gui_demo
cob_base_drive_chain,${PROJECT_NAME}_sim_node
cob_phidget_em_state,em_state_phidget.py
cob_sick_lms1xx,lms1xx_test
cob_sick_lms1xx,lms100
cob_sick_lms1xx,set_config
cob_phidgets,range_sensors
cob_phidgets,device_name
cob_phidgets,phidget_sensors_sim
cob_phidget_power_state,power_state_phidget.py
cob_bms_driver,bms_driver_node
cob_sick_s300,cob_scan_filter
cob_mimic,mimic
cob_voltage_control,cob_voltage_control
cob_scan_unifier,scan_unifier_node
cob_sound,sound
rosbag,bag2png.py
rosbag,makerule.py
rosbag,fix_md5sums.py
rosbag,fastrebag.py
rosbag,fix_moved_messages.py
rosbag,savemsg.py
rosbag,topic_renamer.py
rosbag,fix_msg_defs.py
rosbag,fixbag_batch.py
rosbag,bagsort.py
rosbag,fixbag.py
rosout,rosout
rosconsole,generate_speed_test.py
rosconsole,generate_macros.py
test_rosbag,double_pub
asr_grid_creator,missing_object_scenario_node
asr_mild_base_laserscanner,asr_mild_base_laserscanner
mouse_teleop,mouse_teleop.py
key_teleop,key_teleop.py
joy_teleop,incrementer_server.py
joy_teleop,joy_teleop.py
xbot_node,getOdom2D.py
xbot_node,getYaw.py
xbot_bringup,xbot_scan180.py
xbot_talker,voice_control.py
xbot_talker,dialogue_configuration.py
xbot_talker,plot.py
xbot_tools,odom2yaw.py
xbot_tools,const_dist_move.py
xbot_tools,q4torpy.py
xbot_tools,keyboard_teleop.py
xbot_tools,rotate.py
xbot_tools,forward.py
xbot_tools,pub_topic.py
xbot_tools,pycamera.py
xbot_description,xbot_keyboard_teleop.py
app_manager,test_app.py
asr_descriptor_surface_based_recognition,asr_descriptor_surface_based_recognition
asr_descriptor_surface_based_recognition,asr_descriptor_surface_based_trainer
pointcloud_to_laserscan,pointcloud_to_laserscan_node
modelica_bridge,modbridge_node
roch_safety_controller,roch_safety_controller_nodelet
roch_base,test_encoder
roch_base,test_rangefinder
roch_sensorpc,roch_sensorpc_nodelet
