word,count,
ros,950,
msgs,362,
moveit,272,
gazebo,237,
plugin,169,
config,150,
pr2,146,
plugins,141,
turtlebot3,126,
metapackage,118,
cob,105,
rviz,95,
urdf,92,
rqt,86,
rtt,84,
moveit!,81,0
autorace,78,
c++,76,
visualization,73,
wrapper,71,
fanuc,70,
bringup,69,
calibration,67,
turtlebot,60,
rocon,59,
asr,58,
gripper,57,
motoman,54,
teleop,52,
kobuki,52,
manipulator,50,
tf,49,
ecl,49,
tutorials,48,
thormang3,47,
kinematics,46,
ethercat,42,
abb,39,
jsk,39,
exotica,38,
op3,38,
robotis,37,
imu,37,
e.g,36,0
kinematic,35,0
typekit,35,
roch,35,
care-o-bot,34,
nav,34,
bwi,34,
choreo,34,
solver,33,
dataspeed,32,
qt,32,
robotiq,32,
costmap,32,
tuw,32,
joystick,31,
utils,30,
localization,30,
dynamixel,30,
rosserial,29,
kuka,29,
uuv,29,
jackal,29,
catkin,28,
denso,28,
quadrotor,27,
mrpt,27,
firmware,26,
nao,26,
smach,26,
bindings,25,
opencv,25,
tf2,25,
xiaoqiang,25,
pmb2,24,
qbrobotics®,24,
tutorial,24,
pcl,24,
sdk,23,
nodelet,23,
octomap,23,
ronex,23,
ikfast,22,
kdl,22,
segbot,22,
dbw,22,
openrave,22,
dependencies,21,
meta-package,21,0
meshes,21,
rosbag,21,
rb1,21,
swri,21,
ridgeback,21,
teleoperation,20,
ros-industrial,20,
runtime,20,
actionlib,20,
robot's,20,0
tiago,20,
realtime,20,
khi,20,
interfacing,19,
pointcloud,19,
franka,19,
py,19,
odometry,19,
mbf,19,
transparently,19,
yocs,19,
velodyne,18,
roslaunch,18,
vigir,18,
prbt,18,
katana,18,
orocos,17,
real-time,17,0
,17,
flir,17,
xbot,17,
cpp,17,
eigen,17,
visp,17,
schunk,17,
stdr,17,
arni,17,
pilz,16,
helper,16,
staubli,16,
manipulators,16,
move_base,16,
openmanipulator,16,
lib,16,
parser,16,
arduino,16,
footstep,16,
naoqi,16,
grizzly,16,
clearpath,16,
kinect,16,
lidars,15,
gmapping,15,
sciurus17,15,
create_rtt_msgs,15,
aubo,15,
phidgets,15,
cartesian,14,
aws,14,
kinova,14,
roscpp,14,
cmake,14,
ism,14,
drive-by-wire,14,
functionalities,14,
warthog,14,
flexbe,14,
cirkit,14,
unit03,14,
iiwa,13,
laserscan,13,
rbcar,13,
trajectories,13,
util,13,
occupancy,13,
descartes,13,
rosjava,13,
r7,13,
xpp,13,
svenzva,13,
ros_control,12,
aruco,12,
novatel,12,
visualizing,12,
rospy,12,
openni,12,
deprecated,12,
launchers,12,
lisp,12,
rosflight,12,
introspection,11,
rokubimini,11,
magni,11,
macros,11,
collada,11,
sbpl,11,
yaml,11,
nodelets,11,
xarm,11,
ptu,11,
multimaster,11,
diagnostics,11,
rosparam,11,
helpers,11,
canopen,11,
movidius,11,
ncs,11,
uav,11,
visualize,11,
rospeex,11,
agvs,11,
toposens,11,
roboception,10,
scanners,10,
crazyflie,10,
raspberry,10,
kvh,10,
ros1,10,
apis,10,
tof,10,
neonavigation,10,
ainstein,10,
parsed,10,
rosmon,10,
ensenso,10,
marti,10,
reconfigure,10,
rwt,10,
toolkit,10,
xacro,10,
packml,10,
ecto,10,
pyros,10,
raspigibbon,10,
uwsim,10,
tactile,10,
nextage,10,
cloudwatch,10,
qt4,10,
qt5,10,
solvers,9,
plug-in,9,
ompl,9,
leuze,9,
device-independent,9,
checkerboard,9,
3f,9,
building-wide,9,
low-level,9,
pddl,9,
mav,9,
psm,9,
disparity,9,
workspace,9,
euslisp,9,
arbotix,9,
bcap,9,
tb3,9,
encoder,9,
hebiros,9,
zeroconf,9,
nav2d,9,
rcll,9,
rsv,9,
osg,9,
caster,9,
libqt,9,
mkz,9,
extensible,8,
stomp,8,
msg,8,
velocities,8,
srvs,8,
hw,8,
lidar,8,
launchfiles,8,
openmanipulator-p,8,
comm,8,
p2os,8,
simulating,8,
tuner,8,
rostest,8,
geotiff,8,
n301,8,
wrappers,8,
vesc,8,
ixblue,8,
pr2eus,8,
talos,8,
autoware,8,
command-line,8,
uos,8,
bebop,8,
innok,8,
heros,8,
navfn,8,
waypoint,8,
raptor,8,
omip,8,
copernicus,8,
lite,7,
configure,7,
calculates,7,
adapter,7,
rgbd,7,
2dnav,7,
emika,7,
toolbox,7,
auto's,7,
proaut,7,
debugging,7,
amcl,7,
converter,7,
ackermann,7,
json,7,
rostopic,7,
chomp,7,
image_transport,7,
nmea,7,
smacha,7,
pkg,7,
ekf,7,
rosgraph,7,
x7,7,
virtualenv,7,
multisense,7,
fkie,7,
smacc,7,
yujin,7,
ur10,7,
sns,7,
pluginlib,7,
manipulator-h,7,
rh,7,
p12,7,
voxel,7,
piksi,7,
fsrobo,7,
kinesis,7,
cartographer,7,
rdl,7,
statemachine,7,
rc_visard,6,
actuators,6,
pid,6,
opcua,6,
bota,6,
lbr,6,
waypoints,6,
pmb2-specific,6,
summit_xl,6,
raspimouse,6,
fiducial,6,
exposes,6,
spinnaker,6,
accelerometer,6,
calibrating,6,
subscribes,6,
jog,6,
hironx,6,
openrtm,6,
parse,6,
mavros,6,
ublox,6,
i.e,6,
adheres,6,
sdh,6,
instantiate,6,
dsr,6,
gige,6,
nist,6,
std,6,
audibot,6,
datatypes,6,
ldmrs,6,
fingertip,6,
pds,6,
ipds,6,
rosservice,6,
turtlesim,6,
ftdi,6,
kalman,6,
phm,6,
rethink,6,
tra1,6,
freenect,6,
roomblock,6,
wge100,6,
rh-p12-rn,6,
eca,6,
a9,6,
libviso2,6,
lauv,6,
desistek,6,
rslidar,6,
mux,6,
bfl,6,
fulanghua,6,
robosavvy's,6,
roslisp,6,
imagezero,6,
demonstrator,6,
fawkes,6,
opengl,6,
qglv,6,
avahi,6,
xarm6,6,
ulc,6,
mir100,6,
callback,5,
optimizer,5,
dynamically,5,
and/or,5,
kr6,5,
qbmove,5,
rgb-d,5,
workbench,5,
s3,5,
computes,5,
trac,5,
trac-ik,5,
2f,5,
force-torque,5,
serialization,5,
mpc,5,
geometry_msgs/twist,5,
templates,5,
auv,5,
ifm,5,
hebi,5,
configurable,5,
mavlink,5,
cspace,5,
emacs,5,
6d,5,
mapviz,5,
usability,5,
xarm7,5,
proc,5,
visualizations,5,
karto,5,
ueye,5,
leishen,5,
aldebaran's,5,
rosnode,5,
roseus,5,
locomotor,5,
dwb,5,
icart,5,
stl,5,
ld-mrs,5,
pipelines,5,
microstrain,5,
robomaker,5,
openrover,5,
rapps,5,
rosweb,5,
pyside,5,
linksys,5,
dynamic_reconfigure,5,
2d-navigation,5,
pyqt,5,
irobot,5,
gmplot,5,
heuristic,5,
wiimote,5,
posix,5,
worldmodel,5,
uri,5,
defaults,5,
slime,5,
lms1xx,5,
neuronics,5,
ur5/10,5,
pheeno,5,
igvc,5,
alvar,5,
xarm5,5,
fca,5,
rosabridge,5,
rsm,5,
reemc,4,
reem-c,4,
url,4,
genicam,4,
synchronize,4,
planar,4,
limiter,4,
identifier,4,
mecanum,4,
phidget,4,
open-source,4,
rx160,4,
rsi,4,
kr5,4,
kr150,4,
webrtc,4,
qbhand,4,
srv,4,
j2s7s300,4,
j2s6s300,4,
logger,4,
rqt_console,4,
fiducials,4,
darknet,4,
safetycontroller,4,
enabled/disabled,4,
warning:,4,
uploader,4,
projector,4,
m1n6s300,4,
modbus,4,
grippers,4,
accessing,4,
calibrated,4,
roomba,4,
quaternions,4,
urg,4,
segway,4,
ifm3d,4,
compile,4,
roslib,4,
filesystem,4,
diff,4,
probabilistic,4,
cmd_vel,4,
3-d,4,
tensorflow,4,
dialogflow,4,
tiago-specific,4,
u-blox,4,
rxros,4,
rectification,4,
hector_slam,4,
servoing,4,
effector,4,
finder,4,
seekur,4,
lslidar,4,
theora,4,
irb6600,4,
mongodb,4,
map_distance,4,
optionally,4,
dcm,4,
quaternion,4,
r900,4,
framefab,4,
9dof,4,
doesn't,4,
actuator,4,
doosan,4,
rospack,4,
geometry_msgs,4,
nerian,4,
cpss,4,
crane-x7,4,
primitives,4,
dwb_local_planner,4,
eus,4,
ssm,4,
tfs,4,
coretest,4,
ur3,4,
grid_map,4,
*name*,4,
*type*,4,
high-level,4,
pg70,4,
duaro,4,
irb1200,4,
kobuki's,4,
kobuki:,4,
grasps,4,
rx-78,4,
socketcan,4,
package's,4,
baselocalplanner,4,
joysticks,4,
libfreenect-based,4,
marker_msgs,4,
self-localization,4,
visualisation,4,
vs060,4,
ros-independent,4,
ati,4,
multi-robot,4,
autonomously,4,
synchronization,4,
asw,4,
fuses,4,
segmentation,4,
udp,4,
benchmarking,4,
rtk,4,
teraranger,4,
streamer,4,
rospeex's,4,
robot_state_publisher,4,
turtle1,4,
listens,4,
cir-kit-unit03,4,
ivt,4,
sigslots,4,
softkinetic,4,
rqt_gui,4,
qt_gui,4,
oem7,4,
hsr,4,
edc,4,
h264,4,
metrics,4,
mh5,4,
ur5,4,
puma,4,
aldebaran,4,
loader,4,
micros,4,
epos,4,
oros,4,
sap_pkg,4,
4x4,4,
pacifica,4,
apriltag,4,
hector_pose_estimation,4,
retriever,3,
pinocchio,3,
fcl,3,
log4cpp,3,
toolchain,3,
debug,3,
v2,3,
accelerations,3,
assorted,3,
cob_twist_controller,3,
redundancy,3,
model-based,3,
interpolated,3,
smoother,3,
opc-ua,3,
freeopcua,3,
gpu,3,
slam2,3,
quadcopter,3,
bitcraze,3,
configuring,3,
livox,3,
dynamixels,3,
dangerous!,3,
lrmate200id,3,
numpy,3,
j2n6s300,3,
2-finger,3,
wifi,3,
py_trees,3,
f/t,3,
qt-based,3,
base_local_planner,3,
soem,3,
thruster,3,
rexrov2,3,
rexrov,3,
larg,3,
guis,3,
bootloading,3,
cyberglove,3,
dexterous,3,
rqt-based,3,
odom,3,
rtmros,3,
servo,3,
rosbuild,3,
3rdparty,3,
frontend,3,
visualizes,3,
problib,3,
flask,3,
3-dof,3,
headers,3,
calibrate,3,
vtec,3,
installs,3,
zivid,3,
slic,3,
bayesian,3,
nlopt,3,
hrpsys,3,
assimp,3,
sensor_msgs/image,3,
benchmark,3,
pr2-specific,3,
uavs,3,
robocup,3,
initialization,3,
trackers,3,
um6,3,
codec,3,
latency,3,
jpeg,3,
irb2400,3,
xsens,3,
ibeo,3,
cleanly,3,
comms,3,
task-level,3,
multi-master,3,
eef,3,
introspecting,3,
republisher,3,
edt,3,
snapshot,3,
sensor_msgs,3,
omron,3,
vedder,3,
catkinized,3,
params,3,
m6ib,3,
m20ia,3,
m10ia,3,
lrmate200ic,3,
lrmate200ib,3,
lrmate200i,3,
robot_navigation,3,
rb1_base,3,
irobot's,3,
libcreate,3,
identifiers,3,
rplidar,3,
robotnik,3,
pr2_gripper_sensor_action,3,
pr2_gripper_sensor_controller,3,
inertial,3,
forked,3,
profiler,3,
swri_profiler,3,
pkgs,3,
irb120,3,
rosmaster,3,
rosconsole,3,
qwt,3,
encapsulates,3,
offline,3,
jackal's,3,
user's,3,
timeout,3,
rx78,3,
multipoint,3,
laserscanner,3,
saturation,3,
bebop_autonomy,3,
modelica,3,
tcp/ip,3,
holonomic,3,
xiaoqiang_freenect_stack,3,
libfreenect,3,
avt,3,
altimeter,3,
matcher,3,
ar_track_alvar,3,
constructor,3,
laser-based,3,
youbot,3,
hls,3,
hlds(hitachi-lg,3,
8-bit,3,
pacmod,3,
gridmap,3,
subscribe,3,
manipulator_h_base_module,3,
slam_gmapping,3,
navi,3,
imus,3,
multiwii,3,
timestamp,3,
hector_elevation_mapping,3,
rov,3,
localizer,3,
melfa,3,
router,3,
gpsd,3,
utexas,3,
multiplexer,3,
single-header,3,
gx,3,
graphslam,3,
fzi,3,
icl,3,
lkh,3,
mild's,3,
myahrs+,3,
3-axis,3,
magnetometer,3,
sophus,3,
widgets,3,
leds,3,
6dof,3,
serialisations,3,
multiplexing,3,
nanomsg,3,
object_recognition_core,3,
camerainfo,3,
phantomx,3,
hector_worldmodel,3,
percept,3,
gateways,3,
converters,3,
workflow,3,
md49,3,
visard,3,
dextrous,3,
um7,3,
pdu,3,
dbc,3,
search",3,
map_server,3,
rgb,3,
kni,3,
ult,3,
psd,3,
qglviewer,3,
xbee,3,
vex,3,
gcloud,3,
opensplice,3,
dds,3,
flocking,3,
uvc,3,
umd,3,
rodi,3,
refbox,3,
drrobot's,3,
countermeasure,3,
rosatomic,3,
lockfree,3,
lat/lon,3,
can-bus,3,
gpio,3,
hector_localization,3,
package://,2,
file://,2,
rrt,2,
humanoids,2,
kinodynamic,2,
ilqr,2,
todorov,2,
ilqg,2,
integrator,2,
ddp,2,
toolset,2,
cartpole,2,
aico,2,
python-based,2,
ocl,2,
stomp_core,2,
orientations,2,
sensor_msgs/laserscan,2,
tricycle,2,
cob_omni_drive_controller,2,
ros_controller,2,
omni,2,
optimally,2,
emulation,2,
cob_control,2,
tf-frames,2,
rsl,2,
opcua_communication,2,
impl,2,
python-opcua,2,
deriving,2,
tx90,2,
tx60,2,
tx2,2,
ros-control,2,
kr210,2,
computer's,2,
end-effector,2,
hl,2,
robotstatus,2,
hardware_interfaces,2,
libs,2,
ros-enabled,2,
opensoftware​,2,
openhardware,2,
opencr(embedded,2,
board)​,2,
turtlebot3​,2,
simulator​,2,
rtabmap,2,
rtab-map's,2,
rtab-map,2,
yolo,2,
state-of-the-art,2,
'dynamixel_item',2,
'dynamixel_tool',2,
'dynamixel_driver',2,
'dynamixel_workbench',2,
testutils,2,
xbot:,2,
--------------------------------------------------------------------------,2,
talker,2,
recorders,2,
snapshotter,2,
assembler,2,
extracting,2,
matlab,2,
osm,2,
kdl's,2,
jacobian,2,
tolerances,2,
tcp,2,
rtu,2,
porting,2,
seamless,2,
arg,2,
c3,2,
roboception's,2,
ddwrt,2,
dd-wrt,2,
async,2,
asynchronous,2,
pointcloud2,2,
rqt_tf_tree,2,
mpc_local_planner,2,
robot-specific,2,
http://openrave.programmingvision.com/index.php/started:collada,2,
git,2,
search-based,2,
control-based,2,
tools:,2,
republishing,2,
p2os/arcos,2,
p2os_driver,2,
seabed,2,
uuv_trajectory_control,2,
uuv_control_utils,2,
simulator's,2,
torques,2,
top-level,2,
eband_local_planner,2,
bootloader,2,
sr_mechanism_controllers,2,
teb,2,
navsatfix,2,
xaxxon,2,
openlidar,2,
jog_controller,2,
6-dof,2,
--,2,
plotjuggler,2,
dynamixel_motor,2,
ax-12,2,
ax-18,2,
rx-24,2,
rx-28,2,
mx-28,2,
rx-64,2,
ex-106,2,
servos,2,
snapshots,2,
automatic_parking,2,
specs,2,
rosmake,2,
roslang,2,
roscreate,2,
cfg,2,
rosbash,2,
joint_trajectory_controller,2,
gtsam,2,
estimators,2,
detections,2,
hypotheses,2,
parsing,2,
frameworks,2,
ntpd,2,
mapper,2,
obj,2,
sound_play,2,
ypspur,2,
yp-spur,2,
mcl,2,
3dl,2,
openpose,2,
jetson,2,
recognitions,2,
hokuyo,2,
validating,2,
radars,2,
webrtcvad,2,
switchbot,2,
rostwitter,2,
rosping,2,
rospatlite,2,
learner,2,
sift,2,
libcmt,2,
upload,2,
chaplus,2,
resized,2,
2-d,2,
include:,2,
spectrogram,2,
transformer,2,
subsystem,2,
image_pipeline,2,
reprojecting,2,
pepperl+fuchs,2,
hector_mapping,2,
roll/pitch,2,
leverages,2,
utm-30lx,2,
hector_geotiff,2,
systemd,2,
customizable,2,
qrcode,2,
loadout,2,
kha1,2,
tellopy,2,
extrinsic,2,
sba,2,
mobilerobots,2,
pioneer-compatible,2,
lx,2,
amigobot,2,
peoplebot,2,
patrolbot,2,
powerbot,2,
ids,2,
decoder,2,
ls01b,2,
haros,2,
mppt,2,
containes,2,
it's,2,
supporing,2,
png,2,
irb6640,2,
sicktoolbox,2,
rangefinders,2,
eg,2,
libmongocxx,2,
rxcpp,2,
jderobot,2,
epos2,2,
bhand,2,
blob,2,
volksbot,2,
message_relay,2,
cpr,2,
relays,2,
message/service,2,
package.xml,2,
suction,2,
framefab_mpp,2,
constraint-based,2,
rapidjson,2,
controller/driver,2,
yaml-cpp,2,
marti_nav_msgs,2,
single-threaded,2,
cli,2,
rosman,2,
inorbit,2,
yaw,2,
pepper_robot,2,
typeg,2,
octovis,2,
http://octomap.github.io,2,
octree,2,
sbg,2,
utilise,2,
libsensors,2,
m1509,2,
m1013,2,
m0617,2,
m0609,2,
h2515,2,
h2017,2,
a0912,2,
a0509,2,
rosout,2,
iot,2,
rosbag_snapshot,2,
opengm,2,
makefile.tarball,2,
libphidgets,2,
libpcan,2,
libntcan,2,
http://dlib.net/,2,
extern,2,
euscollada,2,
hector_nist_arena_designer,2,
visualization_msgs,2,
tf2_msgs,2,
stereo_msgs,2,
std_msgs,2,
http://ros.org/wiki/std_msgs,2,
rtt_ros_tests,2,
roscomm,2,
nav_msgs,2,
actionlib_msgs,2,
bta,2,
roscompile,2,
fake_joint_driver,2,
grpc,2,
app_manager,2,
m430ia,2,
m20ib,2,
m16ib,2,
cr7ia,2,
cps,2,
exchanger,2,
rfsm,2,
statecharts,2,
cpswarm,2,
lint,2,
pickle,2,
common_msgs,2,
counterbalance,2,
nav_grid,2,
adapters,2,
dlux,2,
hector_models,2,
hector_gazebo_plugins,2,
qp,2,
ensenso_camera,2,
create/roomba,2,
create_autonomy,2,
orin,2,
cmd,2,
vel,2,
baldor,2,
predefined,2,
one-legged,2,
two-legged,2,
mips,2,
synchronizing,2,
svh,2,
*planners*,2,
*controllers*,2,
*recovery_behaviors*,2,
callable,2,
mbf_costmap_nav,2,
inherits,2,
mbf_abstract_nav,2,
integrates,2,
low-latency,2,
accelerometers,2,
talos_description,2,
px4,2,
prbt_ikfast_manipulator_plugin,2,
initialize,2,
costmap_2d,2,
pybind11,2,
os32c,2,
ethernet/ip,2,
profiling,2,
reflexxes,2,
libmodbus,2,
iirob_filters,2,
filters:,2,
low-pass,2,
workspaces,2,
basler,2,
lcm,2,
ridgeback's,2,
khi_robot,2,
scripts/config/tools,2,
ifm3d_ros,2,
subpackage,2,
ifm3d-ros,2,
interacts,2,
irb1600,2,
peripherals,2,
lanelet2,2,
omnidirectional,2,
ddynamic,2,
introspect,2,
verifying,2,
roswtf,2,
rosmsg,2,
lz4,2,
handeye,2,
criutils,2,
lgsvl,2,
step-by-step,2,
repositories,2,
gl,2,
diagnostic_aggregator,2,
aggregated,2,
updating,2,
dnn,2,
rr_openrover_driver,2,
waffle,2,
om_with_tb3,2,
webots,2,
autogenerated,2,
univeristy,2,
cordoba(spain,2,
pandas,2,
cia(r,2,
interprocess,2,
synchronizer,2,
diffdrive,2,
arsdk,2,
antipodal,2,
parrot’s,2,
ardronesdk3,2,
daq,2,
optris,2,
rgbdslam,2,
coordinateframes,2,
buffered,2,
realsense,2,
bridging,2,
panasonic,2,
rectified,2,
openni_launch,2,
dwa,2,
vimba,2,
ubuntu,2,
simulates,2,
barometric,2,
hector_quadrotor,2,
laser_scan_sparsifier,2,
marker/fiducial,2,
tinyslam,2,
'app,2,
manager',2,
centroid,2,
pcl-ros,2,
n-d,2,
lfcd,2,
cleaners,2,
mower,2,
c++/python,2,
gyroscope,2,
thingmagic,2,
rfid,2,
rfid_detection,2,
here:,2,
testsuite,2,
visualising,2,
autonomoustuff,2,
offset_tuner_server,2,
thormang3_action_module,2,
robotis-op3,2,
maintainable,2,
odva,2,
brunel,2,
thormang3_walking_module,2,
thormang3's,2,
manipulator_h_base_module_msgs,2,
robotis_framework,2,
robotis_controller,2,
robotis's,2,
rosjson,2,
javascript,2,
mpg321,2,
madplay,2,
cross-platform,2,
marvelmind,2,
keyop,2,
unary,2,
navistack,2,
poor-man,2,
rospilot,2,
ez,2,
1394,2,
iidc,2,
camera1394,2,
yoctopuce,2,
imi,2,
o3m151,2,
proxies,2,
nao_interaction,2,
dyn,2,
dyn_tune,2,
remocon,2,
ethz-asl's,2,
mild_navigation,2,
rmp,2,
agnostic,2,
application-dependent,2,
v3,2,
astra,2,
viso2,2,
ros-package,2,
geiger,2,
gpl,2,
ubiquity,2,
hector_elevation_visualization,2,
2.5d,2,
acado,2,
rv7fl,2,
rv4fl,2,
project:,2,
hostapd_access_point,2,
linksys_access_point,2,
hostapd-based,2,
asmach,2,
gripit,2,
demux,2,
types:,2,
robot_activity,2,
bootstrap,2,
val_description,2,
codebase,2,
scavenger,2,
zbar,2,
control_msgs,2,
openkarto,2,
stuffs,2,
cob_generic_can,2,
waveform,2,
bring-up,2,
textured,2,
parsers,2,
rostune,2,
infinisoleil,2,
sp1,2,
wsg,2,
package:,2,
dijkstra's,2,
a*,2,
nav_core::baseglobalplanner,2,
launch-files,2,
cpptemplate,2,
pytemplate,2,
16-bit,2,
prosilica,2,
turtle2,2,
visionary-t,2,
bluetooth,2,
sixaxis,2,
are:,2,
cybergloves,2,
timers,2,
c++11,2,
r2000,2,
co2,2,
numeric,2,
backend,2,
move_group,2,
benchmarks,2,
multiplex,2,
hector_worldmodel_msgs/imagepercept,2,
hector_object_tracker,2,
localize,2,
qr,2,
key-value,2,
input-output,2,
aist,2,
v4lctl,2,
redis,2,
non-blocking,2,
scheduler,2,
pacman,2,
hmi,2,
brics,2,
openscenegraph,2,
1.5,2,
babel,2,
rqt_common_plugins,2,
dynpick,2,
3500,2,
powercube,2,
libm5api,2,
shadow's,2,
sr_config,2,
rosbags,2,
particle-filter,2,
range-only,2,
ekf-based,2,
range-bearing,2,
rtmros_nextage,2,
openni2,2,
asus,2,
xtion,2,
primesense,2,
simplifying,2,
recognizer,2,
asr_next_best_view,2,
stdbin,2,
oled,2,
velo2cam,2,
webkit,2,
on-board,2,
mrpt-hwdrivers,2,
rawlog,2,
msp,2,
uwb,2,
asr_direct_search_manager,2,
attachable,2,
tts,2,
text-to-speech,2,
dataflow,2,
ros1/2,2,
subscriber,2,
asr_recognizer_prediction_ism,2,
meshfile,2,
sia5d,2,
mpl,2,
csda10f,2,
cvbridge,2,
blender,2,
docker,2,
rapidxml,2,
pointgrey,2,
mocap,2,
optitrack,2,
edrone,2,
eyantra_drone,2,
mynt,2,
baylands,2,
grid_point,2,
interruptable,2,
roch's,2,
libqt-opengl,2,
scratch4robots,2,
class_loader,2,
tuw_nav_msgs,2,
flatbuffers,2,
v5,2,
tivac,2,
mbed,2,
voronoi,2,
prioritized,2,
ctrl,2,
gcloud_speech,2,
testvstig,2,
testscdspso,2,
testrth,2,
testnc,2,
testbb,2,
pso,2,
depth/rgb/ir,2,
swarms,2,
app3,2,
app2,2,
app1,2,
srdf,2,
interpolations,2,
omnipresense,2,
webcams,2,
standardised,2,
alot,2,
formatters,2,
cartographer's,2,
ps4eye,2,
google's,2,
synthesised,2,
peerjs,2,
xv-11,2,
visualizer,2,
ellipses,2,
ellipse,2,
smartek,2,
multimodal,2,
haf,2,
polygon,2,
reconfigurable,2,
costmaps,2,
ar-drone,2,
korg,2,
nanokontrol,2,
markerdetection,2,
end-point,2,
two-way,2,
rosrt,2,
c++11-style,2,
don't,2,
lite6,2,
two-dimensional,2,
cors,2,
sensor_msgs::imu,2,
sia20d,2,
sda10f,2,
ms210,2,
mh12,2,
ma2010,2,
yaskawa,2,
s300,2,
reflector,2,
wrt,2,
cob_manipulation,2,
gazebo_ros_control,2,
elmo,2,
homing,2,
controller-drive,2,
bms,2,
python2,2,
catkin_virtualenv,2,
override,2,
plugin-based,2,
depth_nav_tools,2,
software-in-the-loop,2,
madgwick,2,
libphidget21,2,
abridged,2,
teleoperator,2,
egm,2,
visualstates,2,
towr,2,
ptus,2,
hfl,2,
boson,2,
terabee,2,
dynamic-state,2,
rc_visard's,2,
upstart,2,
leica,2,
libuvc,2,
rqt_bag,2,
replaying,2,
swiftnav,2,
sdc21x0,2,
roboteq,2,
viewcontroller,2,
ugv,2,
sainsmart,2,
r1000ia,2,
retrieves,1,
url-format,1,
http://,1,
ftp://,1,
resourse,1,
libcurl,1,
time-indexed,1,
rrt-connect,1,
scipy,1,
scipy-based,1,
libary,1,
levenberg,1,
marquardt,1,
levenberg-marquardt,1,
regularised,1,
pseudo-inverse,1,
unconstrained,1,
end-pose,1,
taskmaps,1,
core-released,1,
watcher,1,
bitrate,1,
essid,1,
deviates,1,
orocos/rtt,1,
rqt_topic,1,
rc_genicam_driver,1,
rc_cube,1,
psen,1,
rosdoc,1,
doxygen,1,
epydoc,1,
wiki,1,
lusb,1,
microcontroller's,1,
roswww,1,
feathery,1,
twist-based,1,
fuse_viz,1,
fuse_variables,1,
fuse_publishers,1,
optimizers,1,
fuse_optimizers,1,
fuse_msgs,1,
fuse_loss,1,
ceres,1,
fuse_graphs,1,
fuse_core::graph,1,
fuse_core,1,
fuse_constraints,1,
singularity,1,
robustness,1,
priority-based,1,
controlls,1,
[[schunk_powercube_chain]],1,
omni-directional,1,
cob_obstacle_distance,1,
cob_model_identifier,1,
analyse,1,
cob_mecanum_controller_node,1,
out/input,1,
command/state,1,
rad/s,1,
[front,1,
right],1,
cob_hardware_emulation,1,
idealized,1,
emulating,1,
cob_frame_tracker,1,
cob_footprint_observer,1,
adjusts,1,
cob_control_mode_adapter,1,
ros_controllers,1,
cob_collision_velocity_filter,1,
sinoid,1,
cob_frame_tracker/cob_twist_controller,1,
'cob_base_velocity_smoother',1,
"""smoothed""",1,
cob_base_controller_utils,1,
base_controllers,1,
mqtt,1,
mqtt_bridge,1,
leuze_ros_drivers,1,
ros_opcua_srvs,1,
ros-services,1,
ros_opcua_msgs,1,
ros-messages,1,
ros_opcua_impl_python_opcua,1,
62541,1,
ros_opcua_impl_freeopcua,1,
ros_opcua_communication,1,
mate-package,1,
bidings,1,
supported:,1,
rokubimini_description,1,
*bota_worker*,1,
magni_viz,1,
magni_teleop,1,
magni_robot,1,
magni_nav,1,
magni_gazebo,1,
magni_description,1,
magni_demos,1,
magni_bringup,1,
val3,1,
kr3,1,
kr16,1,
kr120,1,
kr10,1,
follow_waypoints,1,
move_base_sequence,1,
play_motion,1,
pre-recorded,1,
rqt_runtime_monitor,1,
diagnosticsarray,1,
scans/point-clouds,1,
softhand,1,
sitiffness,1,
qbdelta,1,
pal_statistics,1,
pointcloud_tools,1,
plot_tools,1,
bagfiles,1,
summit_xl_robot_local_control,1,
summit_xl_perception,1,
summit_xl_pad,1,
summit_xl_omni,1,
x_wam,1,
summit_xl_localization,1,
j2s6s200,1,
j2n6s200,1,
ira_laser_tools,1,
franka_ros,1,
franka_msgs,1,
franka_hw,1,
frankahwsim,1,
franka_example_controllers,1,
franka_description,1,
franka_control,1,
rqt_nav_view,1,
geonav,1,
geonav_transform,1,
rosaria,1,
raspimouse_gazebo,1,
raspimouse_control,1,
rqt_robot_steering,1,
rqt_robot_dashboard,1,
rqt_logger_level,1,
aruco_gazebo,1,
ros-industrial's,1,
agni,1,
euler,1,
open_manipulator,1,
ros-pkg,1,
kvh_geo_fog_3d_msgs,1,
wraped,1,
'dynamixel_workbench_controllers',1,
dynamixel_workbench,1,
'dynamixel_workbench_toolbox',1,
dynamixel_sdk,1,
dynamixel-workbench,1,
baudrate,1,
pilz_trajectory_generation,1,
pilz_command_planner,1,
ptp,1,
circ,1,
pilz_msgs,1,
pilz_industrial_motion,1,
pilz_extensions,1,
turtlebot3_autorace_msgs,1,
blackfly,1,
xbot_tools,1,
xbot_bringup,1,
xbot-u,1,
matapackage,1,
"driver,ros",1,
navigation(slam,1,
navigation)and,1,
ros_academy_for_beginners,1,
uploading,1,
rosbag-uploader-ros1,1,
r2000ic,1,
r2000ib,1,
lrmate200id7l,1,
pr2_se_calibration_launch,1,
image-like,1,
tp,1,
pr2_calibration,1,
'image-like',1,
nearfield,1,
nearfield_map,1,
pcdfilter,1,
m1n6s300_ikfast,1,
kinovathrough,1,
kinova_gazebo,1,
kinova_demo,1,
kinova_control,1,
kinova_bringup,1,
variouskinova,1,
moveit_motion_plan,1,
j2s7s300_ikfast,1,
j2s6s300_ikfast,1,
j2n6s300_ikfast,1,
osm_cartography,1,
route_network,1,
graphing,1,
cartography,1,
non-nmea,1,
trac_ik_python,1,
swig,1,
trac_ik_lib,1,
drop-in,1,
pseudoinverse,1,
iterations,1,
"x,y,z,roll,pitch.yaw",1,
trac_ik,1,
joint-limited,1,
3-finger,1,
robotiq_3f_gripper_articulated,1,
drcsim,1,
robotiq-3f-gripper,1,
85mm,1,
140mm,1,
camera's,1,
mjpg,1,
ptz,1,
9axisimu,1,
rt_usb_9axisimu_driver,1,
dep,1,
rqt_dep,1,
rqt_py_trees,1,
pr2_kinematics,1,
compensates,1,
zeroed,1,
calib,1,
calibrates,1,
offsets,1,
rosauth,1,
stag,1,
stag_ros,1,
rqt_web,1,
specifying,1,
rqt_pose_view,1,
fetch_urdf,1,
fetch_maps,1,
fetch_depth_layer,1,
'robot_calibration',1,
rostime,1,
roscpp_traits,1,
roscpp_serialization,1,
cpp_common,1,
ros_deprecated,1,
ros_force_inline,1,
backtraces,1,
mpc_local_planner_examples,1,
predictive,1,
minimum-time,1,
quadratic-form,1,
receding-horizon,1,
usb_cam_hardware_interface,1,
usb_cam_hardware,1,
usb_cam_controllers,1,
simple_navigation_goals_tutorial,1,
roomba_stage,1,
robot_setup_tf_tutorial,1,
point_cloud_publisher_tutorial,1,
odometry_publisher_tutorial,1,
laser_scan_publisher_tutorial,1,
raspicam,1,
used-defined,1,
repo,1,
subtree,1,
sbpl_lattice_planner,1,
passer,1,
assisted_teleop,1,
trajectoryplannerros,1,
laserscanmaxrangefilter,1,
driver/componenets,1,
halcon,1,
image-messages,1,
halcon-images,1,
uuv_world_ros_plugins_msgs,1,
uuv_world_ros_plugins,1,
uuv_world_plugins,1,
dp,1,
controlller,1,
uuv_simulator,1,
uuv_sensor_ros_plugins_msgs,1,
uuv_sensor_ros_plugins,1,
uuv_gazebo_worlds,1,
uuv_gazebo_ros_plugins_msgs,1,
hydrodynamic,1,
hydrostatic,1,
thrusters,1,
uuv_gazebo,1,
uuv_descriptions,1,
uuv_control_msgs,1,
cascaded,1,
allocator,1,
auvs,1,
[`uuv_trajectory_control`](https://github.com/uuvsimulator/uuv_simulator/tree/master/uuv_control/uuv_trajectory_control,1,
rbcar_pad,1,
rbcar_navigation,1,
rbcar_localization,1,
rbcar_description,1,
rbcar_common,1,
urg_c,1,
polulu,1,
ws2812b-based,1,
microcontroller,1,
bwi_gazebo,1,
segbots,1,
segway-based,1,
mimic_motion,1,
m1n6s200,1,
sr_visualization,1,
resetter,1,
resetting,1,
calibrator,1,
biotac,1,
sr_gui_biotac,1,
rqt_robot_monitor,1,
diagnostics_agg,1,
pmd-based,1,
odom_frame_publisher,1,
teb_local_planner,1,
optimizes,1,
rb1_torso_pad,1,
rb1_torso_description,1,
rb1_torso_control,1,
rb1_pad,1,
j2s7s200,1,
rb1_description,1,
rb1_control,1,
rb1_common,1,
declination,1,
jog_msgs,1,
end-effectors,1,
visulalization_marker_tutorials,1,
internals,1,
rtmros_hironx,1,
hiro,1,
opw,1,
librviz,1,
interactive_marker_tutorials,1,
ros-openrtm,1,
opensource,1,
kawada's,1,
hiro/nextage,1,
dual-arm,1,
note:,1,
multi-license,1,
fourwheelsteering,1,
costmap2d,1,
mx-64,1,
mx-106,1,
constants,1,
from/to,1,
won't,1,
dynamixel_controllers,1,
spawner,1,
reusable,1,
utilises,1,
pano_ros,1,
stitching,1,
lds-01,1,
centimeter,1,
turtlebot3_follow_filter,1,
laser_filters,1,
turtlebot3_follower,1,
pacakge,1,
moveback,1,
mbf_recovery_behaviors,1,
cognitao,1,
cognitao_ros,1,
lpms,1,
lpms_imu,1,
rosunit,1,
unit-testing,1,
lower-level,1,
provides:,1,
rosclean,1,
rosclean:,1,
cmake-based,1,
rosboost,1,
rosboost-cfg,1,
cflags/lflags/etc,1,
importing,1,
fcl_catkin,1,
velocity_controllers,1,
rqt_controller_manager,1,
position_controllers,1,
joint-space,1,
gripper_action_controller,1,
forward_command_controller,1,
effort_controllers,1,
controller_manager_tests,1,
wire_tutorials,1,
wire_state_estimators,1,
wire_msgs,1,
wire_core,1,
solves,1,
problib_msgs,1,
mvsim,1,
multivehicle,1,
webargs,1,
built-in,1,
django,1,
webapp2,1,
aiohttp,1,
ntpd_driver,1,
timereference,1,
mavros_msgs,1,
extendable,1,
libmavconn,1,
octomap_server,1,
octree-based,1,
distributes,1,
incrementally,1,
octomaps,1,
octomap_saver,1,
pure-python,1,
interaface,1,
behaviortree,1,
pykdl,1,
trajectory_tracker_msgs,1,
trajectory_tracker,1,
safety_limiter_msgs,1,
planner_cspace,1,
mcl_3dl,1,
3-d/6-dof,1,
lidar(s,1,
map_organizer_msgs,1,
image_recognition_util,1,
image_recognition_tensorflow_rqt,1,
image_recognition_tensorflow,1,
skybiometry,1,
image_recognition_skybiometry,1,
image_recognition_rqt,1,
openface,1,
image_recognition_openface,1,
image_recognition_msgs,1,
image_recognition_jetson,1,
extractor,1,
image_recognition_color_extractor,1,
image_recognition_analysis,1,
image_recognition_age_gender,1,
image_recognition,1,
hpp-fcl,1,
hokuyo3d,1,
costmap_cspace_msgs,1,
costmap_cspace,1,
vtec_tracker,1,
vtec_ros,1,
visiotec,1,
vtec_msgs,1,
dictionaries,1,
librealsense2,1,
intel(r,1,
realsense(tm,1,
d400,1,
jsk_rviz_plugins,1,
jsk_rqt_plugins,1,
jsk_interactive_test,1,
jsk_interactive,1,
zivid_camera,1,
curretly,1,
speeched,1,
vad,1,
voice_text,1,
www.voicetext.jp,1,
effector's,1,
estmated,1,
slic-superpizel,1,
superpixel,1,
achanta,1,
[pami'12,1,
num,1,
2274-2282],1,
over-segmentations,1,
opencv-based,1,
icmp,1,
echo_request,1,
roscore,1,
speechrecognition,1,
clinet,1,
respeaker,1,
respeaker_ros,1,
pgm,1,
parameter/structure,1,
opt_camera,1,
multi_map_server,1,
mini_maxwell,1,
lpg,1,
lpg_planner:,1,
lpgl,1,
http://zeus.ing.unibs.it/lpg/,1,
libsiftfast,1,
laser_filters_jsk_patch,1,
julius_ros,1,
julius:,1,
csr,1,
http://julius.sourceforge.jp/index.php,1,
jsk_topic_tools,1,
jsk_tilt_laser,1,
jsk_network_tools,1,
jsk_data,1,
influxdb,1,
influxdb_store,1,
view2,1,
draw-on,1,
texttospeech,1,
google_cloud_texttospeech,1,
gdrive,1,
ffha,1,
ffha:,1,
http://ipc.informatik.uni-freiburg.de,1,
ff:,1,
http://www.loria.fr/~hoffmanj/ff.html,1,
trensformation,1,
downward:,1,
http://www.fast-downward.org,1,
unaccepted,1,
collada_urdf,1,
bayesian_belief_networks,1,
https://github.com/ebay/bayesian-belief-networks,1,
newey,1,
anzar,1,
afaq,1,
ebay,1,
synchronously,1,
devel,1,
aques,1,
aques_talk,1,
sound_classification,1,
geometrical,1,
jsk_pcl_ros,1,
jsk_perception,1,
imagesift,1,
cob4-x,1,
raw3-x,1,
hardware/device,1,
preconfigured,1,
cob_default_robot_behavior,1,
checkboards,1,
audio_common_msgs/audiodata,1,
slippy,1,
openstreetmap,1,
goolemap,1,
tiago_simulation,1,
tiago_multi,1,
tiago_gazebo,1,
tiago_controller_configuration_gazebo,1,
tiago's,1,
multires,1,
multires_image,1,
mavs,1,
raspimouse_description,1,
ublox_serialization,1,
ublox_msgs,1,
gnss,1,
ublox_gps,1,
ubx,1,
eigenpy,1,
boost.python,1,
xarm_sdk,1,
xarm_planner,1,
xarm_msgs,1,
xarm_gazebo,1,
xarm_description,1,
xarm_controller,1,
xarm_bringup,1,
xarm_api,1,
xarm7_with_vacuum_gripper,1,
vigir_global_footstep_planner,1,
vigir_footstep_planning_default_plugins,1,
vigir_footstep_planning,1,
vigir_footstep_planner,1,
vigir_foot_pose_transformer,1,
vigir_feet_pose_generator,1,
pr2_trajectory_execution_tests,1,
pr2_test_sbpl_planner,1,
pr2_test_kinematic_constraints,1,
pr2_test_collision_distance_field,1,
pr2_test_collision_detection,1,
pr2_test_chomp_planner,1,
pr2_simple_benchmark_test,1,
pr2_planning_interface_tests,1,
pr2_ompl_planning_tests,1,
pr2_moveit_tests,1,
pr2_move_group_test,1,
pr2_arm_ik_tests,1,
`ros_version`,1,
`ros_distro`,1,
`ros_package_path`,1,
`ros_etc_dir`,1,
realations,1,
probabilities,1,
asr_flir_ptu_driver,1,
authors:,1,
valerij,1,
wittenbeck,1,
gehrung,1,
meissner,1,
schlosser,1,
higher-level,1,
camera_calibration,1,
monocular,1,
pf,1,
gnuplot,1,
hector_trajectory_server,1,
hector_slam_launch,1,
systems/setups/postprocessing,1,
hector_nav_msgs,1,
hector_marker_drawing,1,
40hz,1,
hector_map_tools,1,
occupancygridmap,1,
hector_map_server,1,
retrieving,1,
raycasting,1,
queries,1,
endpoint,1,
hector_imu_tools,1,
hector_imu_attitude_to_tf,1,
hector_geotiff_plugins,1,
hector_compressed_map_transport,1,
hand2eye,1,
visp_hand2eye_calibration,1,
visp_camera_calibration,1,
pattern-based,1,
visp_auto_tracker,1,
automaticaly,1,
initialise,1,
achieves,1,
re-initialize,1,
autoconfig,1,
autoconfiguration,1,
rospy_wrapper,1,
tello,1,
>this,1,
pursues,1,
ros_driver,1,
encapsulated,1,
stand_alone_gui,1,
caljob,1,
sparse_bundle_adjustment,1,
toolsets,1,
pioneer_bringup,1,
functionnalities,1,
iiwa_ros,1,
robbie_architecture,1,
3.6.0,1,
sender,1,
theora_image_transport,1,
simple_message,1,
funcitonality,1,
node(s,1,
deprecation,1,
package/node,1,
subscribing,1,
off-robot,1,
tranport,1,
high-definition,1,
png-compressed,1,
compressed_image_transport,1,
compressed_depth_image_transport,1,
floating-point,1,
irb5400,1,
irb4400,1,
matlab/c++,1,
mt/mti/mti-g,1,
mongodb_store_msgs,1,
mongodb-based,1,
mongodb_log,1,
mongodb_store,1,
regroups,1,
developped,1,
rostate,1,
rostate_machine,1,
ibeo_core,1,
descartes_trajectory,1,
descartes_planner,1,
descartes_core,1,
underdefined,1,
kinematic/dynamic,1,
path-planning,1,
under-defined,1,
sdhlibrary,1,
sdhlibrary-cpp,1,
xbot_talker,1,
actionlib_enhanced,1,
nmea_comms,1,
ditance,1,
deadreck,1,
distance_map_core,1,
distance_map,1,
rqt_bhand,1,
bhand_controller,1,
barrett_hand,1,
topic_proxy,1,
republish,1,
blob/blob,1,
barrett_hand_description,1,
disparate,1,
"""state",1,
assembler",1,
"""smasha""",1,
distilling,1,
yaml-based,1,
foreground,1,
jinja2-based,1,
nmea_gps_plugin,1,
multimaster_msgs,1,
programmatically,1,
cmakelists.txt,1,
relaying,1,
quaternion_operation,1,
todo,1,
kr6_r900_workspace,1,
kr6_r900_workspace_ikfast_manipulator_plugin,1,
kr6_r900_mit_suction_gripper,1,
kr6_r900sixx,1,
framefab_irb6600_workspace,1,
framefab_irb6600_workspace_ikfast_rail_robot_manipulator_plugin,1,
abb6640,1,
choreo_task_sequence_planning,1,
path:,1,
near-pt,1,
shrinked,1,
a.i,1,
minizinc,1,
stripstream,1,
industrial_robot_simulator,1,
"""execution""",1,
robot-agnostic,1,
6-,1,
7-dof,1,
assembly_type,1,
sciurus17_vision,1,
sciurus17_tools,1,
sciurus17_msgs,1,
sciurus17_gazebo,1,
sciurus17_bringup,1,
ubuntu:precise,1,
ubuntu:trusty,1,
swri_transform_util,1,
swri_system_util,1,
swri_string_util,1,
swri_serial_util,1,
simplify,1,
swri_roscpp,1,
swri_opencv_util,1,
swri_math_util,1,
swri_image_util,1,
swri_geometry_util,1,
swri_console_util,1,
marti_data_structures,1,
pal_parallel_gripper_wrapper,1,
pal_gripper_gazebo,1,
pal_gripper_description,1,
pal_gripper_controller_configuration,1,
pal_gripper,1,
razor_imu_9dof,1,
sparkfun,1,
openlog,1,
m0,1,
log_view,1,
ncurses,1,
swri_console,1,
ifopt,1,
naoqios,1,
naoqi_bridge_msgs,1,
nao_robot,1,
openhrp3,1,
sick_tim-repository,1,
günther,1,
seed-noid-mover-typeg,1,
seed-arm-mover-typeg,1,
typeg2,1,
seed-arm-mover-typeg2,1,
typef,1,
seed-noid-mover-typef,1,
seed_r7_samples,1,
seed_r7_ros_pkg,1,
seed_r7_ros_controller,1,
seed_r7_robot_interface,1,
seed_r7_navigation,1,
seed_r7_gazebo,1,
seed_r7_description,1,
seed_r7_bringup,1,
libqglviewer,1,
dynamicedt3d,1,
inrementally,1,
updatable,1,
propagate,1,
abstracted,1,
telegram_ros,1,
dsr_msgs,1,
dsr_launcher,1,
dsr_gazebo,1,
dsr_example,1,
dsr_description,1,
dsr_control,1,
doosan_robotics,1,
sensor_msgs/pointcloud,1,
sensor_msgs/pointcloud2,1,
skew,1,
pmb2_multi,1,
gazebo-specifig,1,
csm,1,
3rd-party,1,
rcdiscover,1,
insititute,1,
marti_visualization_msgs,1,
marti_status_msgs,1,
marti_sensor_msgs,1,
marti_perception_msgs,1,
marti_introspection_msgs,1,
marti_dbw_msgs,1,
marti_common_msgs,1,
marti_can_msgs,1,
iot_bridge,1,
bi-directional,1,
openhab,1,
z-wave,1,
rqt_publisher,1,
robot_localization,1,
agribot,1,
earth_rover_bed_detection,1,
unzips,1,
header-only,1,
aren't,1,
https://github.com/opengm/opengm,1,
bjoern,1,
thorsten,1,
beier,1,
joerg,1,
h.~kappes,1,
libdlib,1,
dlib,1,
https://github.com/davisking/dlib,1,
cob_extern,1,
manufactorers,1,
shameless,1,
reimplementation,1,
foote's,1,
eusurdf,1,
tester,1,
euslisp_model_conversion_tester,1,
hector_nist_arena_worlds,1,
hector_nist_arena_elements,1,
elements/parts,1,
http://ros.org/wiki/visualization_msgs,1,
trajectory_msgs,1,
http://ros.org/wiki/trajectory_msgs,1,
http://ros.org/wiki/tf2_msgs,1,
rtt_tf,1,
http://ros.org/wiki/stereo_msgs,1,
shape_msgs,1,
http://ros.org/wiki/shape_msgs,1,
http://ros.org/wiki/sensor_msgs,1,
rtt_rosparam_tests,1,
service-requester,1,
associating,1,
rtt_rospack,1,
ros_package_path,1,
rosgraph_msgs,1,
http://ros.org/wiki/rosgraph_msgs,1,
rosdeployment,1,
rtt_rosdeployment,1,
rtt_roscomm_tests,1,
rtt_roscomm,1,
rosclock,1,
rtt_ros_rosbuild_test,1,
rtt_ros_integration,1,
infrastructures,1,
rtt_ros_comm,1,
roslaunching,1,
http://ros.org/wiki/nav_msgs,1,
kdl_conversions,1,
http://ros.org/wiki/geometry_msgs,1,
rtt_dynamic_reconfigure_tests,1,
rtt_dynamic_reconfigure,1,
diagnostic_msgs,1,
http://ros.org/wiki/diagnostic_msgs,1,
rtt_common_msgs,1,
http://ros.org/wiki/actionlib_msgs,1,
rtt_actionlib,1,
scenescan,1,
omronsentech,1,
omronsentech_camera,1,
sentech,1,
sentechsdk,1,
ros_introspection,1,
ros2,1,
magical_ros2_conversion_tool,1,
fake-joint,1,
catkin-friendly,1,
leptrino,1,
leptrino_force_torque,1,
decoded,1,
ros-node-like,1,
rwt_utils_3rdparty,1,
rwt_steer,1,
rwt_speech_recognition,1,
rwt_robot_monitor,1,
rwt_plot,1,
rwt_nav,1,
rwt_image_view,1,
chooser,1,
session_tutorials,1,
openraveros,1,
recieve,1,
librobot_control,1,
openravecontroller.h,1,
tfsender,1,
see:,1,
http://openrave.programmingvision.com/wiki/index.php/ros:controllingrobots,1,
m6ib6s,1,
m430ia2p,1,
m430ia2f,1,
m20ib25,1,
m20ia10l,1,
m16ib20,1,
lrmate200ic5l,1,
lrmate200ic5h,1,
crane_x7_msgs,1,
lrmate200ib3l,1,
cr7ial,1,
cr35ia,1,
remote_rosbag_record,1,
ixblue_ins_driver,1,
rosbag_editor,1,
vrpn,1,
assigning,1,
dgps,1,
dgps_ros,1,
crane_x7,1,
crane_x7_gazebo,1,
pr2_tuck_arms_action,1,
tools/actions,1,
pr2's,1,
simplifies,1,
fetching,1,
pr2_common_action_msgs,1,
joint_trajectory_generator,1,
joint_trajectory_action_tools,1,
roslint,1,
roseus_tutorials,1,
roseus_smach,1,
smach_viewer,1,
mongo,1,
roseus_mongo,1,
multisense_ros,1,
multisense_lib,1,
interoperability,1,
testing/demonstrating,1,
robot_nav_rviz_plugins,1,
color_util,1,
pr2_self_test,1,
pr2_motor_diagnostic_tool,1,
pr2_counterbalance_check,1,
mechanicals,1,
navgrids,1,
occupancygrids,1,
iterators,1,
iterator,1,
templatized,1,
overlaying,1,
`nav_core`,1,
`nav_core2`,1,
readme.md,1,
core2,1,
localplanner,1,
globalplanner,1,
nav_core,1,
nav_core2,1,
multisense_description,1,
multisense_cal_check,1,
multisense_bringup,1,
annotator,1,
annotates,1,
navigation-specific,1,
pr2_navigation,1,
pr2_move_base,1,
power_monitor,1,
ocean_battery_server,1,
pr2_power_board,1,
friendlier,1,
laser_tilt_controller_filter,1,
pr2eus_tutorials,1,
pr2eus_openrave,1,
pr2eus_moveit,1,
impedance,1,
pr2eus_impedance,1,
geometry_msgs::pose2d,1,
locomove,1,
move_base's,1,
queues,1,
wg,1,
completeness,1,
goalchecker,1,
trajectorygenerators,1,
nav_core2::localplanner,1,
trajectorycritic,1,
dlux_global_planner,1,
nav_core2::globalplanner,1,
iterating,1,
dependency-less,1,
potree,1,
rb1_base_sim,1,
rb1_base_gazebo,1,
icart_mini_gazebo,1,
icart_mini_driver,1,
icart_mini_description,1,
icart_mini_control,1,
i-cart,1,
armnavigation,1,
pr2eus_armnavigation,1,
jsk_teleop_joy,1,
jsk_ik_server,1,
jsk_footstep_planner,1,
jsk_footstep_controller,1,
jsk_control,1,
jsk_calibration,1,
joy_mouse,1,
hector_sensors_gazebo,1,
hector_gazebo_worlds,1,
hector_gazebo_thermal_camera,1,
gazebo_ros_camera,1,
6wd,1,
hector_gazebo,1,
qpoases,1,
eus_qpoases,1,
eus_qp,1,
eus_nlopt,1,
parameters:,1,
contact_states_observer,1,
arbotix_node,1,
arbotix-powered,1,
arbotix_python,1,
constains,1,
b-cap,1,
roboticsgroup,1,
upatras,1,
cmd_vel_smoother,1,
libsick,1,
sr_random_generator,1,
sr_event_countdown,1,
sr_all_events_go,1,
smacc_rviz_plugin,1,
ros/c++,1,
uml,1,
statechart,1,
sm_viewer_sim,1,
sm_update_loop,1,
sm_three_some,1,
starcraft,1,
sm_starcraft_ai,1,
respira,1,
sm_respira_1,1,
plugs,1,
sm_pr2_plugs,1,
sm_packml,1,
sm_opencv,1,
sm_moveit,1,
uuid,1,
ipcamera,1,
widget,1,
flexbe_widget,1,
flexbe_testing,1,
flexbe_states,1,
flexbe_onboard,1,
robot-side,1,
flexbe_msgs,1,
flexbe_mirror,1,
flexbe_input,1,
flexbe_core,1,
to/from,1,
xpp_msgs,1,
mellinger,1,
"""trajectory",1,
quadrotors",1,
hyq,1,
hyq-robot,1,
motion-plans,1,
urdfs,1,
dance_bot_strikes_back,1,
dance_bot,1,
sm_coretest_x_y_3,1,
sm_coretest_x_y_2,1,
sm_coretest_x_y_1,1,
sm_coretest_transition_speed_1,1,
sm_calendar_week,1,
sm_atomic,1,
ros_timer_client,1,
ros_publisher_client,1,
multirole,1,
multirole_sensor_client,1,
moveit_z_client,1,
move_base_z_client_plugin,1,
move_baes,1,
microstrain_mips_client,1,
keyboard_client,1,
forward_local_planner,1,
forward_global_planner,1,
battery_monitor_client,1,
backward_local_planner,1,
backward_global_planner,1,
genicam/gige,1,
license.md,1,
rtmbuild,1,
openhrp,1,
a2/a1,1,
a3/s1,1,
rtc,1,
rtm,1,
rtmros-data-bridge.py,1,
rt-component,1,
dataport/topic,1,
ros/topic,1,
rtm/dataport,1,
openrtm_tools,1,
robotnik_msgs,1,
robotnik's,1,
tb3_safe_teleop,1,
tb3_monitor,1,
rb1_base_pad,1,
configures,1,
rb1_base_localization,1,
rb1_base_description,1,
rb1_base_control,1,
rb1_base_common,1,
backwards-compatible,1,
plugin’s,1,
packages.the,1,
mbf_utility,1,
mbf_simple_nav,1,
move_base_flex,1,
getpath,1,
exepath,1,
movebase,1,
costmapplanner,1,
costmapcontroller,1,
costmaprecovery,1,
therefor,1,
openrtm_ros_bridge,1,
framework:,1,
hrpsys_tools,1,
hrpsys_ros_bridge,1,
pr2_gripper_sensor_msgs,1,
pr2_gripper_sensor*,1,
follows:,1,
pr2gripper*command,1,
pr2gripper*data,1,
hand-mounted,1,
finger-mounted,1,
closed-loop,1,
palm-mounted,1,
motor/encoder,1,
sensor-based,1,
pr2_gripper_sensor,1,
urg_node,1,
hand-eye,1,
talos_controller_configuration,1,
talos_bringup,1,
ur_robot_driver,1,
ros-equivalent,1,
uorb,1,
abstractplanner,1,
abstractcontroller,1,
abstractrecovery,1,
derivided,1,
flexbe_app,1,
ros_reflexxes,1,
libreflexxestype2,1,
reflexxestypeii,1,
ipr,1,
currentlly,1,
libraries:,1,
gentl,1,
endpoints,1,
behaviours,1,
khi_rs_ikfast_plugin,1,
khi_rs_gazebo,1,
khi_rs_description,1,
rs080n,1,
khi_rs080n,1,
rs025n,1,
khi_rs025n,1,
rs013n,1,
khi_rs013n,1,
rs007n,1,
khi_rs007n,1,
rs007l,1,
khi_rs007l,1,
khi_duaro,1,
khi_duaro_ikfast_plugin,1,
khi_duaro_gazebo,1,
khi_duaro_description,1,
irb7600,1,
irb6700,1,
irb6650s,1,
irb52,1,
irb4600,1,
irb2600,1,
irb120t,1,
crb15000,1,
it:,1,
cov,1,
se(2)/se(3,1,
includes:,1,
vector_map_msgs,1,
tablet_socket_msgs,1,
genmsg,1,
autoware_system_msgs,1,
autoware_msgs,1,
autoware_lanelet2_msgs,1,
autoware_config_msgs,1,
autoware_can_msgs,1,
omni3,1,
ddynamic_reconfigure_python,1,
smartactuator,1,
seed_smartactuator_sdk,1,
rqt_action,1,
rqt_msg,1,
rqt_srv,1,
constructs,1,
multiarrays,1,
xmlrpcpp,1,
xmlrpc++,1,
xml-rpc,1,
sourceforge,1,
roscpp's,1,
threading,1,
throttling,1,
altering;,1,
blobs,1,
rosbag_storage,1,
streamline,1,
arm-code,1,
svenzva_ros,1,
revel,1,
svenzva_joy,1,
svenza_drivers,1,
svenzva_demo,1,
diagnosing,1,
faq,1,
xunit,1,
querying,1,
system-wide,1,
/rosout,1,
roslz4,1,
deserialization,1,
reserialization,1,
communications-related,1,
sick_ldmrs,1,
rqt_graph,1,
roscpp_tutorial,1,
ros_tutorials,1,
moveit_runtime,1,
developers',1,
non-trivial,1,
rosconsole_bridge,1,
console_bridge,1,
console_bridge-based,1,
rosconsole-based,1,
self_test,1,
rosdiagnostic,1,
updater,1,
diagnostic_updater,1,
diagnostic_common_diagnostics,1,
diagnostic_analysis,1,
csv,1,
robot_controllers,1,
robot_controllers_interface,1,
maps-odom,1,
orb_slam2,1,
overloading,1,
/dev/kobuki,1,
non-ros,1,
iirob,1,
force_torque_sensor,1,
wit-imu-driver,1,
wit_imu,1,
device:,1,
jy901,1,
wt901c,1,
rover_zero_driver,1,
rr_control_input_manager,1,
rr_openrover_simulation,1,
rr_openrover_driver_msgs,1,
rr_openrover_description,1,
thresholds,1,
package(including,1,
ros_type_introspection,1,
deserialize,1,
sr_robot_launch,1,
left_sr_ur10,1,
right_sr_ur10,1,
sr_multi_description,1,
moveit_msgs/grasp,1,
sr_example,1,
interfaced,1,
additionnal,1,
dof,1,
hebiros_gazebo_plugin,1,
[[bond]],1,
[[bondpy]],1,
[[bondcpp]],1,
smclib,1,
smc,1,
http://smc.sourceforge.net/,1,
language-independent,1,
gundam_rx78_gazebo,1,
gundam_rx78_description,1,
gundam_rx78_control,1,
gundam_robot,1,
bondpy,1,
bondcpp,1,
aruco_msgs,1,
ros_force_based_move,1,
boost::asio,1,
canopen_chain_node,1,
canopen_402,1,
synchronisation,1,
preemptable,1,
spline,1,
phm_tools,1,
phm_start,1,
phm_robot_task_completion,1,
phm_reliability_calculation,1,
phm_msgs,1,
phm_hazard_rate_calculation,1,
agv,1,
agv_msgs,1,
eth,1,
oxts,1,
ncom,1,
simple_approximate_time_synchronizer,1,
rotunit,1,
modul,1,
rgbd_rosbag_tools,1,
move_base_straight,1,
muxer,1,
joint_state_muxer,1,
battery_guard,1,
min_max_finder.py,1,
robot;,1,
acc_finder.py,1,
turtlebot_gazebo_plugins,1,
koenig,1,
nodelete,1,
agile_grasp,1,
netatmo2ros,1,
netatmo,1,
weatherstation,1,
avr8,1,
ual,1,
ecar's,1,
arduino-based,1,
imager,1,
laser_proc,1,
readme,1,
turtlebot_description,1,
turtlebot_bringup,1,
convertcommon,1,
semanticallyidentical,1,
functionsmake,1,
withthe,1,
datatype,1,
forthe,1,
matrixlibrary,1,
inthe,1,
roadmap,1,
usertransform,1,
atany,1,
between:,1,
accumulator,1,
ros_bridge,1,
cog,1,
cog_publisher,1,
pcontroller,1,
p-controller,1,
rqt_rviz,1,
embedding,1,
tracetools,1,
effectors,1,
rostopics,1,
emulates,1,
baxter_sim_examples,1,
robto,1,
withethercat,1,
https://github.com/ros-industrial/robotiq/blob/jade-devel/robotiq_ethercat/src/ethercat_manager.cpp,1,
navigaion,1,
xiaoqiang_freenect_camera,1,
xyz,1,
addwa,1,
firewire,1,
xxx.machine,1,
aggregates,1,
"""pr2_dashboard""",1,
hector_quadrotor_teleop,1,
joy/joy,1,
hector_quadrotor_pose_estimation,1,
hector_quadrotor_model,1,
hector_quadrotor_interface,1,
hector_quadrotor_gazebo_plugins,1,
quadrotors,1,
hector_gazebo_ros_baro,1,
hector_quadrotor_simple_controller,1,
quadrotor's,1,
hector_quadrotor_gazebo,1,
hector_quadrotor_description,1,
hector_quadrotor_controllers,1,
hector_quadrotor_controller_gazebo,1,
robothwsim,1,
hector_quadrotor_controller,1,
hector_quadrotor_actions,1,
ncd,1,
ncd_parser,1,
alog,1,
dataset,1,
splitter,1,
laser_scan_splitter,1,
sparsifier,1,
sparsifies,1,
ortho,1,
laser_ortho_projector,1,
markers/features,1,
covariances,1,
vinyslam,1,
roch_rapps,1,
dmu,1,
dmu11,1,
tuw_control,1,
ftm,1,
lds2,1,
lds(hls-lfcd3,1,
fanuc_post_processor,1,
post-processor,1,
dsp-3000,1,
single-axis,1,
usbpro,1,
/rfid_detector_node,1,
/rfid_detections,1,
4fields:,1,
epc:,1,
antenna:,1,
read_count:,1,
rssi:,1,
rssi,1,
thingmagic's,1,
https://github.com/gotthardp/python-mercuryapi,1,
roomblock_navigation,1,
roomblock_mapping,1,
roomblock_description,1,
roomblock_bringup,1,
nao_gazebo_plugin,1,
nao_control,1,
kobuki_rviz_launchers,1,
qtestsuite,1,
kobuki-specific,1,
multi-jackal,1,
spawns,1,
vs060a1_av6_nnn_nnn,1,
denso_ros_control,1,
rostful,1,
cht10,1,
dumpbot_serial_func,1,
dumpbot,1,
mcu,1,
thormang3_tools,1,
opc,1,
thormang3_opc,1,
thormang3_offset_tuner_server,1,
ros_mpg321_player,1,
thormang3_action_editor,1,
robotis_op3_tools,1,
robotis_op3_demo,1,
op3_web_setting_tool,1,
op3_offset_tuner_client,1,
op3_gui_demo,1,
demontrations(soccer,1,
op3_camera_setting_tool,1,
circle-like,1,
op3_action_editor,1,
porovides,1,
humanoid_planner_2d,1,
ara*,1,
ad*,1,
r*,1,
gridmap_2d,1,
opencv's,1,
cv::mat,1,
camera:,1,
verilog,1,
fpga,1,
wge100_camera/firmware_images/,1,
smach_ros,1,
smach-ros,1,
ethernetip,1,
https://www.openbionics.com/shop/brunel-hand,1,
teleop_tools_msgs,1,
text-based,1,
simulators,1,
ros_core,1,
non-robot,1,
ros_base,1,
libaries,1,
raspigibbon_ros,1,
raspigibbon_msgs,1,
raspigibbon_description,1,
raspigibbon_bringup,1,
futaba,1,
futaba_serial_servo,1,
readable,1,
thormang3_walking_demo,1,
assembling,1,
laserscan(laserscan,1,
ppc,1,
thormang3_ppc,1,
thormang3_mpc_sensors,1,
thormang3_manipulation_demo,1,
3dm,1,
gx4,1,
3dm-gx4-25,1,
robotics's,1,
imu_3dm_gx4,1,
thormang3_common,1,
thormang3_offset_tuner,1,
thormang3_msgs,1,
thormang3_mpc,1,
thormang3_manipulation_module,1,
upper-body,1,
impletation,1,
thormang3_head_control_module,1,
thormang3_gripper_module,1,
thormang3_feet_ft_module,1,
thormang3_base_module,1,
thormang3_balance_control,1,
sensor_module_tutorial,1,
motion_module_tutorial,1,
ati's,1,
transducer,1,
robotis_op3,1,
open_cr_module,1,
op3_walking_module,1,
op3_online_walking_module,1,
op3_manager,1,
op3_localization,1,
op3_kinematics_dynamics,1,
op3_head_control_module,1,
op3_gazebo,1,
op3_direct_control_module,1,
op3_description,1,
op3_base_module,1,
op3_balance_control,1,
op3_action_module,1,
cm_740_module,1,
manipulator_h_manager,1,
manipulator_h_kinematics_dynamics,1,
manipulator_h_gui,1,
manipulator_h_gazebo,1,
manipulator_h_description,1,
manipulator_h_bringup,1,
thormang,1,
rh_p12_rn,1,
webui,1,
web_msgs,1,
web_interface,1,
sandbox,1,
gated,1,
apache2,1,
ros_apache2,1,
fuctions,1,
funntions,1,
pyclearsilver,1,
clearsilver,1,
launchman,1,
mjpeg,1,
flv,1,
dartsim,1,
rrt-based,1,
image-based,1,
suite:,1,
pre-catkin,1,
kobuki_description,1,
bumper2pc,1,
bumper/cliff,1,
nodelet:,1,
bumpers,1,
kobuki_node,1,
vigir_footstep_planning_msgs,1,
shortcuts,1,
rqt_ez_publisher,1,
raspigibbon_utils,1,
raspigibbon_sim,1,
raspigibbon_master_slave,1,
raspigibbon_gazebo,1,
raspigibbon_control,1,
raspigibbon_apps,1,
loki_base_node,1,
sonars,1,
camera1394stereo,1,
synchronises,1,
libhaloc,1,
hash-based,1,
`pr2_mechanism_diagnostics`,1,
`mechanism_statistics`,1,
`/diagnostics`,1,
pr2_mechanism_controllers,1,
pr2_mechanism,1,
encoders,1,
pr2_gripper_action,1,
pr2_controllers,1,
pr2_calibration_controllers,1,
joint_trajectory_action,1,
pepper_sensors,1,
pepper_description,1,
pepper_bringup,1,
declarations,1,
openslam's,1,
floorplan,1,
visualisations,1,
cost_maps,1,
loki_teleop,1,
loki_nav,1,
loki_description,1,
loki_demos,1,
loki_bringup,1,
libdc1394,1,
segway_rmp,1,
multirobot,1,
frontier-based,1,
param,1,
"""include""",1,
micro-path,1,
choreo_kr5_arc_workspace,1,
choreo_kr5_arc_workspace_ikfast_rail_robot_manipulator_plugin,1,
kr5-arc,1,
choreo_kr150_2_workspace,1,
choreo_kr150_2_workspace_ikfast_rail_robot_manipulator_plugin,1,
kr150_2,1,
choreo_gui,1,
atm-like,1,
gatekeeper,1,
vendor-,1,
dof-,1,
vendor-specific,1,
rrt*,1,
choreo's,1,
effector:,1,
asworkshop@vip.163.com,1,
fabricator:,1,
yanxin,1,
yijiang,1,
stacklight,1,
packxml,1,
control/display,1,
xbot_navi,1,
xbot_face,1,
pipeline_planner,1,
teb_local_planner_tutorials,1,
3dmgx2,1,
3dm-gx2,1,
3dm-gx3,1,
r2,1,
r2_moveit_generated,1,
moveit_robots,1,
iri,1,
wam,1,
iri_wam,1,
baxter_ikfast_right_arm_plugin,1,
baxter_ikfast_left_arm_plugin,1,
orbbec,1,
ftc,1,
"""follow",1,
carrot",1,
abseil,1,
abseil_cpp,1,
ros-wrapper,1,
balearic,1,
http://srv.uib.es,1,
andeas,1,
cmakefile,1,
skid,1,
panning,1,
cnn_bridge,1,
jointstick,1,
controller!,1,
hector_timestamp_alignment,1,
hector_path_follower,1,
pose_follower,1,
hector_gps_calibration,1,
hector_exploration_planner,1,
hector_exploration_node,1,
hector_exploration_controller,1,
hector_elevation_msgs,1,
advertises,1,
pointclouds,1,
hector_driving_aid_markers,1,
hector_costmap,1,
untraversable,1,
sicktoolbox_wrapper,1,
master_discovery,1,
master_discovery_fkie,1,
multicast,1,
zeroconf/avahi,1,
node_manager_fkie,1,
nonpersistent,1,
uuv_cpc_sensor,1,
rosjava_core,1,
strain_gauge_calibration,1,
sr_grasp_fast_planner,1,
3dmouse,1,
sr_3dmouse,1,
pure-java,1,
codec_image_transport,1,
pr2_navigation_apps,1,
odometric,1,
pre-specified,1,
dwm1001,1,
localizer_dwm1001,1,
lfom,1,
"storage,inc",1,
hls-lfom,1,
lidar(tof,1,
depthcloud,1,
web-based,1,
ouster,1,
os1,1,
fetchit,1,
fetchit_challenge,1,
fetch_gazebo,1,
robosense,1,
ddynamic_reconfigure,1,
remapper,1,
tf/tf_remap,1,
care-o-bot-simulation,1,
care-o-bot-robot,1,
care-o-bot-desktop,1,
eml,1,
wiht,1,
ros_ethercar,1,
flanders',1,
mechatronics,1,
smp,1,
smp_ros,1,
bounces,1,
plugged,1,
"""wifi",1,
setup",1,
network_monitor_udp,1,
network_traffic_control,1,
ddwrt_access_point,1,
sdsdddsdsds,1,
melfa_robot,1,
melfa_driver,1,
melfa_description,1,
linux_networking,1,
wrt610n-compatible,1,
ieee80211,1,
ieee802.11,1,
vice-versa,1,
hostapd,1,
[[access_point_control]],1,
wrt610nv2,1,
models/dd-wrt,1,
'state,1,
machine',1,
access-point,1,
models:,1,
example:,1,
nodelet_topic_tools,1,
nodeletloader,1,
instantiating,1,
stomp_test_support,1,
test_kr210,1,
constrianed_ik,1,
industrial_collision_detection,1,
high-dof,1,
underconstrained,1,
31655,1,
compiles,1,
earth_rover_piksi,1,
heron_desktop,1,
rviz_recorder_buttons,1,
recordit,1,
joint_states,1,
three.js,1,
jmdns,1,
genjava,1,
robot_activity_tutorials,1,
node's,1,
lifecycle,1,
backward_ros,1,
backward-cpp,1,
https://github.com/bombela/backward-cpp,1,
optpp,1,
opt++,1,
navsat,1,
deamon,1,
remocons,1,
appable,1,
robot-android,1,
openhumanoids,1,
jsc,1,
http://gitlab.com/nasa-jsc-robotics/val_description,1,
ros_dialogflow,1,
gdc,1,
virtour,1,
gates/dell,1,
defintions,1,
deterministic,1,
libfovis,1,
barcode/qrcode,1,
http://zbar.sourceforge,1,
net/,1,
controller_manager_msgs,1,
http://ros.org/wiki/controller_manager_msgs,1,
http://ros.org/wiki/control_msgs,1,
mtig,1,
mti-g-700,1,
turtlebot_simulator,1,
rangearray,1,
messsages,1,
tango_support,1,
messages/services,1,
tango_client_api,1,
tango_3d_reconstruction,1,
nmea_msgs,1,
gx_sound_player,1,
gx_sound_msgs,1,
gx_sound,1,
3.x,1,
cob_forcetorque,1,
airbus_ssm_tutorial,1,
airbus_ssm_core,1,
airbus_pyqt_extend,1,
airbus_plugin_rviz,1,
airbus_plugin_rqt,1,
airbus_plugin_node_manager,1,
airbus_plugin_log_manager,1,
docgen,1,
airbus_docgen,1,
airbus_coop,1,
cobot,1,
airbus_cobot_gui,1,
turtlebot_navigation,1,
turtlebot_create,1,
turtlebot_calibration,1,
turtlebot_apps,1,
exmaples,1,
turtlebot_actions,1,
freenect_camera,1,
eband,1,
se2,1,
otl_roomba,1,
otl,1,
create_driver's,1,
'bonus',1,
xuwen,1,
quigley,1,
pyrobot.py,1,
kohler,1,
turtlebot_driver,1,
create_driver,1,
turtlebot_node,1,
webaudiomonitor,1,
browser-based,1,
browser:,1,
firefox,1,
audiomonitor,1,
library:,1,
qtmobility-dev,1,
romeoh37,1,
romeo_gazebo_plugin,1,
nao_dcm,1,
v4,1,
find_object_2d,1,
fulanghua_waypoints,1,
fulanghua_static_path_publisher,1,
fulanghua_srvs,1,
fulanghua_navigation,1,
evaluator,1,
fulanghua_evaluator,1,
fulanghua_ekf_2d,1,
schunk_canopen_driver,1,
stage-simulator,1,
navigation_2d,1,
obstacle-avoidance,1,
selflocalizer,1,
ros-node,1,
graph-based,1,
"""sri",1,
international",1,
robotnavigator,1,
gd,1,
gd_msgs,1,
twistimu,1,
gmplot_ros,1,
fzi_icl_can,1,
self-balancing,1,
gazebo's,1,
lin-kernighan,1,
tsp,1,
gtsp,1,
glkh,1,
lin–kernighan,1,
trep,1,
trep:,1,
dome/mild,1,
calibraiting,1,
pdb-dome,1,
data-tracking,1,
asr_kinematic_chain_optimizer,1,
manip,1,
aubo_trajectory,1,
"description,drivers",1,
aubo_panel,1,
aubo_new_driver,1,
aubo-i5,1,
aubo_msgs,1,
i5,1,
aubo_i5,1,
aubo_driver,1,
aubo_description,1,
aubo_control,1,
catkin_pip,1,
myahrs,1,
myahrs_driver,1,
withrobot's,1,
ahrs(attitude,1,
usb/uart/i2c,1,
13-bit,1,
bldc,1,
muse_bldc_motor_drive,1,
depth-image,1,
setups,1,
avt/prosilica,1,
gigabit,1,
hugin,1,
panoramas,1,
turtle_tf2,1,
tutle_tf2_listener,1,
turtle_tf,1,
tutle_tf_listener,1,
fzi_icl_core,1,
overlay,1,
urdfdom,1,
controllable,1,
architectures,1,
vigir_footstep_planning_widgets,1,
vigir_footstep_planning_rviz_plugin,1,
vigir_footstep_planning_plugins,1,
vigir_footstep_planning_lib,1,
nunchuk,1,
experimentally,1,
gyro,1,
vibrator,1,
wiimote's,1,
spacenav,1,
3dconnexion,1,
spacenavigator,1,
ps3joy,1,
uinput,1,
joy_node,1,
"""joy""",1,
joystick's,1,
cirkit_unit03_simulator,1,
cirkit_unit03_robot,1,
packege,1,
cirkit_unit03_gazebo,1,
cirkit_unit03_driver,1,
cirkit_unit03_description,1,
cirkit_unit03_control,1,
cirkit_unit03_common,1,
cirkit_unit03_bringup,1,
cirkit_unit03_base,1,
lms,1,
lms400,1,
range-finder,1,
rosmessages,1,
xml-file,1,
mild_base_driving,1,
chain's,1,
rosenbrock,1,
pbd,1,
dome's,1,
transformation_publisher,1,
guppy-cameras,1,
asr_flock_of_birds,1,
magnet-tracking,1,
"""flock",1,
birds",1,
posemarker,1,
nessesary,1,
magnettracking,1,
flockofbirds,1,
macosx,1,
cpf,1,
segmentation_ros,1,
appmanager,1,
rocon_app_utilities,1,
retaskable,1,
concert(a.k.a,1,
marshaling,1,
c-headers,1,
pymavlink,1,
rosdep,1,
python-pymavlink,1,
pepperl,1,
fuchs,1,
dummy_slam_broadcaster,1,
wts,1,
wts_driver,1,
summit-x,1,
summit_x_sim,1,
base_link,1,
summit_xl_control,1,
gyroscopes,1,
magnetometers,1,
summit_x_description,1,
summit_x_common,1,
phoxi,1,
phoxi_camera,1,
agvs_sim_bringup,1,
agvs_robot_control,1,
agvs_gazebo,1,
agvs_control,1,
camera_info_manager,1,
softnode,1,
softapps,1,
kobuki_softapps,1,
impementation,1,
tracker_base_ui,1,
rqt_video_playback,1,
hector_veil_geotiff_plugin,1,
hector_stair_detection_msgs,1,
hector_stair_detection,1,
hector_co2_processing,1,
hector_co2_detection_plugin,1,
hector_barrel_geotiff_plugin,1,
hector_barrel_detection_nodelet,1,
barrett_hand_sim,1,
barrett_hand_gazebo,1,
barrett_hand_control,1,
phantomx_reactor_arm_description,1,
phantomx_reactor_arm_controller,1,
phantomx_reactor_arm,1,
multiplot,1,
rqt_multiplot,1,
sbpl_interface_ros,1,
sbpl_interface,1,
metapacakge,1,
chomp_motion_planner,1,
chomp_interface_ros,1,
marshmallow,1,
manipulation_msgs,1,
household_objects_database_msgs,1,
agvs_pad,1,
package.component,1,
ps3,1,
agvs_description,1,
twist_mux,1,
priorize,1,
disable,1,
wcf,1,
hector_worldmodel_msgs,1,
percepts,1,
hector_worldmodel_msgs/posepercept,1,
hector_worldmodel_msgs/object,1,
latches,1,
hector_worldmodel_msgs/objectmodel,1,
hector_worldmodel_geotiff_plugins,1,
mahalanobis,1,
object_id,1,
hector_nav_msgs/getdistancetoobstacle,1,
object_tracker,1,
deduce,1,
multi-launch,1,
foreign_relay,1,
master_sync,1,
hubs,1,
malloc/new,1,
mutexes,1,
*very*,1,
re-represented,1,
ecl_exceptions,1,
ecl_converters,1,
ansii,1,
rtshell,1,
serializations,1,
asymmetric,1,
object_recognition_ros_visualization,1,
ork,1,
uavc,1,
2.2.2,1,
pythonwifi,1,
pypi,1,
deb,1,
patched,1,
https://github.com/andymccurdy/redis-py,1,
pub/sub,1,
multi-roslaunch,1,
ebnf,1,
0.91,1,
colourisation,1,
pubsubs,1,
msgs/srvs/actions,1,
openslam,1,
ros-ified,1,
https://openslam.informatik.uni-freiburg.de/data/svn/gmapping/trunk/,1,
rtsprofile,1,
rtctree,1,
ivcon,1,
utilityused,1,
'.iv',1,
'.stl',1,
notbeen,1,
onkeeping,1,
thispackage,1,
thereare,1,
jskeus,1,
object-oriented,1,
http://rtv.github.com/stage,1,
lyap,1,
hector_thermal_self_filter,1,
hector_worldmodel_msgs/verifypercept,1,
hector_soft_obstacle_detection,1,
hector_qrcode_detection,1,
hector_motion_detection,1,
hector_heat_detection,1,
heat_detection,1,
yujin's,1,
serialport,1,
md49_serialport,1,
md49_messages,1,
md49_base_controller,1,
certifi,1,
trustworthiness,1,
ssl,1,
tls,1,
http://certifi.io,1,
visualization_osg,1,
openrave-related,1,
openrave_planning,1,
parallelize,1,
robot_calibration,1,
openrave/collada,1,
one-click,1,
openrave's,1,
ros's,1,
bashrc:,1,
execute:,1,
xxx.zae,1,
"""openrave""",1,
*.zae,1,
dae,1,
arm_navigation_msgs,1,
rqt_joint_trajectory_plot,1,
ros_babel_fish,1,
dynamic_reconfigure's,1,
reconfigure_gui,1,
rqt_py_common,1,
refactoring,1,
"""ros_base""",1,
rqt_gui_py,1,
rqt_gui_cpp,1,
parts/metapackages,1,
rc_visard_driver,1,
tagdetect,1,
silhouettematch,1,
rc_hand_eye_calibration_client,1,
wacohtech,1,
tblib,1,
traceback,1,
fiddling,1,
tracebacks,1,
combined_robot_hw_tests,1,
speech_recognition_msgs,1,
pr2_robot,1,
'pause',1,
posedetection,1,
posedetection_msgs,1,
hark,1,
jsk_hark_msgs,1,
jsk_gui_msgs,1,
jsk_footstep_msgs,1,
imugyroscopes,1,
'/diagnostics',1,
andare,1,
"""tactile_data""",1,
schunk_sdh,1,
set:,1,
cells_x:,1,
cells_y:,1,
output_range:,1,
sensitivity:,1,
approximated,1,
formula:,1,
output_range,1,
measurement_range,1,
cell_area,1,
kpa,1,
length/width,1,
important:,1,
sheet!,1,
filter_length:,1,
smoothes,1,
simulation:,1,
thumb_2/state,1,
thumb_3/state,1,
finger_12/state,1,
finger_13/state,1,
finger_22/state,1,
finger_23/state,1,
topic:,1,
tactile_data,1,
"""framename""",1,
gazebo_ros_bumper,1,
powercubes,1,
schunk_bringup,1,
cob_bringup,1,
http://www.schunk-modular-robotics.com/fileadmin/user_upload/software/schunk_libm5api_source.zip,1,
mrpt1,1,
1.5.x,1,
gauges,1,
rqt_gauges,1,
sr_ethercat_hand_config,1,
launchtree,1,
launchfile,1,
polled_camera,1,
low-bandwidth,1,
jpeg/png,1,
setcamerainfo,1,
camera_calibration_parsers,1,
ros-related,1,
turtle_actionlib,1,
shape_server,1,
polygons,1,
rosbaglive,1,
pluginlib_tutorials,1,
actionlib_tutorials,1,
swarmros,1,
swarmio,1,
slam_karto,1,
gencpp,1,
rqt_pr2_dashboard,1,
robot_monitor,1,
mrpt_slam,1,
rbpf,1,
https://wiki.ros.org/gmapping,1,
icp,1,
mrpt_icp_slam_2d,1,
mrpt's,1,
icp-slam,1,
mrpt-graphslam,1,
#NAME?,1,
nextageopen,1,
head-mount,1,
0.7.15/march,1,
kinect/xtion,1,
pr2_simulator,1,
pr2_controller_configuration,1,
openni2_camera,1,
rgbd_launch,1,
sr_robot_msgs,1,
shadow_robot,1,
sr_description,1,
computer:,1,
roscreate-qt-pkg,1,
roscpp_tutorials,1,
master-chooser,1,
qt-ros,1,
roscreate-pkg,1,
pioneer_mrs,1,
3-at,1,
pyquaternion,1,
rviz-configuration,1,
model):,1,
asr_next_best_view/attributedpointcloud.msg,1,
asr_mild_base_fake_driving,1,
'perception,1,
algorithm'-independent,1,
6-d,1,
robot:,1,
frustum(s,1,
detectability,1,
mpdm,1,
https://store.neweagle.net/product/multiplexed-power-distribution-module-mpdm/,1,
unpack,1,
radar_msgs,1,
i2c,1,
velo2cam_gazebo,1,
velo2cam_calibration,1,
frame_editor,1,
cvb,1,
ros_cvb_camera_driver,1,
build-time,1,
fsrobo_r_msgs,1,
fsrobo_r,1,
fsrobo_r_driver,1,
fsrobo_r_bringup,1,
fsrobo-r,1,
turtlebot_arm_object_manipulation,1,
turtlebot_arm_moveit_demos,1,
turtlebot_arm,1,
turtlebot_arm_kinect_calibration,1,
off-board,1,
turtlebot_arm_ikfast_plugin,1,
turtlebot_arm_description,1,
turtlebot_arm_bringup,1,
turtlebot_arm_block_manipulation,1,
next-best-view,1,
3d-object-search,1,
"""object",1,
"""direct",1,
"""indirect",1,
indoor_localization,1,
rqt_carla_control,1,
pcl_recorder,1,
carla_waypoint_publisher,1,
carla_ros_bridge,1,
sensorlib,1,
reactivenav2d,1,
tp-space,1,
https://wiki.ros.org/mrpt_navigation,1,
mrpt_map,1,
https://wiki.ros.org/amcl,1,
voxels,1,
turtlebot3_slam,1,
turtlebot3_navigation,1,
route(square,1,
pointop,1,
x-axis,1,
y-axis,1,
angluar,1,
z-axis,1,
repl,1,
rosemacs,1,
cl_urdf,1,
carla_msgs,1,
carla_manual_control,1,
carla_infrastructure,1,
carla_ego_vehicle,1,
carla_ackermann_control,1,
run-time,1,
geneus,1,
gennodejs,1,
genlisp,1,
common-lisp,1,
cis_camera,1,
palletizing,1,
sr_tactile_sensor_controller,1,
sr_robot_lib,1,
sr_edc_ethercat_drivers,1,
sr_external_dependencies,1,
"""dummy""",1,
pic32,1,
sr_edc_muscle_tools,1,
usefull,1,
uwb_hardware_driver,1,
watson_ins,1,
tdk,1,
robokit,1,
tdk_robokit,1,
asr_object_database,1,
asr_visualization_server,1,
information:,1,
estimations,1,
recognizer_prediction_ism,1,
objects:,1,
intermediateobjectweight,1,
recognizername,1,
algorithmic,1,
service-based,1,
asr-optimized,1,
recognizers,1,
next-best-views,1,
isms,1,
actionlib_lisp,1,
hector_xacro_tools,1,
hector_sensors_description,1,
hector_components_description,1,
lossless,1,
lex_node,1,
health_metric_collector,1,
ros1/ros2,1,
aws/monitoring,1,
scene-recognition,1,
asr_ism,1,
passive-scene-recognition,1,
active-scene-recognition,1,
"""cropbox",1,
record",1,
asr_state_machine,1,
depthimage,1,
depthimage_to_laserscan,1,
third-party,1,
katana_driver,1,
tele-operation,1,
katana_moveit_ikfast_plugin,1,
spatio,1,
spatio-temporal,1,
microstrain_mips,1,
lord/microstrain,1,
3dm_gx5_xx,1,
gps-aided,1,
safe_teleop,1,
safe_teleop_base,1,
maupertuis,1,
adi_driver,1,
motoman_sia5d,1,
mpx3500,1,
mpl80,1,
mhj,1,
mh,1,
motoman_mh5_ikfast_manipulator_plugin,1,
epx,1,
motoman_csda10f,1,
fs100,1,
bmda3,1,
plattform,1,
geodesy,1,
geodetic,1,
wfov,1,
caster_viz,1,
caster_teleop,1,
caster_robot,1,
caster_navigation,1,
caster_desktop,1,
caster_description,1,
caster_control,1,
caster_base,1,
caster_app,1,
descriptor,1,
enumerants,1,
functionally,1,
`image_geometry`,1,
geometrically,1,
sensor_msgs/camerainfo,1,
cv_bridge,1,
blender_gazebo,1,
dockeros,1,
xsd2cpp,1,
schema,1,
asr_ros_uri,1,
resource_finder,1,
exception:,1,
1.13,1,
1.3.22,1,
sr_utilities,1,
sr_mechanism_model,1,
we're,1,
0s,1,
phalanges,1,
hand:(fake,1,
sr_gazebo_sim,1,
libflycapture2,1,
normalizing,1,
radians,1,
you're,1,
cv_camera,1,
camera_image,1,
eyantra,1,
pc/laptop,1,
"accelerometer,gyroscope",1,
ur_msgs,1,
http://hdl.handle.net/1853/50782,1,
polyscope,1,
ur_bringup,1,
ur5e,1,
ur3e,1,
ur10e,1,
gazebo_models,1,
asr_flir_ptu_controller,1,
single-channel,1,
classifiers,1,
ml_classifiers,1,
yosemite,1,
yosemite_valley,1,
sand_island,1,
mcmillan_airfield,1,
ksql,1,
ksql_airport,1,
gird_points,1,
vigir_walk_monitor,1,
vigir_pattern_generator,1,
contails,1,
utexas-bwi,1,
moveit_utils,1,
utilties,1,
kr,1,
diverting,1,
collide,1,
avatars,1,
urdf_test,1,
o3mxxx,1,
ifm_o3mxxx,1,
pheeno_ros_description,1,
sensorpc,1,
ult/psd/cliff,1,
pointcloud:,1,
roch_base,1,
refrence,1,
yujinrobot',1,
serivices,1,
/dev/roch,1,
raspicat,1,
rasberry,1,
system!,1,
pheeno_ros,1,
vigir_step_control,1,
ros_arduino_bridge,1,
tf2_tools,1,
tf2_py,1,
tf2_geometry_msgs,1,
tf2_eigen,1,
tf2_bullet,1,
c++:,1,
naoqi_navigation,1,
compatability,1,
geometry2,1,
pytest,1,
ros_pytest,1,
tuw_geometry,1,
qmake,1,
qt*-qmake,1,
libqt-widgets,1,
svg,1,
libqt-svg-dev,1,
libqt-network,1,
libqt-gui,1,
libqt-dev,1,
libqt-core,1,
libqt-concurrent,1,
metratec,1,
ips,1,
ips+,1,
3d-position-estimation,1,
timesync,1,
timestamps,1,
"""pluginlib""",1,
system's,1,
so/.dll,1,
tuw_vehicle_msgs,1,
tuw_object_msgs,1,
tuw_multi_robot_msgs,1,
tuw_msgs,1,
tuw_geometry_msgs,1,
airskin,1,
tuw_airskin_msgs,1,
web/websocket,1,
topic_switch,1,
teraranger_description,1,
igvc_self_drive_sim,1,
self-drive,1,
igvc_self_drive,1,
pioneer_teleop,1,
glew,1,
glut,1,
gl/glu/glut,1,
qglveiwer,1,
xbees,1,
python-xbee,1,
http://code.google.com/p/python-xbee/,1,
cortex/avr,1,
launchpad,1,
end-to-end,1,
performance-,1,
stability-oriented,1,
rosserial_python,1,
embeddedlinux,1,
enviroments,1,
arduino/avr,1,
voronoi_graph_generator,1,
dxf_to_graph,1,
dxf,1,
segments_to_graph,1,
tuw_rviz,1,
tuw_object_rviz,1,
multirobotrouter,1,
tabel,1,
sequentially,1,
tuw_multi_robot_goal_generator,1,
tuw_multi_robot_msgs/robotinfo,1,
tuw_geometry_rviz,1,
statistic,1,
test_statistic,1,
psdk,1,
olfati,1,
olfati_saber_flocking,1,
micros_swarm_stage,1,
micros_swarm_gazebo,1,
swarm-level,1,
stigmergy,1,
micros_swarm,1,
hector_uav_msgs,1,
gsdf,1,
gsdf_msgs,1,
app_loader,1,
srdfdom,1,
deploys,1,
feedforward,1,
stepback,1,
steerturn,1,
gscam,1,
gstreamer,1,
c++)!,1,
teleop_twist_keyboard,1,
rbcar_sim_bringup,1,
rbcar_sim,1,
rbcar_robot_control,1,
rbcar_joystick,1,
rbcar_gazebo,1,
rbcar_control,1,
node(let)s,1,
two-camera,1,
quigley's,1,
uvc_cam,1,
jpeg-formatted,1,
compressedimage,1,
static_tf,1,
remap,1,
sr_ronex_msgs,1,
customhw,1,
ros_ethercat_model,1,
customhwmap,1,
epson,1,
g364,1,
epson_imu_driver,1,
avz,1,
osnabrueck,1,
freespace,1,
uos_freespace,1,
uos_diffdrive_teleop,1,
signal/slot,1,
boost::signals,1,
intra-process,1,
preprocessor,1,
multithread-safe,1,
metaprogramming,1,
cmath,1,
redefining,1,
ipc,1,
sysv,1,
win32,1,
api's,1,
syntatactically,1,
eminently,1,
ecl's,1,
demo'ing,1,
ecl_core,1,
fast/convenient,1,
fleshed,1,
conveniences,1,
overruns,1,
embeds,1,
tclap,1,
templatised,1,
cartographer_ros,1,
bin_pose_msgs,1,
emulator,1,
metapkg,1,
speech_database,1,
synthesiser,1,
/speech,1,
/robotsound,1,
soundplay_node.py,1,
hmi_robin,1,
gspeech,1,
command_matcher,1,
oros_tools_examples,1,
2d-based,1,
plateform,1,
log_server,1,
recalibration,1,
recalibrate,1,
ackermann_controller,1,
romeo_robot,1,
romeo_description,1,
romeo_bringup,1,
typedef's,1,
neato,1,
neato's,1,
saap,1,
k-sap,1,
k-saap,1,
auction_srvs,1,
auciton_msgs,1,
vigir_pluginlib_msgs,1,
vigir_pluginlib_manager,1,
vigir_pluginlib,1,
marker_msgs/fiducialdetection.msg,1,
tuw_marker_detection,1,
tuw_ellipses,1,
tuw_checkerboard,1,
checkerboards,1,
task_compiler,1,
pddl_planner,1,
eus_assimp,1,
pal_hardware_interfaces,1,
scalable,1,
stdr_server,1,
descripiton,1,
deploying,1,
cmake/make,1,
shape-based,1,
modalities,1,
lgsm,1,
cea,1,
diasi/lsi,1,
xde-support@saxifrage.cea.fr,1,
lk,1,
costmap-2d,1,
launch-tests,1,
zero-configuration,1,
ocs,1,
functions:,1,
yocs_waypoints_navi,1,
"""see""",1,
undetectable,1,
files',1,
tf-related,1,
pretends,1,
annotated,1,
joyop,1,
"x,y",1,
1d,1,
arbitrates,1,
deallocates,1,
reload,1,
genrs,1,
haf_grasping,1,
ros_ethercat_loop,1,
sudo,1,
pr2-grant,1,
ros_wild,1,
voxel_grid,1,
cell:,1,
bitwise,1,
raytracing,1,
baseglobalplanner,1,
recoverybehavior,1,
adhering,1,
move_slow_and_clear,1,
who's,1,
cicrle,1,
inflates,1,
reverting,1,
rollout,1,
non-holonomic,1,
ardrone,1,
ardrone_autonomy,1,
quadrocopters,1,
2.0.1,1,
homer_mary_tts,1,
fzi_icl_comm,1,
nodeinterface,1,
host/node,1,
webtest,1,
wsgi,1,
http://webtest.readthedocs.io/en/latest/,1,
simple_voice,1,
tuw_uvc,1,
usb-camera,1,
optimized,1,
logitech,1,
tuw_marker_slam,1,
ekf-slam,1,
tuw_marker_server,1,
markerwithcovariancearray,1,
tuw_marker_noise,1,
tuw_marker_filter,1,
marker_rviz_plugin,1,
library)-related,1,
osg_utils,1,
ros-osg,1,
osg_markers,1,
writen,1,
rviz/ogre,1,
turtlebot_interactions,1,
base-specific,1,
dashboards,1,
turtlebot_create_desktop,1,
realtime-safe,1,
boost.atomic,1,
namespace,1,
atomics,1,
std::atomic,1,
compilers,1,
conditionally,1,
ros_realtime,1,
lock-free,1,
multithreaded,1,
equivalents,1,
allocators,1,
stl-compatible,1,
alignedallocator,1,
osgocean,1,
https://code.google.com/p/osgocean,1,
namespaced,1,
cpp_introspection,1,
https://code.google.com/p/bullet,1,
1.26,1,
object_recognition_msgs,1,
osgworks,1,
https://code.google.com/p/osgworks,1,
osgbullet,1,
https://code.google.com/p/osgbullet,1,
octomap_ros,1,
octomap's,1,
convenvient,1,
axcli,1,
placeholder,1,
libsegwayrmp,1,
segway's,1,
hector_quadrotor_demo,1,
indoor/outdoor,1,
xarm7_with_gripper,1,
xarm6_with_vacuum_gripper,1,
xarm6_with_gripper,1,
xarm5_with_vacuum_gripper,1,
xarm5_with_gripper,1,
traj,1,
run_recorded_traj,1,
multi_xarm5,1,
d435i,1,
d435i_xarm_setup,1,
camera_demo,1,
scenario_test_tools,1,
scriptable,1,
cob_script_server,1,
cob_monitoring,1,
dcgm-robotics@fit,1,
cob_dashboard,1,
[[pr2_dashboard]],1,
cob_command_tools,1,
cob_navigation,1,
cob_mapping_slam,1,
cob_map_accessibility_analysis,1,
inflates_obstacles,1,
cob_linear_nav,1,
capabilites,1,
rosfmt,1,
fmt,1,
formatting,1,
s)printf,1,
iostreams,1,
ros-powered,1,
feature:,1,
on/off,1,
fixes,1,
gps_umd,1,
sdf,1,
multi-layered,1,
v4l,1,
node/nodelet,1,
imu_pipeline,1,
algorithm's,1,
customizations,1,
tags',1,
sia50,1,
sia30d,1,
sia10f,1,
sia10d,1,
multi-group,1,
motoman_driver,1,
motopos,1,
d500,1,
motomini,1,
mh50,1,
ma1440,1,
mh110,1,
motoman_ma2010,1,
hc20,1,
hc10,1,
gp8,1,
gp88,1,
gp7,1,
gp50,1,
gp4,1,
gp25,1,
gp200r,1,
gp180,1,
gp12,1,
gp110,1,
ar2010,1,
rqt_image_view,1,
densifier,1,
laser_scan_densifier,1,
densifies,1,
http://wiki.ros.org/laser_scan_sparsifier,1,
ipa_differential_docking,1,
fov,1,
ipa_3d_fov_visualization,1,
field-of-view,1,
rob@work,1,
"""cob_utilities""",1,
subsumes,1,
cob3,1,
"""inifile.h""",1,
inifile,1,
"""mathsup.h""",1,
radion,1,
norming,1,
+/-,1,
midterm,1,
code!,1,
undercarriage,1,
cob_undercarriage_ctrl,1,
pltf-twist,1,
cob_substitute,1,
text2wave,1,
aplay,1,
cob_simulation,1,
ipa320/rcprg_laser_drivers,1,
ipa320/liblms1xx,1,
shuld,1,
unifier,1,
cob_scan_unifier,1,
unify,1,
laser-scans,1,
scan-message,1,
cob_safety_controller,1,
relayboard,1,
cob_relayboard,1,
sensor_msgs::laserscan,1,
position/reference,1,
reflektor,1,
cob_phidgets,1,
cob_phidget_power_state,1,
cob_phidget_em_state,1,
moveit!'s,1,
planningscenemonitor,1,
cob_object_detection_visualizer,1,
cob_moveit_interface,1,
lookat,1,
cob_lookat_action,1,
flips,1,
care-o-bots,1,
cob_hand_bridge,1,
care-o-bot4,1,
cob_hand,1,
examplary,1,
peaksys-can-libs,1,
can-bus-device,1,
base_dirve_chain,1,
generic_can,1,
itfs,1,
usb-to-can,1,
can-card,1,
can-address,1,
peaksys,1,
peaksysusb,1,
cob_gazebo_tools,1,
cob_gazebo_ros_control,1,
multi-hardwareinterface-support,1,
packagae,1,
cob4/raw,1,
cob_driver,1,
env,1,
cob_common,1,
desciption,1,
itselt,1,
stand-aloan,1,
cob_canopen_motor,1,
canopen-interface,1,
"""candriveitf""",1,
"""candrvie...""",1,
"""candriveharmonica""",1,
cam3d,1,
cob_cam3d_throttle:,1,
trottel,1,
cob_android_settings,1,
cob_android_script_server,1,
cob_android_resource_server,1,
cob_android_msgs,1,
cob_android,1,
vigir_generic_params,1,
urdfreader,1,
rdl_urdfreader,1,
rdl_dynamics,1,
rdl_benchmark,1,
cb1,1,
cb2,1,
python3-requests,1,
isn't,1,
dependency's,1,
laserscan_kinect,1,
bagger,1,
mycroft,1,
mycroft_ros,1,
rqt_shell,1,
rqt_service_caller,1,
rqt_py_console,1,
nvidia,1,
pilz_robots,1,
lds(hls-lfcd2,1,
summit_xl_sim,1,
dynamixel-based,1,
sil,1,
autpilot,1,
autopilot,1,
http://www.x-io.co.uk/node/8#open_source_ahrs_and_imu_algorithms,1,
valenti,1,
etal,1,
"""keeping",1,
attitude:,1,
quaternion-based,1,
margs",1,
http://www.mdpi.com/1424-8220/15/8/19302,1,
video_stream_opencv,1,
rtsp,1,
/dev/video,1,
qt_gui_py_common,1,
qt_gui_cpp,1,
c++-bindings,1,
c++-plugins,1,
ros-specific,1,
qt_gui_app,1,
python-,1,
c++-based,1,
dotgraph,1,
qt_dotgraph,1,
providers:,1,
lgpl,1,
"""shiboken""",1,
"""sip""",1,
genpy,1,
2003/3/3,1,
interfacekit,1,
bvh,1,
bvh_broadcaster,1,
rosabridge_server,1,
robot-independent,1,
copernicus_teleoperator,1,
copernicus_rules,1,
copernicus_navigation,1,
copernicus_msgs,1,
copernicus_localization,1,
copernicus_description,1,
copernicus_control,1,
copernicus_base,1,
addin,1,
robotware,1,
add-in,1,
safetyscanners,1,
settlerlib,1,
monocam,1,
imagefeatures,1,
configurationfiles,1,
ferguson's,1,
rewrite,1,
pr2_calibration_estimation,1,
estimating,1,
light-weight,1,
eigen-based,1,
locomotion,1,
nlp,1,
off-the-shelf,1,
ipopt,1,
configs,1,
pan/tilt,1,
d46,1,
driver_common,1,
contains:,1,
driver_base:,1,
retries,1,
timestamp_tools:,1,
reconfiguration,1,
self-test,1,
volta_teleoperator,1,
volta_simulation,1,
volta_rules,1,
volta_navigation,1,
volta_msgs,1,
volta_localization,1,
volta_description,1,
volta_control,1,
volta_base,1,
pacmod3,1,
non-realtime,1,
meshses,1,
atmega32u4,1,
firmwares,1,
rsm_rviz_plugins,1,
rsm_rqt_plugins,1,
rsm_msgs,1,
statemachine's,1,
rsm_additions,1,
robot_statemachine,1,
gazebo6,1,
heron_controller,1,
multi-sensor,1,
moveit_tutorials,1,
oculusprime,1,
oculus,1,
mitre,1,
mitre_fast_layered_map,1,
rc_dynamics_api,1,
http://rc-visard.com,1,
ego-motion,1,
contraints,1,
proxemic,1,
robot_upstart,1,
uninstall,1,
tuckarm,1,
tucks,1,
pr2_teleop_general,1,
pr2_teleop,1,
usablity,1,
mannequin,1,
pr2_mannequin_mode,1,
netft,1,
force/torque,1,
netbox,1,
rqt_plot,1,
backends,1,
boilerplate,1,
leica_gazebo_simulation,1,
jderobot_assets,1,
leg_detector,1,
people's,1,
perceiving,1,
libuvc_ros,1,
leg-like,1,
message_to_tf,1,
nav_msgs/odometry,1,
geometry_msgs/posestamped,1,
sensor_msgs/imu,1,
subtransforms,1,
hector_pose_estimation_core,1,
geometry_msgs/posewithcovariance,1,
poseupdate,1,
robotics:,1,
roboteq_diff_msgs,1,
roboteq_diff_driver,1,
fps,1,
rviz_fps_plugin,1,
fps-shooter,1,
'q',1,
'fpsmotion',1,
'wasd',1,
'f',1,
'r',1,
rigid-body,1,
setpoints,1,
run_permitted,1,
stop1,1,
pilz_utils,1,
accepted/followed,1,
abritrary,1,
r1000ia80f,1,
m900ib,1,
m900ia,1,
m710ic,1,
