package_name,package_plugin,package_plugin_url
ainstein_radar_rviz_plugins,rviz,https://github.com/AinsteinAI/ainstein_radar/tree/master/ainstein_radar_rviz_plugins//plugin_description.xml
realsense2_camera,nodelet,https://github.com/IntelRealSense/realsense-ros/tree/development/realsense2_camera//nodelet_plugins.xml
ainstein_radar_filters,nodelet,https://github.com/AinsteinAI/ainstein_radar/tree/master/ainstein_radar_filters//plugins/nodelet_radar_target_array_to_point_cloud.xml
ainstein_radar_filters,nodelet,https://github.com/AinsteinAI/ainstein_radar/tree/master/ainstein_radar_filters//plugins/nodelet_radar_target_array_to_laser_scan.xml
ainstein_radar_filters,nodelet,https://github.com/AinsteinAI/ainstein_radar/tree/master/ainstein_radar_filters//plugins/nodelet_radar_passthrough_filter.xml
ainstein_radar_drivers,nodelet,https://github.com/AinsteinAI/ainstein_radar/tree/master/ainstein_radar_drivers//plugins/nodelet_k79.xml
ainstein_radar_drivers,nodelet,https://github.com/AinsteinAI/ainstein_radar/tree/master/ainstein_radar_drivers//plugins/nodelet_k79_3d.xml
velodyne_pointcloud,nodelet,https://github.com/ros-drivers/velodyne/tree/melodic-devel/velodyne_pointcloud//nodelets.xml
velodyne_driver,nodelet,https://github.com/ros-drivers/velodyne/tree/melodic-devel/velodyne_driver//nodelet_velodyne.xml
velodyne_laserscan,nodelet,https://github.com/ros-drivers/velodyne/tree/melodic-devel/velodyne_laserscan//nodelets.xml
test_diagnostic_aggregator,diagnostic_aggregator,https://github.com/ros/diagnostics/tree/indigo-devel/test_diagnostic_aggregator//test_diagnostic_aggregator_plugin.xml
khi_rs_ikfast_plugin,moveit_core,https://github.com/Kawasaki-Robotics/khi_robot/tree/master/khi_rs_ikfast_plugin//rs080n_manipulator_moveit_ikfast_plugin_description.xml
resized_image_transport,nodelet,https://github.com/jsk-ros-pkg/jsk_recognition/tree/master/resized_image_transport//nodelet.xml
khi_duaro_ikfast_plugin,moveit_core,https://github.com/Kawasaki-Robotics/khi_robot/tree/master/khi_duaro_ikfast_plugin//duaro_lower_arm_moveit_ikfast_plugin_description.xml
khi_duaro_ikfast_plugin,moveit_core,https://github.com/Kawasaki-Robotics/khi_robot/tree/master/khi_duaro_ikfast_plugin//duaro_upper_arm_moveit_ikfast_plugin_description.xml
jsk_pcl_ros_utils,nodelet,https://github.com/jsk-ros-pkg/jsk_recognition/tree/master/jsk_pcl_ros_utils//jsk_pcl_nodelets.xml
jsk_pcl_ros_utils,moveit_ros_perception,https://github.com/jsk-ros-pkg/jsk_recognition/tree/master/jsk_pcl_ros_utils//jsk_pcl_nodelets.xml
imagesift,nodelet,https://github.com/jsk-ros-pkg/jsk_recognition/tree/master/imagesift//nodelet.xml
diagnostic_aggregator,diagnostic_aggregator,https://github.com/ros/diagnostics/tree/indigo-devel/diagnostic_aggregator//analyzer_plugins.xml
grid_map_rviz_plugin,rviz,https://github.com/anybotics/grid_map/tree/master/grid_map_rviz_plugin//plugin_description.xml
grid_map_filters,filters,https://github.com/anybotics/grid_map/tree/master/grid_map_filters//filter_plugins.xml
grid_map_cv,filters,https://github.com/anybotics/grid_map/tree/master/grid_map_cv//filter_plugins.xml
xarm_controller,hardware_interface,https://github.com/xArm-Developer/xarm_ros/tree/master/xarm_controller//xarm_hw_plugin.xml
rqt_bag,rqt_gui,https://github.com/ros-visualization/rqt_bag/tree/master/rqt_bag//plugin.xml
jsk_pcl_ros,nodelet,https://github.com/jsk-ros-pkg/jsk_recognition/tree/master/jsk_pcl_ros//plugins/nodelet/libjsk_pcl_ros.xml
jsk_pcl_ros,nodelet,https://github.com/jsk-ros-pkg/jsk_recognition/tree/master/jsk_pcl_ros//plugins/nodelet/libjsk_pcl_ros_utils.xml
jsk_pcl_ros,moveit_ros_perception,https://github.com/jsk-ros-pkg/jsk_recognition/tree/master/jsk_pcl_ros//plugins/moveit_ros_perception/libjsk_pcl_ros_moveit.xml
mavros,mavros,https://github.com/mavlink/mavros/tree/master/mavros//mavros_plugins.xml
mavros_extras,mavros,https://github.com/mavlink/mavros/tree/master/mavros_extras//mavros_plugins.xml
rqt_rosmon,rqt_gui,https://github.com/xqms/rosmon/tree/master/rqt_rosmon//rqt_plugin.xml
rqt_bag_plugins,rqt_bag,https://github.com/ros-visualization/rqt_bag/tree/master/rqt_bag_plugins//plugin.xml
cob_dashboard,rqt_gui,https://github.com/ipa320/cob_command_tools/tree/indigo_dev/cob_dashboard//plugin.xml
hfl_driver,nodelet,https://github.com/continental/hfl_driver/tree/ros1/main/.//nodelets.xml
gundam_rx78_control,controller_interface,https://github.com/gundam-global-challenge/gundam_robot/tree/master/gundam_rx78_control//joint_trajectory_controller.xml
jsk_perception,nodelet,https://github.com/jsk-ros-pkg/jsk_recognition/tree/master/jsk_perception//plugins/nodelet/libjsk_perception.xml
jsk_perception,nodelet,https://github.com/jsk-ros-pkg/jsk_recognition/tree/master/jsk_perception//plugins/nodelet/libopencv_apps.xml
cob_collision_monitor,moveit_ros_move_group,https://github.com/ipa320/cob_manipulation/tree/kinetic_dev/cob_collision_monitor//move_group_capabilities.xml
laser_filters_jsk_patch,filters,https://github.com/jsk-ros-pkg/jsk_3rdparty/tree/master/jsk_ros_patch/laser_filters_jsk_patch//laser_filters_plugins.xml
ueye_cam,nodelet,https://github.com/anqixu/ueye_cam/tree/master/.//nodelet_plugins.xml
fanuc_m6ib_moveit_plugins,moveit_core,https://github.com/ros-industrial/fanuc/tree/indigo-devel/fanuc_m6ib_moveit_plugins//m6ib_kinematics/fanuc_m6ib_manipulator_moveit_ikfast_plugin_description.xml
fanuc_m20ib_moveit_plugins,moveit_core,https://github.com/ros-industrial/fanuc/tree/indigo-devel/fanuc_m20ib_moveit_plugins//m20ib25_kinematics/fanuc_m20ib25_manipulator_moveit_ikfast_plugin_description.xml
fanuc_m430ia_moveit_plugins,moveit_core,https://github.com/ros-industrial/fanuc/tree/indigo-devel/fanuc_m430ia_moveit_plugins//m430ia2f_kinematics/fanuc_m430ia2f_manipulator_moveit_ikfast_plugin_description.xml
fanuc_m430ia_moveit_plugins,moveit_core,https://github.com/ros-industrial/fanuc/tree/indigo-devel/fanuc_m430ia_moveit_plugins//m430ia2p_kinematics/fanuc_m430ia2p_manipulator_moveit_ikfast_plugin_description.xml
fanuc_m20ia_moveit_plugins,moveit_core,https://github.com/ros-industrial/fanuc/tree/indigo-devel/fanuc_m20ia_moveit_plugins//m20ia_kinematics/fanuc_m20ia_manipulator_moveit_ikfast_plugin_description.xml
fanuc_m20ia_moveit_plugins,moveit_core,https://github.com/ros-industrial/fanuc/tree/indigo-devel/fanuc_m20ia_moveit_plugins//m20ia10l_kinematics/fanuc_m20ia10l_manipulator_moveit_ikfast_plugin_description.xml
fanuc_m16ib_moveit_plugins,moveit_core,https://github.com/ros-industrial/fanuc/tree/indigo-devel/fanuc_m16ib_moveit_plugins//m16ib20_kinematics/fanuc_m16ib20_manipulator_moveit_ikfast_plugin_description.xml
fanuc_m10ia_moveit_plugins,moveit_core,https://github.com/ros-industrial/fanuc/tree/indigo-devel/fanuc_m10ia_moveit_plugins//m10ia_kinematics/fanuc_m10ia_manipulator_moveit_ikfast_plugin_description.xml
fanuc_lrmate200id_moveit_plugins,moveit_core,https://github.com/ros-industrial/fanuc_experimental/tree/indigo-devel/fanuc_lrmate200id_moveit_plugins//lrmate200id_kinematics/fanuc_lrmate200id_manipulator_moveit_ikfast_plugin_description.xml
fanuc_lrmate200id_moveit_plugins,moveit_core,https://github.com/ros-industrial/fanuc_experimental/tree/indigo-devel/fanuc_lrmate200id_moveit_plugins//lrmate200id7l_kinematics/fanuc_lrmate200id7l_manipulator_moveit_ikfast_plugin_description.xml
fanuc_lrmate200ib_moveit_plugins,moveit_core,https://github.com/ros-industrial/fanuc/tree/indigo-devel/fanuc_lrmate200ib_moveit_plugins//lrmate200ib_kinematics/fanuc_lrmate200ib_manipulator_moveit_ikfast_plugin_description.xml
fanuc_lrmate200ib_moveit_plugins,moveit_core,https://github.com/ros-industrial/fanuc/tree/indigo-devel/fanuc_lrmate200ib_moveit_plugins//lrmate200ib3l_kinematics/fanuc_lrmate200ib3l_manipulator_moveit_ikfast_plugin_description.xml
fanuc_lrmate200i_moveit_plugins,moveit_core,https://github.com/ros-industrial/fanuc/tree/indigo-devel/fanuc_lrmate200i_moveit_plugins//lrmate200i_kinematics/fanuc_lrmate200i_manipulator_moveit_ikfast_plugin_description.xml
fanuc_r1000ia_moveit_plugins,moveit_core,https://github.com/ros-industrial/fanuc/tree/indigo-devel/fanuc_r1000ia_moveit_plugins//r1000ia80f_kinematics/fanuc_r1000ia80f_manipulator_moveit_ikfast_plugin_description.xml
fanuc_lrmate200ic_moveit_plugins,moveit_core,https://github.com/ros-industrial/fanuc/tree/indigo-devel/fanuc_lrmate200ic_moveit_plugins//lrmate200ic_kinematics/fanuc_lrmate200ic_manipulator_moveit_ikfast_plugin_description.xml
fanuc_lrmate200ic_moveit_plugins,moveit_core,https://github.com/ros-industrial/fanuc/tree/indigo-devel/fanuc_lrmate200ic_moveit_plugins//lrmate200ic5f_kinematics/fanuc_lrmate200ic5f_manipulator_moveit_ikfast_plugin_description.xml
fanuc_lrmate200ic_moveit_plugins,moveit_core,https://github.com/ros-industrial/fanuc/tree/indigo-devel/fanuc_lrmate200ic_moveit_plugins//lrmate200ic5h_kinematics/fanuc_lrmate200ic5h_manipulator_moveit_ikfast_plugin_description.xml
fanuc_lrmate200ic_moveit_plugins,moveit_core,https://github.com/ros-industrial/fanuc/tree/indigo-devel/fanuc_lrmate200ic_moveit_plugins//lrmate200ic5l_kinematics/fanuc_lrmate200ic5l_manipulator_moveit_ikfast_plugin_description.xml
socketcan_interface,socketcan_interface,https://github.com/ros-industrial/ros_canopen/tree/kinetic-devel/socketcan_interface//socketcan_interface_plugin.xml
canopen_402,canopen_402,https://github.com/ros-industrial/ros_canopen/tree/kinetic-devel/canopen_402//canopen_402_plugin.xml
canopen_master,canopen_master,https://github.com/ros-industrial/ros_canopen/tree/kinetic-devel/canopen_master//master_plugin.xml
zivid_camera,nodelet,https://github.com/zivid/zivid-ros/tree/master/zivid_camera//nodelets.xml
opencv_apps,nodelet,https://github.com/ros-perception/opencv_apps/tree/indigo/.//nodelet_plugins.xml
swri_transform_util,nodelet,https://github.com/swri-robotics/marti_common/tree/master/swri_transform_util//nodelet_plugins.xml
neo_local_planner,nav_core,https://github.com/neobotix/neo_local_planner/tree/kinetic/.//blp_plugin.xml
swri_nodelet,nodelet,https://github.com/swri-robotics/marti_common/tree/master/swri_nodelet//nodelet_plugins.xml
udp_com,nodelet,https://github.com/continental/udp_com/tree/ros1/main/.//nodelets.xml
swri_image_util,nodelet,https://github.com/swri-robotics/marti_common/tree/master/swri_image_util//nodelet_plugins.xml
image_recognition_rqt,rqt_gui,https://github.com/tue-robotics/image_recognition/tree/master/image_recognition_rqt//plugin.xml
image_recognition_tensorflow_rqt,rqt_gui,https://github.com/tue-robotics/image_recognition/tree/master/image_recognition_tensorflow_rqt//plugin.xml
ensenso_camera,nodelet,https://github.com/ensenso/ros_driver/tree/master/ensenso_camera//nodelets.xml
novatel_oem7_driver,nodelet,https://github.com/novatel/novatel_oem7_driver/tree/master/src/novatel_oem7_driver//novatel_oem7_driver_nodelets.xml
novatel_oem7_driver,novatel_oem7_driver,https://github.com/novatel/novatel_oem7_driver/tree/master/src/novatel_oem7_driver//novatel_oem7_driver_plugins.xml
mir_dwb_critics,dwb_local_planner,https://github.com/dfki-ric/mir_robot/tree/kinetic/mir_dwb_critics//default_critics.xml
rqt_plot,rqt_gui,https://github.com/ros-visualization/rqt_plot/tree/master/.//plugin.xml
trajectory_tracker_rviz_plugins,rviz,https://github.com/at-wat/neonavigation_rviz_plugins/tree/master/trajectory_tracker_rviz_plugins//plugin_description.xml
rqt_image_view,rqt_gui,https://github.com/ros-visualization/rqt_image_view/tree/master/.//plugin.xml
fetch_ikfast_plugin,moveit_core,https://github.com/fetchrobotics/fetch_ros/tree/indigo-devel/fetch_ikfast_plugin//fetch_arm_moveit_ikfast_plugin_description.xml
fetch_depth_layer,costmap_2d,https://github.com/fetchrobotics/fetch_ros/tree/indigo-devel/fetch_depth_layer//costmap_plugins.xml
rqt_py_trees,rqt_gui,https://github.com/stonier/rqt_py_trees/tree/devel/.//plugin.xml
wire_state_estimators,wire_core,https://github.com/tue-robotics/wire/tree/master/wire_state_estimators//models_plugin.xml
nerian_stereo,nodelet,https://github.com/nerian-vision/nerian_stereo/tree/master/.//nodelet_plugins.xml
motoman_mh5_ikfast_manipulator_plugin,moveit_core,https://github.com/ros-industrial/motoman_experimental/tree/kinetic-devel/motoman_mh5_ikfast_manipulator_plugin//motoman_mh5_manipulator_moveit_ikfast_plugin_description.xml
multires_image,mapviz,https://github.com/swri-robotics/mapviz/tree/master/multires_image//mapviz_plugins.xml
mapviz,rqt_gui,https://github.com/swri-robotics/mapviz/tree/master/mapviz//plugin.xml
tile_map,mapviz,https://github.com/swri-robotics/mapviz/tree/master/tile_map//mapviz_plugins.xml
spinnaker_camera_driver,nodelet,https://github.com/ros-drivers/flir_camera_driver/tree/kinetic-devel/spinnaker_camera_driver//nodelet_plugins.xml
rc_visard_driver,nodelet,https://github.com/roboception/rc_visard_ros/tree/master/rc_visard_driver//rc_visard_driver_nodelet.xml
raptor_dbw_can,nodelet,https://github.com/NewEagleRaptor/raptor-dbw-ros/tree/master/raptor_dbw_can//nodelets.xml
novatel_gps_driver,nodelet,https://github.com/swri-robotics/novatel_gps_driver/tree/master/novatel_gps_driver//nodelet_plugins.xml
collada_parser,urdf_parser_plugin,https://github.com/ros/collada_urdf/tree/kinetic-devel/collada_parser//collada_parser_plugin_description.xml
usb_cam_hardware,nodelet,https://github.com/yoshito-n-students/usb_cam_hardware/tree/kinetic-devel/usb_cam_hardware//plugins.xml
usb_cam_controllers,controller_interface,https://github.com/yoshito-n-students/usb_cam_hardware/tree/kinetic-devel/usb_cam_controllers//plugins.xml
apriltag_ros,nodelet,https://github.com/dmalyuta/apriltags2_ros/tree/master/apriltag_ros//nodelet_plugins.xml
jsk_topic_tools,nodelet,https://github.com/jsk-ros-pkg/jsk_common/tree/master/jsk_topic_tools//jsk_topic_tools_nodelet.xml
jsk_topic_tools,nodelet,https://github.com/jsk-ros-pkg/jsk_common/tree/master/jsk_topic_tools//jsk_topic_tools_test_nodelet.xml
gazebo_ros_control,gazebo_ros_control,https://github.com/ros-simulation/gazebo_ros_pkgs/tree/kinetic-devel/gazebo_ros_control//robot_hw_sim_plugins.xml
mapviz_plugins,mapviz,https://github.com/swri-robotics/mapviz/tree/master/mapviz_plugins//mapviz_plugins.xml
nav_core_adapter,nav_core,https://github.com/locusrobotics/robot_navigation/tree/kinetic/nav_core_adapter//nav_core_plugins.xml
nav_core_adapter,nav_core2,https://github.com/locusrobotics/robot_navigation/tree/kinetic/nav_core_adapter//nav_core2_plugins.xml
dataspeed_ulc_can,nodelet,https://bitbucket.org//DataspeedInc/dataspeed_ulc_ros.git/src/master/dataspeed_ulc_can//nodelets.xml
dwb_critics,dwb_local_planner,https://github.com/locusrobotics/robot_navigation/tree/kinetic/dwb_critics//default_critics.xml
dlux_plugins,dlux_global_planner,https://github.com/locusrobotics/robot_navigation/tree/kinetic/dlux_plugins//dlux_global_planner_plugins.xml
visp_ros,nodelet,https://github.com/lagadic/visp_ros/tree/master/.//nodelet_plugins.xml
rqt_drone_teleop,rqt_gui,https://github.com/JdeRobot/drones/tree/master/rqt_drone_teleop//plugin_vel_teleop.xml
rqt_drone_teleop,rqt_gui,https://github.com/JdeRobot/drones/tree/master/rqt_drone_teleop//plugin_cam_viewer.xml
rqt_drone_teleop,rqt_gui,https://github.com/JdeRobot/drones/tree/master/rqt_drone_teleop//plugin_pos_teleop.xml
hrpsys_ros_bridge,rqt_gui,https://github.com/start-jsk/rtmros_common/tree/master/hrpsys_ros_bridge//rqt_plugin.xml
exotica_pinocchio_dynamics_solver,exotica_core,https://github.com/ipab-slmc/exotica/tree/master/exotations/dynamics_solvers/exotica_pinocchio_dynamics_solver//exotica_plugins.xml
exotica_quadrotor_dynamics_solver,exotica_core,https://github.com/ipab-slmc/exotica/tree/master/exotations/dynamics_solvers/exotica_quadrotor_dynamics_solver//exotica_plugins.xml
exotica_pendulum_dynamics_solver,exotica_core,https://github.com/ipab-slmc/exotica/tree/master/exotations/dynamics_solvers/exotica_pendulum_dynamics_solver//exotica_plugins.xml
exotica_ompl_solver,exotica_core,https://github.com/ipab-slmc/exotica/tree/master/exotations/solvers/exotica_ompl_solver//exotica_plugins.xml
exotica_time_indexed_rrt_connect_solver,exotica_core,https://github.com/ipab-slmc/exotica/tree/master/exotations/solvers/exotica_time_indexed_rrt_connect_solver//exotica_plugins.xml
exotica_ilqr_solver,exotica_core,https://github.com/ipab-slmc/exotica/tree/master/exotations/solvers/exotica_ilqr_solver//exotica_plugins.xml
exotica_levenberg_marquardt_solver,exotica_core,https://github.com/ipab-slmc/exotica/tree/master/exotations/solvers/exotica_levenberg_marquardt_solver//exotica_plugins.xml
exotica_ilqg_solver,exotica_core,https://github.com/ipab-slmc/exotica/tree/master/exotations/solvers/exotica_ilqg_solver//exotica_plugins.xml
exotica_double_integrator_dynamics_solver,exotica_core,https://github.com/ipab-slmc/exotica/tree/master/exotations/dynamics_solvers/exotica_double_integrator_dynamics_solver//exotica_plugins.xml
exotica_ik_solver,exotica_core,https://github.com/ipab-slmc/exotica/tree/master/exotations/solvers/exotica_ik_solver//exotica_plugins.xml
dwb_plugins,dwb_local_planner,https://github.com/locusrobotics/robot_navigation/tree/kinetic/dwb_plugins//plugins.xml
exotica_ddp_solver,exotica_core,https://github.com/ipab-slmc/exotica/tree/master/exotations/solvers/exotica_ddp_solver//exotica_plugins.xml
exotica_core_task_maps,exotica_core,https://github.com/ipab-slmc/exotica/tree/master/exotations/exotica_core_task_maps//exotica_plugins.xml
exotica_collision_scene_fcl_latest,exotica_core,https://github.com/ipab-slmc/exotica/tree/master/exotations/exotica_collision_scene_fcl_latest//exotica_plugins.xml
exotica_cartpole_dynamics_solver,exotica_core,https://github.com/ipab-slmc/exotica/tree/master/exotations/dynamics_solvers/exotica_cartpole_dynamics_solver//exotica_plugins.xml
dwb_local_planner,nav_core2,https://github.com/locusrobotics/robot_navigation/tree/kinetic/dwb_local_planner//plugins.xml
exotica_aico_solver,exotica_core,https://github.com/ipab-slmc/exotica/tree/master/exotations/solvers/exotica_aico_solver//exotica_plugins.xml
exotica_collision_scene_fcl,exotica_core,https://github.com/ipab-slmc/exotica/tree/master/exotations/exotica_collision_scene_fcl//exotica_plugins.xml
dlux_global_planner,nav_core2,https://github.com/locusrobotics/robot_navigation/tree/kinetic/dlux_global_planner//nav_core2_plugins.xml
exotica_ompl_control_solver,exotica_core,https://github.com/ipab-slmc/exotica/tree/master/exotations/solvers/exotica_ompl_control_solver//exotica_plugins.xml
moveit_chomp_optimizer_adapter,moveit_core,https://github.com/ros-planning/moveit/tree/kinetic-devel/moveit_planners/chomp/chomp_optimizer_adapter//chomp_optimizer_adapter_plugin_description.xml
moveit_planners_chomp,moveit_core,https://github.com/ros-planning/moveit/tree/kinetic-devel/moveit_planners/chomp/chomp_interface//chomp_interface_plugin_description.xml
moveit_kinematics,moveit_core,https://github.com/ros-planning/moveit/tree/kinetic-devel/moveit_kinematics//kdl_kinematics_plugin_description.xml
moveit_kinematics,moveit_core,https://github.com/ros-planning/moveit/tree/kinetic-devel/moveit_kinematics//lma_kinematics_plugin_description.xml
moveit_kinematics,moveit_core,https://github.com/ros-planning/moveit/tree/kinetic-devel/moveit_kinematics//srv_kinematics_plugin_description.xml
moveit_kinematics,moveit_core,https://github.com/ros-planning/moveit/tree/kinetic-devel/moveit_kinematics//cached_ik_kinematics_plugin_description.xml
phidgets_ik,nodelet,https://github.com/ros-drivers/phidgets_drivers/tree/kinetic/phidgets_ik//phidgets_ik_nodelet.xml
phidgets_imu,nodelet,https://github.com/ros-drivers/phidgets_drivers/tree/kinetic/phidgets_imu//phidgets_imu_nodelet.xml
twist_recovery,nav_core,https://github.com/ros-planning/navigation_experimental/tree/kinetic-devel/twist_recovery//twist_plugin.xml
sbpl_lattice_planner,nav_core,https://github.com/ros-planning/navigation_experimental/tree/kinetic-devel/sbpl_lattice_planner//bgp_plugin.xml
phidgets_high_speed_encoder,nodelet,https://github.com/ros-drivers/phidgets_drivers/tree/kinetic/phidgets_high_speed_encoder//phidgets_high_speed_encoder_nodelet.xml
sbpl_recovery,nav_core,https://github.com/ros-planning/navigation_experimental/tree/kinetic-devel/sbpl_recovery//recovery_plugin.xml
goal_passer,nav_core,https://github.com/ros-planning/navigation_experimental/tree/kinetic-devel/goal_passer//bgp_plugin.xml
assisted_teleop,filters,https://github.com/ros-planning/navigation_experimental/tree/kinetic-devel/assisted_teleop//filter_plugins.xml
imu_filter_madgwick,nodelet,https://github.com/ccny-ros-pkg/imu_tools/tree/kinetic/imu_filter_madgwick//imu_filter_nodelet.xml
nextage_ik_plugin,moveit_core,https://github.com/tork-a/rtmros_nextage/tree/indigo-devel/nextage_ik_plugin//nextage_left_arm_moveit_ikfast_plugin_description.xml
nextage_ik_plugin,moveit_core,https://github.com/tork-a/rtmros_nextage/tree/indigo-devel/nextage_ik_plugin//nextage_right_arm_moveit_ikfast_plugin_description.xml
rviz_imu_plugin,rviz,https://github.com/ccny-ros-pkg/imu_tools/tree/kinetic/rviz_imu_plugin//plugin_description.xml
pose_follower,nav_core,https://github.com/ros-planning/navigation_experimental/tree/kinetic-devel/pose_follower//blp_plugin.xml
trac_ik_kinematics_plugin,moveit_core,https://bitbucket.org//traclabs/trac_ik.git/src/master/trac_ik_kinematics_plugin//trac_ik_kinematics_description.xml
rqt_reconfigure,rqt_gui,https://github.com/ros-visualization/rqt_reconfigure/tree/master/.//plugin.xml
rqt_gui_py,rqt_gui,https://github.com/ros-visualization/rqt/tree/kinetic-devel/rqt_gui_py//plugin.xml
rqt_gui_cpp,qt_gui,https://github.com/ros-visualization/rqt/tree/kinetic-devel/rqt_gui_cpp//plugin.xml
robot_calibration,robot_calibration,https://github.com/mikeferguson/robot_calibration/tree/ros1/robot_calibration//robot_calibration.xml
segbot_sensors,filters,https://github.com/utexas-bwi/segbot/tree/kinetic/segbot_sensors//segbot_sensors_plugins.xml
segbot_sensors,nodelet,https://github.com/utexas-bwi/segbot/tree/kinetic/segbot_sensors//nodelets.xml
imu_transformer,nodelet,https://github.com/ros-perception/imu_pipeline/tree/indigo-devel/imu_transformer//nodelets.xml
sr_gui_hand_calibration,rqt_gui,https://github.com/shadow-robot/sr-visualization/tree/kinetic-devel/basic/sr_gui_hand_calibration//sr_gui_hand_calibration_plugin.xml
sr_gui_controller_tuner,rqt_gui,https://github.com/shadow-robot/sr-visualization/tree/kinetic-devel/basic/sr_gui_controller_tuner//sr_controller_tuner_plugin.xml
sr_gui_change_muscle_controllers,rqt_gui,https://github.com/shadow-robot/sr-visualization/tree/kinetic-devel/advanced/sr_gui_change_muscle_controllers//sr_change_controllers_plugin.xml
sr_gui_biotac,rqt_gui,https://github.com/shadow-robot/sr-visualization/tree/kinetic-devel/advanced/sr_gui_biotac//sr_gui_biotac_plugin.xml
sr_gui_motor_resetter,rqt_gui,https://github.com/shadow-robot/sr-visualization/tree/kinetic-devel/basic/sr_gui_motor_resetter//sr_motor_resetter_plugin.xml
sr_data_visualization,rqt_gui,https://github.com/shadow-robot/sr-visualization/tree/kinetic-devel/sr_data_visualization//sr_data_visualizer_plugin.xml
rtabmap_ros,nodelet,https://github.com/introlab/rtabmap_ros/tree/kinetic-devel/.//nodelet_plugins.xml
rtabmap_ros,rviz,https://github.com/introlab/rtabmap_ros/tree/kinetic-devel/.//rviz_plugins.xml
rtabmap_ros,costmap_2d,https://github.com/introlab/rtabmap_ros/tree/kinetic-devel/.//costmap_plugins.xml
sr_gui_cyberglove_calibrator,rqt_gui,https://github.com/shadow-robot/sr-visualization/tree/kinetic-devel/advanced/sr_gui_cyberglove_calibrator//sr_cyberglove_calibrator_plugin.xml
sr_gui_cyberglove_calibrator,rqt_gui,https://github.com/shadow-robot/sr-visualization/tree/kinetic-devel/advanced/sr_gui_cyberglove_calibrator//sr_cyberglove_tweaker_plugin.xml
sr_gui_bootloader,rqt_gui,https://github.com/shadow-robot/sr-visualization/tree/kinetic-devel/advanced/sr_gui_bootloader//sr_bootloader_plugin.xml
sr_gui_muscle_driver_bootloader,rqt_gui,https://github.com/shadow-robot/sr-visualization/tree/kinetic-devel/advanced/sr_gui_muscle_driver_bootloader//sr_gui_muscle_driver_bootloader_plugin.xml
openni2_launch,roswtf,https://github.com/ros-drivers/openni2_camera/tree/indigo-devel/openni2_launch/openni2_launch.wtf_plugin
rqt_robot_monitor,rqt_gui,https://github.com/ros-visualization/rqt_robot_monitor/tree/master/.//plugin.xml
rqt_robot_monitor,rqt_bag,https://github.com/ros-visualization/rqt_robot_monitor/tree/master/.//bag_plugin.xml
rqt_topic,rqt_gui,https://github.com/ros-visualization/rqt_topic/tree/master/.//plugin.xml
rqt_top,rqt_gui,https://github.com/ros-visualization/rqt_top/tree/master/.//plugin.xml
rqt_tf_tree,rqt_gui,https://github.com/ros-visualization/rqt_tf_tree/tree/master/.//plugin.xml
rqt_web,qt_gui,https://github.com/ros-visualization/rqt_web/tree/master/.//plugin.xml
rqt_srv,rqt_gui,https://github.com/ros-visualization/rqt_srv/tree/master/.//plugin.xml
rqt_service_caller,rqt_gui,https://github.com/ros-visualization/rqt_service_caller/tree/master/.//plugin.xml
sr_gui_advanced_controls,rqt_gui,https://github.com/shadow-robot/sr-visualization/tree/kinetic-devel/advanced/sr_gui_advanced_controls//sr_advanced_controls_plugin.xml
rqt_shell,qt_gui,https://github.com/ros-visualization/rqt_shell/tree/master/.//plugin.xml
rqt_py_console,qt_gui,https://github.com/ros-visualization/rqt_py_console/tree/master/.//plugin.xml
rqt_moveit,rqt_gui,https://github.com/ros-visualization/rqt_moveit/tree/master/.//plugin.xml
rqt_launch,rqt_gui,https://github.com/ros-visualization/rqt_launch/tree/master/.//plugin.xml
rqt_msg,rqt_gui,https://github.com/ros-visualization/rqt_msg/tree/master/.//plugin.xml
rqt_publisher,rqt_gui,https://github.com/ros-visualization/rqt_publisher/tree/master/.//plugin.xml
nav_layer_from_points,costmap_2d,https://github.com/mdrwiega/depth_nav_tools/tree/kinetic-devel/nav_layer_from_points//costmap_plugins.xml
cv_camera,nodelet,https://github.com/OTL/cv_camera/tree/master/.//cv_camera_nodelets.xml
teb_local_planner,nav_core,https://github.com/rst-tu-dortmund/teb_local_planner/tree/kinetic-devel/.//teb_local_planner_plugin.xml
openni2_camera,nodelet,https://github.com/ros-drivers/openni2_camera/tree/indigo-devel/openni2_camera//openni2_nodelets.xml
rqt_dep,qt_gui,https://github.com/ros-visualization/rqt_dep/tree/master/.//plugin.xml
rqt_runtime_monitor,rqt_gui,https://github.com/ros-visualization/rqt_runtime_monitor/tree/master/.//plugin.xml
rqt_robot_steering,rqt_gui,https://github.com/ros-visualization/rqt_robot_steering/tree/master/.//plugin.xml
rqt_pose_view,rqt_gui,https://github.com/ros-visualization/rqt_pose_view/tree/master/.//plugin.xml
laser_scan_densifier,nodelet,https://github.com/ipa320/cob_driver/tree/kinetic_dev/laser_scan_densifier//laser_scan_densifier_nodelet.xml
cob_elmo_homing,canopen_402,https://github.com/ipa320/cob_driver/tree/kinetic_dev/cob_elmo_homing//canopen_402_plugin.xml
rqt_console,rqt_gui,https://github.com/ros-visualization/rqt_console/tree/master/.//plugin.xml
rqt_graph,rqt_gui,https://github.com/ros-visualization/rqt_graph/tree/master/.//plugin.xml
rqt_joint_trajectory_plot,rqt_gui,https://github.com/tork-a/rqt_joint_trajectory_plot/tree/master/.//plugin.xml
jog_controller,rviz,https://github.com/tork-a/jog_control/tree/master/jog_controller//plugin_description.xml
rqt_logger_level,rqt_gui,https://github.com/ros-visualization/rqt_logger_level/tree/master/.//plugin.xml
seed_r7_robot_interface,seed_r7_ros_controller,https://github.com/seed-solutions/seed_r7_ros_pkg/tree/master/seed_r7_robot_interface//typef/plugin_description.xml
seed_r7_robot_interface,seed_r7_ros_controller,https://github.com/seed-solutions/seed_r7_ros_pkg/tree/master/seed_r7_robot_interface//typeg/plugin_description.xml
webrtc_ros,nodelet,https://github.com/RobotWebTools/webrtc_ros/tree/develop/webrtc_ros//nodelet_plugins.xml
rviz_plugin_tutorials,rviz,https://github.com/ros-visualization/visualization_tutorials/tree/kinetic-devel/rviz_plugin_tutorials//plugin_description.xml
moveit_opw_kinematics_plugin,moveit_core,https://github.com/JeroenDM/moveit_opw_kinematics_plugin/tree/kinetic-devel/.//moveit_opw_kinematics_plugin_description.xml
jsk_rviz_plugins,rviz,https://github.com/jsk-ros-pkg/jsk_visualization/tree/master/jsk_rviz_plugins//plugin_description.xml
jsk_interactive_marker,rviz,https://github.com/jsk-ros-pkg/jsk_visualization/tree/master/jsk_interactive_markers/jsk_interactive_marker//plugin_description.xml
hironx_ros_bridge,rqt_gui,https://github.com/start-jsk/rtmros_hironx/tree/indigo-devel/hironx_ros_bridge//rqt_plugin.xml
costmap_converter,costmap_converter,https://github.com/rst-tu-dortmund/costmap_converter/tree/master/.//plugins.xml
moveback_recovery,mbf_costmap_core,https://github.com/uos/mbf_recovery_behaviors/tree/kinetic/moveback_recovery//moveback_recovery_plugin.xml
stomp_plugins,stomp_moveit,https://github.com/ros-industrial/stomp_ros/tree/melodic-devel/stomp_plugins//noise_generator_plugins.xml
stomp_plugins,stomp_moveit,https://github.com/ros-industrial/stomp_ros/tree/melodic-devel/stomp_plugins//cost_function_plugins.xml
stomp_plugins,stomp_moveit,https://github.com/ros-industrial/stomp_ros/tree/melodic-devel/stomp_plugins//update_filter_plugins.xml
jsk_rqt_plugins,rqt_gui,https://github.com/jsk-ros-pkg/jsk_visualization/tree/master/jsk_rqt_plugins//plugin.xml
stomp_moveit,moveit_core,https://github.com/ros-industrial/stomp_ros/tree/melodic-devel/stomp_moveit//planner_manager_plugins.xml
stomp_moveit,moveit_core,https://github.com/ros-industrial/stomp_ros/tree/melodic-devel/stomp_moveit//smoothing_adapter_plugins.xml
stomp_moveit,stomp_moveit,https://github.com/ros-industrial/stomp_ros/tree/melodic-devel/stomp_moveit//cost_function_plugins.xml
stomp_moveit,stomp_moveit,https://github.com/ros-industrial/stomp_ros/tree/melodic-devel/stomp_moveit//noisy_filter_plugins.xml
stomp_moveit,stomp_moveit,https://github.com/ros-industrial/stomp_ros/tree/melodic-devel/stomp_moveit//update_filter_plugins.xml
stomp_moveit,stomp_moveit,https://github.com/ros-industrial/stomp_ros/tree/melodic-devel/stomp_moveit//noise_generator_plugins.xml
pointgrey_camera_driver,nodelet,https://github.com/ros-drivers/pointgrey_camera_driver/tree/master/pointgrey_camera_driver//nodelet_plugins.xml
video_stream_opencv,nodelet,https://github.com/ros-drivers/video_stream_opencv/tree/master/.//nodelet_plugins.xml
agni_tf_tools,rviz,https://github.com/ubi-agni/agni_tf_tools/tree/master/.//plugin_description.xml
octomap_server,nodelet,https://github.com/OctoMap/octomap_mapping/tree/kinetic-devel/octomap_server//nodelet_plugins.xml
octomap_server,nodelet,https://github.com/OctoMap/octomap_mapping/tree/kinetic-devel/octomap_server//color_nodelet_plugins.xml
cob_tricycle_controller,controller_interface,https://github.com/ipa320/cob_control/tree/kinetic_dev/cob_tricycle_controller//controller_plugins.xml
cob_twist_controller,cob_twist_controller,https://github.com/ipa320/cob_control/tree/kinetic_dev/cob_twist_controller//controller_interface_plugins.xml
cob_omni_drive_controller,controller_interface,https://github.com/ipa320/cob_control/tree/kinetic_dev/cob_omni_drive_controller//controller_plugins.xml
spinnaker_sdk_camera_driver,nodelet,https://github.com/neufieldrobotics/spinnaker_sdk_camera_driver/tree/master/.//nodelet_plugins.xml
astra_camera,nodelet,https://github.com/orbbec/ros_astra_camera/tree/master/.//astra_nodelets.xml
transmission_interface,transmission_interface,https://github.com/ros-controls/ros_control/tree/kinetic-devel/transmission_interface//ros_control_plugins.xml
rqt_joint_trajectory_controller,rqt_gui,https://github.com/ros-controls/ros_controllers/tree/kinetic-devel/rqt_joint_trajectory_controller//plugin.xml
rqt_controller_manager,rqt_gui,https://github.com/ros-controls/ros_control/tree/kinetic-devel/rqt_controller_manager//plugin.xml
velocity_controllers,controller_interface,https://github.com/ros-controls/ros_controllers/tree/kinetic-devel/velocity_controllers//velocity_controllers_plugins.xml
joint_trajectory_controller,controller_interface,https://github.com/ros-controls/ros_controllers/tree/kinetic-devel/joint_trajectory_controller//ros_control_plugins.xml
joint_state_controller,controller_interface,https://github.com/ros-controls/ros_controllers/tree/kinetic-devel/joint_state_controller//joint_state_plugin.xml
gripper_action_controller,controller_interface,https://github.com/ros-controls/ros_controllers/tree/kinetic-devel/gripper_action_controller//ros_control_plugins.xml
four_wheel_steering_controller,controller_interface,https://github.com/ros-controls/ros_controllers/tree/kinetic-devel/four_wheel_steering_controller//four_wheel_steering_controller_plugins.xml
force_torque_sensor_controller,controller_interface,https://github.com/ros-controls/ros_controllers/tree/kinetic-devel/force_torque_sensor_controller//force_torque_sensor_plugin.xml
diff_drive_controller,controller_interface,https://github.com/ros-controls/ros_controllers/tree/kinetic-devel/diff_drive_controller//diff_drive_controller_plugins.xml
controller_manager_tests,controller_interface,https://github.com/ros-controls/ros_control/tree/kinetic-devel/controller_manager_tests//test_controllers_plugin.xml
effort_controllers,controller_interface,https://github.com/ros-controls/ros_controllers/tree/kinetic-devel/effort_controllers//effort_controllers_plugins.xml
imu_sensor_controller,controller_interface,https://github.com/ros-controls/ros_controllers/tree/kinetic-devel/imu_sensor_controller//imu_sensor_plugin.xml
combined_robot_hw_tests,hardware_interface,https://github.com/ros-controls/ros_control/tree/kinetic-devel/combined_robot_hw_tests//test_robot_hw_plugin.xml
social_navigation_layers,costmap_2d,https://github.com/DLu/navigation_layers/tree/indigo/social_navigation_layers//costmap_plugins.xml
range_sensor_layer,costmap_2d,https://github.com/DLu/navigation_layers/tree/indigo/range_sensor_layer//costmap_plugins.xml
position_controllers,controller_interface,https://github.com/ros-controls/ros_controllers/tree/kinetic-devel/position_controllers//position_controllers_plugins.xml
cob_gazebo_ros_control,gazebo_ros_control,https://github.com/ipa320/cob_gazebo_plugins/tree/kinetic_dev/cob_gazebo_ros_control//cob_gazebo_ros_control_plugins.xml
rqt_gauges,rqt_gui,https://github.com/UTNuclearRoboticsPublic/gauges/tree/master/.//plugin.xml
prbt_ikfast_manipulator_plugin,moveit_core,https://github.com/PilzDE/pilz_robots/tree/kinetic-devel/prbt_ikfast_manipulator_plugin//prbt_manipulator_moveit_ikfast_plugin_description.xml
pilz_status_indicator_rqt,rqt_gui,https://github.com/PilzDE/pilz_robots/tree/kinetic-devel/pilz_status_indicator_rqt//plugin.xml
pilz_control,controller_interface,https://github.com/PilzDE/pilz_robots/tree/kinetic-devel/pilz_control//pilz_control_plugins.xml
rqt_launchtree,rqt_gui,https://github.com/pschillinger/rqt_launchtree/tree/kinetic/.//plugin.xml
pilz_trajectory_generation,moveit_core,https://github.com/PilzDE/pilz_industrial_motion/tree/kinetic-devel/pilz_trajectory_generation//plugins/pilz_command_planner_plugin_description.xml
pilz_trajectory_generation,moveit_ros_move_group,https://github.com/PilzDE/pilz_industrial_motion/tree/kinetic-devel/pilz_trajectory_generation//plugins/sequence_capability_plugin_description.xml
pilz_trajectory_generation,pilz_trajectory_generation,https://github.com/PilzDE/pilz_industrial_motion/tree/kinetic-devel/pilz_trajectory_generation//plugins/planning_context_plugin_description.xml
pluginlib_tutorials,pluginlib_tutorials,https://github.com/ros/common_tutorials/tree/indigo-devel/pluginlib_tutorials//polygon_plugins.xml
nodelet_tutorial_math,nodelet,https://github.com/ros/common_tutorials/tree/indigo-devel/nodelet_tutorial_math//nodelet_math.xml
pr2_gripper_sensor_controller,pr2_controller_interface,https://github.com/PR2/pr2_gripper_sensor/tree/hydro-devel/pr2_gripper_sensor_controller//controller_plugins.xml
rsm_rqt_plugins,rqt_gui,https://github.com/MarcoStb1993/robot_statemachine/tree/master/rsm_rqt_plugins//rsm_rqt_plugins.xml
rsm_rviz_plugins,rviz,https://github.com/MarcoStb1993/robot_statemachine/tree/master/rsm_rviz_plugins//rsm_rviz_plugins.xml
ackermann_steering_controller,controller_interface,https://github.com/ros-controls/ros_controllers/tree/kinetic-devel/ackermann_steering_controller//ackermann_steering_controller_plugins.xml
rsm_additions,rsm_core,https://github.com/MarcoStb1993/robot_statemachine/tree/master/rsm_additions//rsm_plugins.xml
oculusprime,nodelet,https://github.com/xaxxontech/oculusprime_ros/tree/master/.//plugins/nodelets.xml
ifm3d,nodelet,https://github.com/ifm/ifm3d-ros/tree/master/.//nodelets.xml
image_transport,image_transport,https://github.com/ros-perception/image_common/tree/hydro-devel/image_transport//default_plugins.xml
cob_image_flip,nodelet,https://github.com/ipa320/cob_perception_common/tree/indigo_dev/cob_image_flip//nodelet_plugins.xml
cob_cam3d_throttle,nodelet,https://github.com/ipa320/cob_perception_common/tree/indigo_dev/cob_cam3d_throttle//nodelet_plugins.xml
rqt_action,rqt_gui,https://github.com/ros-visualization/rqt_action/tree/master/.//plugin.xml
laser_filters,filters,https://github.com/ros-perception/laser_filters/tree/indigo-devel/.//laser_filters_plugins.xml
ros_reflexxes,ros_reflexxes,https://github.com/KITrobotics/ipr_extern/tree/kinetic-devel/ros_reflexxes//ros_reflexxes_plugins.xml
ridgeback_control,controller_interface,https://github.com/ridgeback/ridgeback/tree/kinetic-devel/ridgeback_control//mecanum_drive_controller_plugins.xml
qt_gui_cpp,qt_gui,https://github.com/ros-visualization/qt_gui_core/tree/kinetic-devel/qt_gui_cpp//plugin.xml
iirob_filters,filters,https://github.com/KITrobotics/iirob_filters/tree/melodic/.//filters_plugin.xml
ros_ethercat_model,hardware_interface,https://github.com/shadow-robot/ros_ethercat/tree/kinetic-devel/ros_ethercat_model//ethercat_robot_hw_plugin.xml
ati_force_torque,force_torque_sensor,https://github.com/KITrobotics/ati_force_torque/tree/melodic/.//ati_fts_plugin.xml
force_torque_sensor,force_torque_sensor,https://github.com/KITrobotics/force_torque_sensor/tree/melodic/.//force_torque_sensor_plugin.xml
moose_control,controller_interface,https://github.com/moose-cpr/moose/tree/master/moose_control//double_diff_drive_controller_plugins.xml
industrial_robot_status_controller,controller_interface,https://github.com/gavanderhoorn/industrial_robot_status_controller/tree/master/industrial_robot_status_controller//plugin.xml
fsrobo_r_trajectory_filters,moveit_core,https://github.com/FUJISOFT-Robotics/fsrobo_r/tree/master/fsrobo_r_trajectory_filters//planning_request_adapters_plugin_description.xml
turtlebot_arm_ikfast_plugin,moveit_core,https://github.com/turtlebot/turtlebot_arm/tree/kinetic-devel/turtlebot_arm_ikfast_plugin//turtlebot_arm_moveit_ikfast_plugin_description.xml
franka_hw,hardware_interface,https://github.com/frankaemika/franka_ros/tree/kinetic-devel/franka_hw//franka_combinable_hw_plugin.xml
rqt_carla_control,rqt_gui,https://github.com/carla-simulator/ros-bridge/tree/0.9.6/rqt_carla_control//plugin.xml
franka_example_controllers,controller_interface,https://github.com/frankaemika/franka_ros/tree/kinetic-devel/franka_example_controllers//franka_example_controllers_plugin.xml
franka_control,controller_interface,https://github.com/frankaemika/franka_ros/tree/kinetic-devel/franka_control//franka_controller_plugins.xml
jsk_teleop_joy,jsk_teleop_joy,https://github.com/jsk-ros-pkg/jsk_control/tree/master/jsk_teleop_joy//plugin.xml
kvh_geo_fog_3d_rviz,rviz,https://github.com/MITRE/kvh_geo_fog_3d/tree/kinetic-devel/kvh_geo_fog_3d_rviz//plugin_description.xml
cis_camera,nodelet,https://github.com/tork-a/cis_camera/tree/master/.//cis_camera_nodelet.xml
staubli_rx160_moveit_plugins,moveit_core,https://github.com/ros-industrial/staubli/tree/indigo-devel/staubli_rx160_moveit_plugins//rx160_kinematics/staubli_rx160_manipulator_moveit_ikfast_plugin_description.xml
sr_tactile_sensor_controller,controller_interface,https://github.com/shadow-robot/sr-ros-interface-ethercat/tree/kinetic-devel/sr_tactile_sensor_controller//sr_tactile_sensor_plugin.xml
sr_edc_ethercat_drivers,ros_ethercat_hardware,https://github.com/shadow-robot/sr-ros-interface-ethercat/tree/kinetic-devel/sr_edc_ethercat_drivers//ethercat_device_plugin.xml
depthimage_to_laserscan,nodelet,https://github.com/ros-perception/depthimage_to_laserscan/tree/indigo-devel/.//nodelets.xml
katana_moveit_ikfast_plugin,moveit_core,https://github.com/uos/katana_driver/tree/kinetic/katana_moveit_ikfast_plugin//katana_moveit_ikfast_plugin_description.xml
robotiq_3f_rviz,rviz,https://github.com/ros-industrial/robotiq/tree/kinetic-devel/robotiq_3f_rviz//plugin_description.xml
spatio_temporal_voxel_layer,costmap_2d,https://github.com/SteveMacenski/spatio_temporal_voxel_layer/tree/kinetic-devel/.//costmap_plugins.xml
fanuc_grinding_rviz_plugin,rviz,https://gitlab.com/InstitutMaupertuis/fanuc_grinding.git/rviz_plugin//plugin_description.xml
ur_kinematics,moveit_core,https://github.com/ros-industrial/universal_robot/tree/kinetic-devel/ur_kinematics//ur_moveit_plugins.xml
mynt_eye_ros_wrapper,nodelet,https://github.com/harjeb/libmynteye/tree/master/.//nodelet_plugins.xml
bta_tof_driver,nodelet,https://github.com/voxel-dot-at/bta_tof_driver/tree/master/.//nodelet_plugins.xml
ml_classifiers,ml_classifiers,https://github.com/astuff/ml_classifiers/tree/master/.//ros1_default_classifiers_plugin.xml
vigir_footstep_planning_default_plugins,vigir_footstep_planning_plugins,https://github.com/team-vigir/vigir_footstep_planning_core/tree/master/vigir_footstep_planning_default_plugins//default_plugins.xml
pr2_moveit_plugins,moveit_core,https://github.com/ros-planning/moveit_pr2/tree/kinetic-devel/pr2_moveit_plugins//pr2_moveit_sensor_manager_plugin_description.xml
pr2_moveit_plugins,moveit_core,https://github.com/ros-planning/moveit_pr2/tree/kinetic-devel/pr2_moveit_plugins//pr2_moveit_controller_manager_plugin_description.xml
pr2_moveit_plugins,moveit_core,https://github.com/ros-planning/moveit_pr2/tree/kinetic-devel/pr2_moveit_plugins//pr2_moveit_kinematics_plugin_description.xml
pr2_navigation_perception,filters,https://github.com/PR2/pr2_navigation/tree/kinetic-devel/pr2_navigation_perception//config/pr2_laser_filters/pr2_laser_filters_plugins.xml
laser_tilt_controller_filter,filters,https://github.com/PR2/pr2_navigation/tree/kinetic-devel/laser_tilt_controller_filter//laser_tilt_controller_filter_plugins.xml
stereo_image_proc,nodelet,https://github.com/ros-perception/image_pipeline/tree/indigo/stereo_image_proc//nodelet_plugins.xml
image_rotate,nodelet,https://github.com/ros-perception/image_pipeline/tree/indigo/image_rotate//nodelet_plugins.xml
image_publisher,nodelet,https://github.com/ros-perception/image_pipeline/tree/indigo/image_publisher//nodelet_plugins.xml
depth_image_proc,nodelet,https://github.com/ros-perception/image_pipeline/tree/indigo/depth_image_proc//nodelet_plugins.xml
hector_geotiff_plugins,hector_geotiff,https://github.com/tu-darmstadt-ros-pkg/hector_slam/tree/catkin/hector_geotiff_plugins//hector_geotiff_plugins.xml
image_proc,nodelet,https://github.com/ros-perception/image_pipeline/tree/indigo/image_proc//nodelet_plugins.xml
rgbd_depth_correction,nodelet,https://github.com/ros-industrial/industrial_calibration/tree/kinetic-devel/rgbd_depth_correction//nodelets.xml
calibration_guis,rviz,https://github.com/ros-industrial/industrial_calibration/tree/kinetic-devel/calibration_guis//calibration_guis_plugin_description.xml
image_view,nodelet,https://github.com/ros-perception/image_pipeline/tree/indigo/image_view//nodelet_plugins.xml
qb_move_hardware_interface,hardware_interface,https://bitbucket.org//qbrobotics/qbmove-ros.git/src/production-kinetic/qb_move_hardware_interface//plugin.xml
visp_tracker,nodelet,https://github.com/lagadic/vision_visp/tree/kinetic-devel/visp_tracker//nodelet_plugins.xml
industrial_trajectory_filters,moveit_core,https://github.com/ros-industrial/industrial_core/tree/kinetic/industrial_trajectory_filters//planning_request_adapters_plugin_description.xml
theora_image_transport,image_transport,https://github.com/ros-perception/image_transport_plugins/tree/indigo-devel/theora_image_transport//theora_plugins.xml
compressed_image_transport,rviz,https://github.com/ros-perception/image_transport_plugins/tree/indigo-devel/compressed_image_transport//plugin_description.xml
compressed_image_transport,image_transport,https://github.com/ros-perception/image_transport_plugins/tree/indigo-devel/compressed_image_transport//compressed_plugins.xml
abb_irb2400_moveit_plugins,moveit_core,https://github.com/ros-industrial/abb/tree/kinetic/abb_irb2400_moveit_plugins//irb2400_kinematics/abb_irb2400_manipulator_moveit_ikfast_plugin_description.xml
compressed_depth_image_transport,rviz,https://github.com/ros-perception/image_transport_plugins/tree/indigo-devel/compressed_depth_image_transport//plugin_description.xml
compressed_depth_image_transport,image_transport,https://github.com/ros-perception/image_transport_plugins/tree/indigo-devel/compressed_depth_image_transport//compressed_depth_plugins.xml
slam_toolbox,slam_toolbox,https://github.com/SteveMacenski/slam_toolbox/tree/kinetic-devel/.//solver_plugins.xml
slam_toolbox,rviz,https://github.com/SteveMacenski/slam_toolbox/tree/kinetic-devel/.//rviz_plugins.xml
descartes_planner,descartes_core,https://github.com/ros-industrial-consortium/descartes/tree/kinetic-devel/descartes_planner//descartes_planner_plugins.xml
descartes_moveit,descartes_core,https://github.com/ros-industrial-consortium/descartes/tree/kinetic-devel/descartes_moveit//moveit_adapter_plugins.xml
rqt_ground_robot_teleop,rqt_gui,https://github.com/JdeRobot/ground_robots/tree/master/rqt_ground_robot_teleop//plugin.xml
lslidar_c16_decoder,nodelet,https://github.com/tongsky723/lslidar_C16/tree/master/lslidar_c16_decoder//nodelet_lslidar_c16_decoder.xml
lslidar_c16_driver,nodelet,https://github.com/tongsky723/lslidar_C16/tree/master/lslidar_c16_driver//nodelet_lslidar_c16.xml
distance_map_rviz,rviz,https://github.com/artivis/distance_map/tree/master/distance_map_rviz//distance_map_plugin.xml
distance_map_opencv,distance_map_core,https://github.com/artivis/distance_map/tree/master/distance_map_opencv//distance_map_plugin.xml
distance_map_deadreck,distance_map_core,https://github.com/artivis/distance_map/tree/master/distance_map_deadreck//distance_map_plugin.xml
rqt_bhand,rqt_gui,https://github.com/RobotnikAutomation/barrett_hand/tree/kinetic-devel/rqt_bhand//plugin.xml
octomap_rviz_plugins,rviz,https://github.com/OctoMap/octomap_rviz_plugins/tree/kinetic-devel/.//plugin_description.xml
kr6_r900_workspace_ikfast_manipulator_plugin,moveit_core,https://github.com/yijiangh/Choreo/tree/kinetic-devel/choreo_robot/kuka/framefab_kr6_r900/kr6_r900_workspace_ikfast_manipulator_plugin//kr6_r900_workspace_manipulator_moveit_ikfast_plugin_description.xml
framefab_irb6600_workspace_ikfast_rail_robot_manipulator_plugin,moveit_core,https://github.com/yijiangh/Choreo/tree/kinetic-devel/choreo_robot/abb/framefab_irb6600/framefab_irb6600_workspace_ikfast_rail_robot_manipulator_plugin//framefab_irb6600_workspace_rail_robot_manipulator_moveit_ikfast_plugin_description.xml
choreo_kr150_2_workspace_ikfast_rail_robot_manipulator_plugin,moveit_core,https://github.com/yijiangh/Choreo/tree/kinetic-devel/choreo_robot/kuka/choreo_kr150_2/choreo_kr150_2_workspace_ikfast_rail_robot_manipulator_plugin//choreo_kr150_2_workspace_rail_robot_manipulator_moveit_ikfast_plugin_description.xml
choreo_gui,rviz,https://github.com/yijiangh/Choreo/tree/kinetic-devel/choreo_gui//plugin.xml
choreo_kr5_arc_workspace_ikfast_rail_robot_manipulator_plugin,moveit_core,https://github.com/yijiangh/Choreo/tree/kinetic-devel/choreo_robot/kuka/choreo_kr5_arc/choreo_kr5_arc_workspace_ikfast_rail_robot_manipulator_plugin//choreo_kr5_arc_workspace_rail_robot_manipulator_moveit_ikfast_plugin_description.xml
packml_gui,rqt_gui,https://github.com/ros-industrial-consortium/packml/tree/kinetic-devel/packml_gui//plugin.xml
pipeline_planner,nav_core,https://github.com/SeaosRobotics/pipeline_planner_open/tree/master/.//bgp_plugin.xml
flir_boson_usb,nodelet,https://github.com/astuff/flir_boson_usb/tree/master/.//nodelet_plugins.xml
omronsentech_camera,nodelet,https://github.com/ose-support-ros/omronsentech_camera/tree/master/.//nodelet_plugins.xml
libuvc_camera,nodelet,https://github.com/ros-drivers/libuvc_ros/tree/master/libuvc_camera//libuvc_camera_nodelet.xml
baxter_ikfast_left_arm_plugin,moveit_core,https://github.com/ros-planning/moveit_robots/tree/kinetic-devel/baxter/baxter_ikfast_left_arm_plugin//baxter_left_arm_moveit_ikfast_plugin_description.xml
baxter_ikfast_right_arm_plugin,moveit_core,https://github.com/ros-planning/moveit_robots/tree/kinetic-devel/baxter/baxter_ikfast_right_arm_plugin//baxter_right_arm_moveit_ikfast_plugin_description.xml
asr_ftc_local_planner,nav_core,https://github.com/asr-ros/asr_ftc_local_planner/tree/master/.//blp_plugin.xml
qb_chain_controllers,controller_interface,https://bitbucket.org//qbrobotics/qbchain-ros.git/src/production-kinetic/qb_chain_controllers//plugin.xml
find_moving_objects,nodelet,https://github.com/andreasgustavsson/find_moving_objects/tree/kinetic-devel/.//nodelet_plugins.xml
qb_hand_hardware_interface,hardware_interface,https://bitbucket.org//qbrobotics/qbhand-ros.git/src/production-kinetic/qb_hand_hardware_interface//plugin.xml
dynamixel_control_hw,hardware_interface,https://github.com/resibots/dynamixel_control_hw/tree/master/.//dynamixel_plugins.xml
hector_exploration_planner,nav_core,https://github.com/tu-darmstadt-ros-pkg/hector_navigation/tree/catkin/hector_exploration_planner//hector_exploration_base_global_planner_plugin.xml
hector_elevation_mapping,nodelet,https://github.com/tu-darmstadt-ros-pkg/hector_navigation/tree/catkin/hector_elevation_mapping//nodelet_plugins.xml
node_manager_fkie,rqt_gui,https://github.com/fkie/multimaster_fkie/tree/kinetic-devel/node_manager_fkie//plugin.xml
nonpersistent_voxel_layer,costmap_2d,https://github.com/SteveMacenski/nonpersistent_voxel_layer/tree/kinetic-devel/.//costmap_plugins.xml
joint_qualification_controllers,pr2_controller_interface,https://github.com/PR2/pr2_self_test/tree/hydro-devel/joint_qualification_controllers//controller_plugins.xml
frame_editor,rqt_gui,https://github.com/ipa320/rqt_frame_editor_plugin/tree/kinetic-devel/frame_editor//plugin.xml
codec_image_transport,image_transport,https://github.com/yoshito-n-students/codec_image_transport/tree/kinetic-devel/.//codec_plugins.xml
pr2_motor_diagnostic_tool,rqt_gui,https://github.com/PR2/pr2_self_test/tree/hydro-devel/pr2_motor_diagnostic_tool//plugin.xml
rslidar_driver,nodelet,https://github.com/CPFL/robosense/tree/develop-curves-function/rslidar_driver//nodelet_rslidar.xml
rslidar_pointcloud,nodelet,https://github.com/CPFL/robosense/tree/develop-curves-function/rslidar_pointcloud//nodelets.xml
smp_ros,nav_core,https://github.com/ksatyaki/smp_ros/tree/master/.//plugins.xml
rviz_visual_tools,rviz,https://github.com/PickNikRobotics/rviz_visual_tools/tree/kinetic-devel/.//plugin_description.xml
test_nodelet,nodelet,https://github.com/ros/nodelet_core/tree/indigo-devel/test_nodelet//test_nodelet.xml
test_nodelet_topic_tools,nodelet,https://github.com/ros/nodelet_core/tree/indigo-devel/test_nodelet_topic_tools//test/test_nodelets.xml
industrial_collision_detection,moveit_core,https://github.com/ros-industrial/industrial_moveit/tree/kinetic-devel/industrial_collision_detection//industrial_collision_detection_plugin_description.xml
constrained_ik,moveit_core,https://github.com/ros-industrial/industrial_moveit/tree/kinetic-devel/constrained_ik//constrained_ik_plugin.xml
constrained_ik,moveit_core,https://github.com/ros-industrial/industrial_moveit/tree/kinetic-devel/constrained_ik//constrained_ik_planner_plugin_description.xml
constrained_ik,constrained_ik,https://github.com/ros-industrial/industrial_moveit/tree/kinetic-devel/constrained_ik//constrained_ik_constraint_plugin_description.xml
fkie_potree_rviz_plugin,rviz,https://github.com/fkie/potree_rviz_plugin/tree/master/fkie_potree_rviz_plugin//plugin.xml
rviz_recorder_buttons,rviz,https://github.com/ipa-jfh/robot_recorder/tree/master/rviz_recorder_buttons//plugin.xml
multi_level_map_utils,rqt_gui,https://github.com/utexas-bwi/bwi_common/tree/led_study_kinetic/multi_level_map_utils//plugin.xml
bwi_planning_common,rqt_gui,https://github.com/utexas-bwi/bwi_common/tree/led_study_kinetic/bwi_planning_common//plugin.xml
bwi_rqt_plugins,rqt_gui,https://github.com/utexas-bwi/bwi_common/tree/led_study_kinetic/bwi_rqt_plugins//python_plugins.xml
vigir_step_control,vigir_step_control,https://github.com/team-vigir/vigir_step_control/tree/master/.//plugins.xml
icart_mini_gazebo,gazebo_ros_control,https://github.com/open-rdc/icart_mini/tree/kinetic-devel/icart_mini_gazebo//icart_mini_hw_sim_plugins.xml
pluginlib,pluginlib,https://github.com/ros/pluginlib/tree/kinetic-devel/.//test/test_plugins.xml
tuw_object_rviz,rviz,https://github.com/tuw-robotics/tuw_rviz/tree/kinetic/tuw_object_rviz//plugin_description.xml
tuw_nav_rviz,rviz,https://github.com/tuw-robotics/tuw_rviz/tree/kinetic/tuw_nav_rviz//plugin_description.xml
tuw_multi_robot_rviz,rviz,https://github.com/tuw-robotics/tuw_multi_robot/tree/kinetic/tuw_multi_robot_rviz//plugin_description.xml
tuw_multi_robot_ctrl,nodelet,https://github.com/tuw-robotics/tuw_multi_robot/tree/kinetic/tuw_multi_robot_ctrl//nodelet_plugins.xml
testvstig,micros_swarm,https://github.com/xuefengchang/micros_swarm_framework/tree/master/tests/testvstig//testvstig_plugin.xml
tuw_geometry_rviz,rviz,https://github.com/tuw-robotics/tuw_rviz/tree/kinetic/tuw_geometry_rviz//plugin_description.xml
testscdspso,micros_swarm,https://github.com/xuefengchang/micros_swarm_framework/tree/master/tests/testscdspso//testscdspso_plugin.xml
udp_bc_broker,micros_swarm,https://github.com/xuefengchang/micros_swarm_framework/tree/master/core/udp_bc_broker//udp_bc_broker.xml
testnc,micros_swarm,https://github.com/xuefengchang/micros_swarm_framework/tree/master/tests/testnc//testnc_plugin.xml
opensplice_dds_broker,micros_swarm,https://github.com/xuefengchang/micros_swarm_framework/tree/master/core/opensplice_dds_broker//opensplice_dds_broker.xml
olfati_saber_flocking,micros_swarm_framework,https://github.com/xuefengchang/micros_swarm_framework/tree/master/swarm_library/olfati_saber_flocking//olfati_saber_plugin.xml
ros_broker,micros_swarm,https://github.com/xuefengchang/micros_swarm_framework/tree/master/core/ros_broker//ros_broker.xml
testbb,micros_swarm,https://github.com/xuefengchang/micros_swarm_framework/tree/master/tests/testbb//testbb_plugin.xml
gazebo_flocking,micros_swarm,https://github.com/xuefengchang/micros_swarm_framework/tree/master/applications/gazebo_flocking//gazebo_flocking_plugin.xml
app3,micros_swarm,https://github.com/xuefengchang/micros_swarm_framework/tree/master/applications/app3//app3_plugin.xml
openni_camera,nodelet,https://github.com/ros-drivers/openni_camera/tree/indigo-devel/openni_camera//openni_nodelets.xml
app1,micros_swarm,https://github.com/xuefengchang/micros_swarm_framework/tree/master/applications/app1//app1_plugin.xml
stepback_and_steerturn_recovery,nav_core,https://github.com/CIR-KIT/steer_drive_ros/tree/kinetic-devel/stepback_and_steerturn_recovery//stepback_and_steerturn_recovery_plugin.xml
steer_bot_hardware_gazebo,gazebo_ros_control,https://github.com/CIR-KIT/steer_drive_ros/tree/kinetic-devel/steer_bot_hardware_gazebo//steer_bot_hardware_gazebo_plugins.xml
app2,micros_swarm,https://github.com/xuefengchang/micros_swarm_framework/tree/master/applications/app2//app2_plugin.xml
gscam,nodelet,https://github.com/ros-drivers/gscam/tree/master/.//nodelet_plugins.xml
steer_drive_controller,controller_interface,https://github.com/CIR-KIT/steer_drive_ros/tree/kinetic-devel/steer_drive_controller//steer_drive_controller_plugins.xml
pr2_arm_kinematics,kinematics_base,https://github.com/pr2/pr2_kinematics/tree/kinetic-devel/pr2_arm_kinematics//kinematics_plugins.xml
sr_ronex_transmissions,ros_ethercat_model,https://github.com/shadow-robot/sr-ronex/tree/kinetic-devel/sr_ronex_transmissions//transmission_plugin.xml
uvc_camera,nodelet,https://github.com/ros-drivers/camera_umd/tree/master/uvc_camera//nodelet_uvc_camera.xml
sr_ronex_examples,controller_interface,https://github.com/shadow-robot/sr-ronex/tree/kinetic-devel/sr_ronex_examples//controller_plugins.xml
sr_ronex_drivers,ros_ethercat_hardware,https://github.com/shadow-robot/sr-ronex/tree/kinetic-devel/sr_ronex_drivers//ethercat_device_plugin.xml
sr_ronex_controllers,controller_interface,https://github.com/shadow-robot/sr-ronex/tree/kinetic-devel/sr_ronex_controllers//controller_plugins.xml
movidius_ncs_stream,nodelet,https://github.com/intel/ros_intel_movidius_ncs/tree/master/movidius_ncs_stream//nodelet_plugins.xml
laser_proc,nodelet,https://github.com/ros-perception/laser_proc/tree/indigo-devel/.//nodelets.xml
bebop_driver,nodelet,https://github.com/AutonomyLab/bebop_autonomy/tree/indigo-devel/bebop_driver//nodelet_plugins.xml
robot_controllers,robot_controllers,https://github.com/fetchrobotics/robot_controllers/tree/indigo-devel/robot_controllers//robot_controllers.xml
realsense_camera,nodelet,https://github.com/intel-ros/realsense/tree/indigo-devel/realsense_camera//nodelet_plugins.xml
tf,roswtf,https://github.com/ros/geometry/tree/indigo-devel/tf/tf.tfwtf
rqt_rviz,rqt_gui,https://github.com/ros-visualization/rqt_rviz/tree/indigo-devel/.//plugin.xml
baxter_sim_controllers,controller_interface,https://github.com/RethinkRobotics/baxter_simulator/tree/kinetic-devel/baxter_sim_controllers//config/baxter_sim_controllers_plugins.xml
xiaoqiang_freenect_camera,nodelet,https://github.com/bluewhalerobot/xiaoqiang/tree/kinetic-devel/xiaoqiang_freenect/xiaoqiang_freenect_camera//freenect_nodelets.xml
xiaoqiang_depth_image_proc,nodelet,https://github.com/bluewhalerobot/xiaoqiang/tree/kinetic-devel/xiaoqiang_depth_image_proc//nodelet_plugins.xml
simple_rviz_plugin,rqt_gui,https://gitlab.com/InstitutMaupertuis/simple_rviz_plugin.git/simple_rviz_plugin//plugin.xml
simple_rviz_plugin,rviz,https://gitlab.com/InstitutMaupertuis/simple_rviz_plugin.git/simple_rviz_plugin//plugin.xml
avt_vimba_camera,nodelet,https://github.com/astuff/avt_vimba_camera/tree/kinetic/.//plugins.xml
addwa_local_planner,nav_core,https://github.com/bluewhalerobot/xiaoqiang/tree/kinetic-devel/xiaoqiang_navigation/addwa_local_planner//blp_plugin.xml
hector_quadrotor_pose_estimation,nodelet,https://github.com/tu-darmstadt-ros-pkg/hector_quadrotor/tree/kinetic-devel/hector_quadrotor_pose_estimation//hector_quadrotor_pose_estimation_nodelets.xml
hector_quadrotor_controllers,controller_interface,https://github.com/tu-darmstadt-ros-pkg/hector_quadrotor/tree/kinetic-devel/hector_quadrotor_controllers//plugin.xml
hector_quadrotor_controller_gazebo,gazebo_ros_control,https://github.com/tu-darmstadt-ros-pkg/hector_quadrotor/tree/kinetic-devel/hector_quadrotor_controller_gazebo//quadrotor_controller_gazebo.xml
hector_pose_estimation,nodelet,https://github.com/tu-darmstadt-ros-pkg/hector_localization/tree/catkin/hector_pose_estimation//hector_pose_estimation_nodelets.xml
topics_rviz_plugin,rqt_gui,https://gitlab.com/InstitutMaupertuis/topics_rviz_plugin.git/.//plugin.xml
topics_rviz_plugin,rviz,https://gitlab.com/InstitutMaupertuis/topics_rviz_plugin.git/.//plugin.xml
laser_scan_splitter,nodelet,https://github.com/ccny-ros-pkg/scan_tools/tree/indigo/laser_scan_splitter//laser_scan_splitter_nodelet.xml
laser_scan_matcher,nodelet,https://github.com/ccny-ros-pkg/scan_tools/tree/indigo/laser_scan_matcher//laser_scan_matcher_nodelet.xml
laser_ortho_projector,nodelet,https://github.com/ccny-ros-pkg/scan_tools/tree/indigo/laser_ortho_projector//laser_ortho_projector_nodelet.xml
laser_scan_sparsifier,nodelet,https://github.com/ccny-ros-pkg/scan_tools/tree/indigo/laser_scan_sparsifier//laser_scan_sparsifier_nodelet.xml
roch_follower,nodelet,https://github.com/SawYer-Robotics/roch/tree/kinetic/roch_follower//plugins/nodelets.xml
kobuki_qtestsuite,rqt_gui,https://github.com/yujinrobot/kobuki_desktop/tree/kinetic/kobuki_qtestsuite//plugins/testsuite_plugin.xml
kobuki_dashboard,rqt_gui,https://github.com/yujinrobot/kobuki_desktop/tree/kinetic/kobuki_dashboard//plugins/plugin.xml
cht10_node,nodelet,https://github.com/Playfish/cht10_node/tree/master/.//plugins/nodelets.xml
ethercat_hardware,ethercat_hardware,https://github.com/PR2-prime/pr2_ethercat_drivers/tree/kinetic-devel/ethercat_hardware//ethercat_device_plugin.xml
pcl_ros,nodelet,https://github.com/ros-perception/perception_pcl/tree/kinetic-devel/pcl_ros//plugins/nodelet/libpcl_ros_features.xml
pcl_ros,nodelet,https://github.com/ros-perception/perception_pcl/tree/kinetic-devel/pcl_ros//plugins/nodelet/libpcl_ros_filters.xml
pcl_ros,nodelet,https://github.com/ros-perception/perception_pcl/tree/kinetic-devel/pcl_ros//plugins/nodelet/libpcl_ros_io.xml
pcl_ros,nodelet,https://github.com/ros-perception/perception_pcl/tree/kinetic-devel/pcl_ros//plugins/nodelet/libpcl_ros_segmentation.xml
pcl_ros,nodelet,https://github.com/ros-perception/perception_pcl/tree/kinetic-devel/pcl_ros//plugins/nodelet/libpcl_ros_surface.xml
webui,rosweb,https://github.com/UNR-RoboticsResearchLab/web_interface/tree/indigo-devel/webui/webui.diagnostics
image_stream,rosweb,https://github.com/UNR-RoboticsResearchLab/web_interface/tree/indigo-devel/image_stream/image_stream.handler
kobuki_node,nodelet,https://github.com/yujinrobot/kobuki/tree/kinetic/kobuki_node//plugins/nodelet_plugins.xml
kobuki_bumper2pc,nodelet,https://github.com/yujinrobot/kobuki/tree/kinetic/kobuki_bumper2pc//plugins/nodelet_plugins.xml
kobuki_random_walker,nodelet,https://github.com/yujinrobot/kobuki/tree/kinetic/kobuki_random_walker//plugins/nodelet_plugins.xml
kobuki_controller_tutorial,nodelet,https://github.com/yujinrobot/kobuki/tree/kinetic/kobuki_controller_tutorial//plugins/nodelet_plugins.xml
kobuki_auto_docking,nodelet,https://github.com/yujinrobot/kobuki/tree/kinetic/kobuki_auto_docking//plugins/nodelet_plugins.xml
kobuki_safety_controller,nodelet,https://github.com/yujinrobot/kobuki/tree/kinetic/kobuki_safety_controller//plugins/nodelet_plugins.xml
camera1394stereo,nodelet,https://github.com/srv/camera1394stereo/tree/kinetic/.//camera1394stereo_nodelet.xml
robot_mechanism_controllers,pr2_controller_interface,https://github.com/pr2/pr2_controllers/tree/kinetic-devel/robot_mechanism_controllers//controller_plugins.xml
pr2_mechanism_model,pr2_mechanism_model,https://github.com/pr2/pr2_mechanism/tree/kinetic-devel/pr2_mechanism_model//transmission_plugins.xml
rqt_ez_publisher,rqt_gui,https://github.com/OTL/rqt_ez_publisher/tree/kinetic-devel/.//plugin.xml
pr2_controller_manager,pr2_controller_interface,https://github.com/pr2/pr2_mechanism/tree/kinetic-devel/pr2_controller_manager//test/controller_plugin.xml
pr2_calibration_controllers,pr2_controller_interface,https://github.com/pr2/pr2_controllers/tree/kinetic-devel/pr2_calibration_controllers//controller_plugins.xml
ethercat_trigger_controllers,pr2_controller_interface,https://github.com/pr2/pr2_controllers/tree/kinetic-devel/ethercat_trigger_controllers//controller_plugins.xml
imi_camera,nodelet,https://github.com/HUAJIEIMI/imi_ros/tree/master/.//imi_nodelets.xml
o3m151_driver,nodelet,https://github.com/labex-imobs3/ifm_o3m151/tree/master/o3m151_driver//nodelet_o3m151.xml
rqt_pr2_dashboard,rqt_gui,https://github.com/pr2/rqt_pr2_dashboard/tree/kinetic-devel/.//plugin.xml
pr2_mechanism_controllers,pr2_controller_interface,https://github.com/pr2/pr2_controllers/tree/kinetic-devel/pr2_mechanism_controllers//controller_plugins.xml
rqt_dyn_tune,rqt_gui,https://github.com/mehdish89/rqt_dyn_tune/tree/master/.//plugin.xml
rocon_remocon,rqt_gui,https://github.com/robotics-in-concert/rocon_qt_gui/tree/kinetic-devel/rocon_remocon//rqt_remocon_plugin.xml
rocon_qt_master_info,rqt_gui,https://github.com/robotics-in-concert/rocon_qt_gui/tree/kinetic-devel/rocon_qt_master_info//rocon_master_info_plugin.xml
rocon_gateway_graph,rqt_gui,https://github.com/robotics-in-concert/rocon_qt_gui/tree/kinetic-devel/rocon_gateway_graph//gateway_plugin.xml
camera1394,nodelet,https://github.com/ros-drivers/camera1394/tree/master/.//camera1394_nodelet.xml
gmapping,nodelet,https://github.com/ros-perception/slam_gmapping/tree/hydro-devel/gmapping//nodelet_plugins.xml
schunk_svh_driver,rqt_gui,https://github.com/fzi-forschungszentrum-informatik/schunk_svh_driver/tree/master/.//plugin.xml
zbar_ros,nodelet,https://github.com/ros-drivers/zbar_ros/tree/indigo-devel/.//nodelets.xml
turtlebot_follower,nodelet,https://github.com/turtlebot/turtlebot_apps/tree/indigo/turtlebot_follower//plugins/nodelets.xml
eband_local_planner,nav_core,https://github.com/utexas-bwi/eband_local_planner/tree/kinetic-devel/.//elp_plugin.xml
freenect_camera,nodelet,https://github.com/ros-drivers/freenect_stack/tree/kinetic/freenect_camera//freenect_nodelets.xml
nav2d_exploration,nav2d_navigator,https://github.com/skasperski/navigation_2d/tree/kinetic/nav2d_exploration//exploration.xml
infinisoleil,nodelet,https://github.com/ncs-3d-sensing/infinisoleil/tree/master/.//infinisoleil_nodelets.xml
asr_navfn,nav_core,https://github.com/asr-ros/asr_navfn/tree/master/.//bgp_plugin.xml
imagezero_image_transport,image_transport,https://github.com/swri-robotics/imagezero_transport/tree/master/imagezero_image_transport//imagezero_plugins.xml
aubo_panel,rviz,https://github.com/auboliuxin/aubo_robot/tree/kinetic-devel/aubo_panel//aubo_rviz_plugins.xml
aubo_trajectory_filters,moveit_core,https://github.com/auboliuxin/aubo_robot/tree/kinetic-devel/aubo_trajectory_filters//planning_request_adapters_plugin_description.xml
aubo_kinematics,moveit_core,https://github.com/auboliuxin/aubo_robot/tree/kinetic-devel/aubo_kinematics//aubo_moveit_plugins.xml
aubo_description,rviz,https://github.com/auboliuxin/aubo_robot/tree/kinetic-devel/aubo_description//plugin_description.xml
ros1_ros_cpptemplate,nodelet,https://github.com/pyros-dev/ros1_template/tree/master/ros1_ros_cpptemplate//nodelets.xml
prosilica_camera,nodelet,https://github.com/ros-drivers/prosilica_driver/tree/hydro-devel/prosilica_camera//plugins/nodelet_plugins.xml
frontier_exploration,costmap_2d,https://github.com/paulbovbel/frontier_exploration/tree/indigo-devel/.//costmap_plugins.xml
vigir_footstep_planning_widgets,rqt_gui,https://github.com/team-vigir/vigir_footstep_planning_basics/tree/master/vigir_footstep_planning_widgets//plugin.xml
vigir_footstep_planning_plugins,vigir_footstep_planning_plugins,https://github.com/team-vigir/vigir_footstep_planning_basics/tree/master/vigir_footstep_planning_plugins//plugins.xml
rviz,rviz,https://github.com/ros2/rviz/tree/kinetic-devel/.//plugin_description.xml
uwsim,uwsim,https://github.com/uji-ros-pkg/underwater_simulation/tree/kinetic-devel/uwsim//simdev_plugins.xml
cartographer_rviz,rviz,https://github.com/googlecartographer/cartographer_ros/tree/0.2.0/cartographer_rviz//rviz_plugin_description.xml
cartographer_ros,rviz,https://github.com/googlecartographer/cartographer_ros/tree/0.2.0/cartographer_ros//rviz_plugin_description.xml
pointcloud_to_laserscan,nodelet,https://github.com/ros-perception/pointcloud_to_laserscan/tree/indigo-devel/.//nodelets.xml
ackermann_controller,controller_interface,https://github.com/easymov/ackermann_controller/tree/master/.//ackermann_controller_plugins.xml
rqt_nav_view,rqt_gui,https://github.com/ros-visualization/rqt_nav_view/tree/master/.//plugin.xml
vigir_pluginlib_manager,rqt_gui,https://github.com/team-vigir/vigir_pluginlib/tree/master/vigir_pluginlib_manager//plugin.xml
filters,filters,https://github.com/ros/filters/tree/hydro-devel/.//default_plugins.xml
stdr_robot,nodelet,https://github.com/stdr-simulator-ros-pkg/stdr_simulator/tree/indigo-devel/stdr_robot//robot_plugins.xml
costmap_prohibition_layer,costmap_2d,https://github.com/rst-tu-dortmund/costmap_prohibition_layer/tree/kinetic-devel/.//costmap_plugins.xml
yocs_velocity_smoother,nodelet,https://github.com/yujinrobot/yujin_ocs/tree/kinetic/yocs_velocity_smoother//plugins/nodelets.xml
yocs_safety_controller,nodelet,https://github.com/yujinrobot/yujin_ocs/tree/kinetic/yocs_safety_controller//plugins/nodelet_plugins.xml
yocs_cmd_vel_mux,nodelet,https://github.com/yujinrobot/yujin_ocs/tree/kinetic/yocs_cmd_vel_mux//plugins/nodelets.xml
rotate_recovery,nav_core,https://github.com/ros2/navigation/tree/kinetic-devel/rotate_recovery//rotate_plugin.xml
navfn,nav_core,https://github.com/ros2/navigation/tree/kinetic-devel/navfn//bgp_plugin.xml
move_slow_and_clear,nav_core,https://github.com/ros2/navigation/tree/kinetic-devel/move_slow_and_clear//recovery_plugin.xml
yocs_diff_drive_pose_controller,nodelet,https://github.com/yujinrobot/yujin_ocs/tree/kinetic/yocs_diff_drive_pose_controller//plugins/nodelets.xml
clear_costmap_recovery,nav_core,https://github.com/ros2/navigation/tree/kinetic-devel/clear_costmap_recovery//ccr_plugin.xml
dwa_local_planner,nav_core,https://github.com/ros2/navigation/tree/kinetic-devel/dwa_local_planner//blp_plugin.xml
carrot_planner,nav_core,https://github.com/ros2/navigation/tree/kinetic-devel/carrot_planner//bgp_plugin.xml
global_planner,nav_core,https://github.com/ros2/navigation/tree/kinetic-devel/global_planner//bgp_plugin.xml
base_local_planner,nav_core,https://github.com/ros2/navigation/tree/kinetic-devel/base_local_planner//blp_plugin.xml
rqt_arni_gui_overview,rqt_gui,https://github.com/ROS-PSE/arni/tree/kinetic-devel/rqt_arni_gui_overview//plugin.xml
rqt_arni_gui_detail,rqt_gui,https://github.com/ROS-PSE/arni/tree/kinetic-devel/rqt_arni_gui_detail//plugin.xml
marker_rviz_plugin,rviz,https://github.com/tuw-robotics/marker_rviz_plugin/tree/kinetic/.//plugin_description.xml
costmap_2d,costmap_2d,https://github.com/ros2/navigation/tree/kinetic-devel/costmap_2d//costmap_plugins.xml
kobuki_softnode,nodelet,https://github.com/yujinrobot/kobuki_soft/tree/kinetic/kobuki_softnode//plugins/nodelet_plugins.xml
rqt_video_playback,rqt_gui,https://github.com/tu-darmstadt-ros-pkg/hector_visualization/tree/master/rqt_video_playback//plugin.xml
tracker_base_ui,rqt_gui,https://github.com/tu-darmstadt-ros-pkg/hector_visualization/tree/master/tracker_base_ui//tracker_base_ui.xml
hector_veil_geotiff_plugin,hector_geotiff,https://github.com/tu-darmstadt-ros-pkg/hector_visualization/tree/master/hector_veil_geotiff_plugin//hector_veil_geotiff_plugin.xml
hector_rqt_plugins,rqt_gui,https://github.com/tu-darmstadt-ros-pkg/hector_visualization/tree/master/hector_rqt_plugins//plugin.xml
hector_co2_detection_plugin,rqt_gui,https://github.com/tu-darmstadt-ros-pkg/hector_visualization/tree/master/hector_co2_detection_plugin//hector_co2_detection_plugin.xml
hector_barrel_geotiff_plugin,hector_geotiff,https://github.com/tu-darmstadt-ros-pkg/hector_visualization/tree/master/hector_barrel_geotiff_plugin//hector_barrel_geotiff_plugin.xml
hector_rviz_plugins,rviz,https://github.com/tu-darmstadt-ros-pkg/hector_visualization/tree/master/hector_rviz_plugins//plugin_description.xml
hector_barrel_detection_nodelet,nodelet,https://github.com/tu-darmstadt-ros-pkg/hector_visualization/tree/master/hector_barrel_detection_nodelet//nodelet_plugins.xml
sbpl_interface_ros,planning_interface,https://github.com/ros-planning/moveit_planners/tree/kinetic-devel/sbpl/ros/sbpl_interface_ros//plugin_description.xml
moveit_simple_controller_manager,moveit_core,https://github.com/ros-planning/moveit_plugins/tree/kinetic-devel/moveit_simple_controller_manager//moveit_simple_controller_manager_plugin_description.xml
moveit_ros_visualization,rviz,https://github.com/ros-planning/moveit_ros/tree/kinetic-devel/visualization//robot_state_rviz_plugin_description.xml
moveit_ros_visualization,rviz,https://github.com/ros-planning/moveit_ros/tree/kinetic-devel/visualization//planning_scene_rviz_plugin_description.xml
moveit_ros_visualization,rviz,https://github.com/ros-planning/moveit_ros/tree/kinetic-devel/visualization//motion_planning_rviz_plugin_description.xml
moveit_ros_visualization,rviz,https://github.com/ros-planning/moveit_ros/tree/kinetic-devel/visualization//trajectory_rviz_plugin_description.xml
moveit_ros_manipulation,moveit_ros_move_group,https://github.com/ros-planning/moveit_ros/tree/kinetic-devel/manipulation//pick_place_capability_plugin_description.xml
moveit_ros_control_interface,moveit_core,https://github.com/ros-planning/moveit_plugins/tree/kinetic-devel/moveit_ros_control_interface//moveit_core_plugins.xml
moveit_ros_control_interface,moveit_ros_control_interface,https://github.com/ros-planning/moveit_plugins/tree/kinetic-devel/moveit_ros_control_interface//moveit_ros_control_interface_plugins.xml
moveit_ros_perception,moveit_ros_perception,https://github.com/ros-planning/moveit_ros/tree/kinetic-devel/perception//pointcloud_octomap_updater_plugin_description.xml
moveit_ros_perception,moveit_ros_perception,https://github.com/ros-planning/moveit_ros/tree/kinetic-devel/perception//depth_image_octomap_updater_plugin_description.xml
rqt_multiplot,rqt_gui,https://github.com/ethz-asl/rqt_multiplot_plugin/tree/kinetic-devel/rqt_multiplot//plugin.xml
moveit_planners_ompl,moveit_core,https://github.com/ros-planning/moveit_planners/tree/kinetic-devel/ompl//ompl_interface_plugin_description.xml
moveit_controller_manager_example,moveit_core,https://github.com/ros-planning/moveit_plugins/tree/kinetic-devel/moveit_controller_manager_example//moveit_controller_manager_example_plugin_description.xml
moveit_fake_controller_manager,moveit_core,https://github.com/ros-planning/moveit_plugins/tree/kinetic-devel/moveit_fake_controller_manager//moveit_fake_controller_manager_plugin_description.xml
chomp_interface_ros,planning_interface,https://github.com/ros-planning/moveit_planners/tree/kinetic-devel/chomp/ros/chomp_interface_ros//plugin_description.xml
moveit_ros_planning,moveit_core,https://github.com/ros-planning/moveit_ros/tree/kinetic-devel/planning//planning_request_adapters_plugin_description.xml
moveit_ros_planning,moveit_core,https://github.com/ros-planning/moveit_ros/tree/kinetic-devel/planning//kdl_kinematics_plugin_description.xml
moveit_ros_planning,moveit_core,https://github.com/ros-planning/moveit_ros/tree/kinetic-devel/planning//lma_kinematics_plugin_description.xml
moveit_ros_planning,moveit_core,https://github.com/ros-planning/moveit_ros/tree/kinetic-devel/planning//srv_kinematics_plugin_description.xml
hector_worldmodel_geotiff_plugins,hector_geotiff,https://github.com/tu-darmstadt-ros-pkg/hector_worldmodel/tree/catkin/hector_worldmodel_geotiff_plugins//hector_geotiff_plugins.xml
camera_pose_calibration,nodelet,https://github.com/delftrobotics/camera_pose_calibration/tree/kinetic/.//nodelet_plugins.xml
object_recognition_ros_visualization,rviz,https://github.com/wg-perception/object_recognition_ros_visualization/tree/master/.//ork_rviz_plugin.xml
moveit_ros_move_group,moveit_ros_move_group,https://github.com/ros-planning/moveit_ros/tree/kinetic-devel/move_group//default_capabilities_plugin_description.xml
hector_qrcode_detection,nodelet,https://github.com/tu-darmstadt-ros-pkg/hector_vision/tree/master/hector_qrcode_detection//nodelet.xml
rsv_balance_rqt,rqt_gui,https://github.com/robosavvy/rsv_balance_desktop/tree/master/rsv_balance_rqt//plugin.xml
create_dashboard,rqt_gui,https://github.com/turtlebot/turtlebot_create_desktop/tree/indigo/create_dashboard//plugins/plugin.xml
