robotID,robotName,category,website,wiki,description,tags
1,0x Series,ground,,http://wiki.ros.org/Robots/0x,"0x series robots (pronounced as Ox) are the most versatile, accurate and durable mobile robotics platforms by Nex Robotics.","diff-drive,ground,mobile base"
2,ABB Manipulators,manipulator,,http://wiki.ros.org/abb,ROS-Industrial support for ABB manipulators,"ROS-Industrial,abb,arm,groovy,hydro,indigo"
3,ADAS Development Vehicle Kit,ground,,http://wiki.ros.org/Robots/ADAS_Development_Vehicle_Kit,"A complete hardware and software solution that allows seamless control of throttle, brake, steering, and shifting.","ackermann,ground"
4,AMIGO,ground,,http://wiki.ros.org/Robots/AMIGO,AMIGO is an acronym for Autonomous Mate for IntelliGent Operations. AMIGO is a domestic service robot developed and created at the Eindhoven University of Technology.,"ground,humanoid,indoor,wheeled"
5,AMIR 740,manipulator,https://www.vstone.co.jp/robotshop/index.php?main_page=product_info&products_id=5348,http://wiki.ros.org/Robots/AMIR740,"AMIR 740 is a robotic arm designed to be mounted easily on a mobile robot for researchers. It is made from aluminum, has a 2kg payload, and a 740mm reach.","arm,manipulator,mobile manipulator,noetic,research,moveit,vstone"
6,AR10,component,http://www.active-robots.com/ar10-humanoid-robotic-hand,http://wiki.ros.org/Robots/AR10,This is the AR10 robotic hand from Active8 Robots. It is actuated using 10 prismatic servos which can be used to achieve a wide variety of poses.,"baxter,hand,indigo"
7,ARI,ground,http://pal-robotics.com/robots/ari/,http://wiki.ros.org/Robots/ARI/,"ARI is a high-performance robotic platform designed for a wide range of multimodal expressive gestures and behaviours, making it the ideal social robot and suitable for human-robot interaction, perception, cognition and navigation, especially thanks to its touchscreen, gaze control and versatile gestures. With a combination of Intel i7 and NVIDIA Jetson TX2 GPU, you will have enough processing power available for AI development.","AI,HRI,PAL Robotics,autonomous,computation,education,expressive,humanoid,manipulator,melodic,moveit,perception,research,retail,social"
8,ARMadillo,ground,http://www.robotican.net/armadillo,http://wiki.ros.org/robotican_armadillo,RoboTiCan ARMadillo is a mobile base with an arm that is fully compatible with ROS.,"indoor,mobile manipulator,research"
9,AUBO I-Series,manipulator,http://www.our-robotics.com/,http://wiki.ros.org/aubo_robot,Aubo robotics I-Series are high-quality and low-cost industrial robots.,"arm,industrial"
10,Allegro Hand,component,http://www.simlab.co.kr/AllegroHand/wiki,http://wiki.ros.org/Robots/AllegroHand,Allegro Hand is a low-cost and highly adaptive robotic hand.,hand
11,AmigoBot,ground,http://www.mobilerobots.com/ResearchRobots/AmigoBot.aspx,http://wiki.ros.org/Robots/AMR_Pioneer_Compatible,Small general purpose differential-drive mobile robot platform,"autonomous,diff-drive,ground,mobile base,mobile robot,research,education,wireless,indoor"
12,AsTec Pelican and Hummingbird,aerial,http://www.asctec.de/,http://wiki.ros.org/Robots/AscTec,The AscTec Pelican and Hummingbird quadrotor helicopters are built by Ascending Technologies and can be interfaced with ROS.,quadrotor
13,Autorally,ground,http://autorally.github.io/,http://wiki.ros.org/Robots/autorally,AutoRally is a high-performance testbed for robotics research.,"ackerman,outdoor"
14,BIG-i,ground,http://www.nxrobo.com/,http://wiki.ros.org/Robots/BIG-i,"BIG-i is a natural-interaction robot with mobility, 3D vision, voice programming, and active perception.","autonomous,ground,indoor,retail"
15,Barrett Hand,component,,http://wiki.ros.org/Robots/BarrettHand,"The BH8-series BarrettHand™ is a multi-fingered programmable grasper with the dexterity to secure target objects of different sizes, shapes, and orientations.",hand
16,BipedRobin,ground,,http://wiki.ros.org/Robots/BipedRobin,BipedRobin is a biped walking robot developed at the Institute for Robotics at Johannes Kepler University Linz.,"biped,humanoid,walking"
17,BlueROV,marine,,http://wiki.ros.org/Robots/BlueROV,"The BlueROV is a remotely operated underwater vehicle from Blue Robotics. It features Blue Robotics thrusters, a flight controller with ArduSub software, and a RaspberryPi running ROS.",underwater
18,Bo,ground,https://www.botsandus.com/,http://wiki.ros.org/Robots/Bo,"Bo, is the first embodiment of the BotsAndUs technology. It is a new, dynamic, autonomous robot for brand engagement. With an AI driven data acquisition system it allows companies to listen and adapt in realtime to their customers true needs.","autonomous,data capture,ground,mobile robot,retail"
19,Bulldog,ground,http://intelrope.de/bulldog-mobile-robot-outdoor,http://wiki.ros.org/Robots/Bulldog,The bulldog(professional Robot) is a robust and versatile middle size plazfrom designed for outdoor operations.,"ground,mobile robot,outdoor,teleoperator"
20,COEX Clover,aerial,https://coex.tech/clover,http://wiki.ros.org/Robots/clover,"Educational drone kit, powered by PX4, Raspberry Pi, and ROS","education,aerial,quadcopter,raspberry pi,autonomous,indoor,melodic,kinetic,noetic"
21,CRANE-X7,manipulator,https://www.rt-net.jp/products/crane-x7?lang=en,http://wiki.ros.org/crane_x7,"CRANE-X7 is compact, well styled and compatible for ROS and suit for research on collaborative robots.CRANE-X7 has a 7-axis structure and is possible to make the plan to avoid the obstacle and simulate a flexible operation such as a person’s arm.","7dof,arm,dynamixel,education,kinetic,manipulator,melodic,moveit,research"
22,Care-O-Bot,ground,,http://wiki.ros.org/Robots/Care-O-bot,The Care-O-Bot,"ground,indoor,mobile manipulator"
23,Carla,ground,https://www.udacity.com/self-driving-car,,"Carla is a self-driving Lincoln MKZ developed by Udacity and equipped with LIDAR, radar, and cameras.","autonomous vehicle,self-driving"
24,Caster,ground,https://github.com/I-Quotient-Robotics/caster,http://wiki.ros.org/Robots/Caster,"Caster is a diff-drive indoor unmanned ground vehicle, suitable for research and indoor service applications.","diff-drive,mobile robot,research,unmanned ground vehicle"
25,Caster Moma,manipulator,https://github.com/I-Quotient-Robotics/caster_man_ros,http://wiki.ros.org/Robots/Caster_Moma,caster moma is a mobile manipulator platform for the scientific research,"diff-drive,ground,indoor,mobile manipulator,research"
26,Clearpath Heron USV,marine,https://www.clearpathrobotics.com/heron-unmanned-surface-vessel/,http://wiki.ros.org/Robots/Heron,Surface vessel featuring a payload bay for mounting submerged sensors or equipment on deck. Comes pre-installed with Linux and ROS.,"boat,mobile base,mobile robot,outdoor,outside,research,rugged,surface,teleoperator,water"
27,Clearpath Husky UGV,ground,https://www.clearpathrobotics.com/husky-unmanned-ground-vehicle-robot/,http://wiki.ros.org/Robots/Husky,"Husky is a rugged, outdoor-ready unmanned ground vehicle (UGV), suitable for research and rapid prototyping applications.","mobile base,outdoor,rugged,mobile manipulator,unmanned ground vehicle,mobile robot,outside,research,teleoperator,diff-drive"
28,Clearpath Jackal UGV,ground,https://www.clearpathrobotics.com/jackal-small-unmanned-ground-vehicle/,http://wiki.ros.org/Robots/Jackal,"Jackal's fully integrated, weatherproof design offers unique capability in a compact package.","mobile base,outdoor,rugged,mobile manipulator,unmanned ground vehicle,ground,mobile robot,research,teleoperator,diff-drive,skidsteer"
29,Clearpath Ridgeback,ground,http://clearpathrobotics.com/ridgeback,http://wiki.ros.org/Robots/Ridgeback,Ridgeback is a midsize indoor robot platform that uses an omni-drive to move manipulators and heavy payloads with ease.,"holonomic,indoor,mobile base,omnidirectional,inside,research,teleoperator,platform,mobile robot"
30,Clearpath Warthog UGV,ground,https://www.clearpathrobotics.com/warthog-unmanned-ground-vehicle-robot/,http://wiki.ros.org/Robots/Warthog,Warthog is a large all-terrain unmanned ground vehicle capable of traveling on land and in water.,"mobile base,outdoor,rugged,amphibious,unmanned ground vehicle,diff-drive,research"
31,Copernicus Robot,ground,https://www.botsync.co/copernicus.html,http://wiki.ros.org/Robots/Copernicus,Botsync Copernicus is a rugged and easy to integrate ground vehicle designed to support your prototyping and research needs for outdoor applications. Copernicus supports ROS out of the box and provides access to motion commands through a serial interface.,"autonomous,diff-drive,education,ground,kinetic,mobile robot,navigation,rugged,unmanned ground vehicle,outdoor,research"
32,CoroBot,ground,,http://wiki.ros.org/Robots/Corobot,"CoroBot is a capable, expandable and affordable mobile robot platform designed to minimize the complexity of robot development.","diff-drive,indoor"
33,Crazyflie,aerial,https://www.bitcraze.io/,,Crazyflie is an open-source nano quadcopter made by Bitcraze.,"aerial,quadcopter,open-source,autonomous,indoor,melodic,noetic"
34,Cyton Gamma,manipulator,,http://wiki.ros.org/Robots/Cyton-Gamma,The ROS-Cyton Module provides a ROS interface for Energid's actinSE and Robai's Cyton 7-DOF humanoid manipulators. The aim of this module is to expose actinSE and the Cyton hardware API through ROS.,"7dof,arm"
35,Dalurobot_chassis,ground,http://www.dalurobot.com/web/index.html,http://wiki.ros.org/Robots/Dalurobot,"patented design with six-wheeled independent drive suspension and independent steering, a unique and flexible control mode, outstanding passability, omnidirectional motion modes, and unique flexible shock absorbing steering mechanism.","mobile base,logistics robot,omnidirectional,wheeled,motor"
36,Dobot CR,manipulator,https://en.dobot.cn/,http://wiki.ros.org/Robots/Dobot/CR-Series,Dobot CR is is a collaborative 6-axis robot.,"arm,manipulator,co-bot,dobot"
37,Dobot MG400,manipulator,https://en.dobot.cn/,http://wiki.ros.org/Robots/Dobot/MG400,MG400 is a lightweight desktop robotic arm,"arm,manipulator,education,co-bot,dobot"
38,Doosan-Robot,manipulator,http://www.doosan.com/en/business/robotics/cooperation-robot/,http://wiki.ros.org/doosan-robotics,"This repository is about 6-axis Doosan robots. It includes packages such as moveit, Gazebo, as well as Doosan controller interlocking packages for ROS.","6dof,arm,manipulator,co-bot,doosan-robots,doosan-robotics"
39,Dynamixel,component,http://en.robotis.com/model/page.php?co_id=actuator,http://wiki.ros.org/dynamixel,"Dynamixel (Dynamic + Cell) is a high-performance, all-in-one actuator designed for multi-jointed robot configurations.","indigo,kinetic,melodic,motor,actuator,education,research,robotis,dynamixel"
40,Elfin,manipulator,http://www.hansrobot.com/,http://wiki.ros.org/Robots/Elfin,The Elfin is an affordable 6-DOF manipulator designed for research and automation.,"arm,manipulator,research,automation,moveit"
41,Erle-Brain,component,,http://wiki.ros.org/Robots/Erle-Brain-2,Erle-brain is a Linux-based autopilot for making drones. It consists of a BeagleBone Black and a PixHawk Fire cape that put together conform a 1GHz Cortex-A8 embedded computer that has 29 sensors and many interfacing possibilities.,"aerial,computation"
42,Erle-Copter,,,,Erle-copter is a Linux-based drone that uses the award winning APM:Copter autopilot software. It’s capable of the different flight modes and ideal for outdoor operations. It has been designed for an extended flight time and it can carry a takeoff weight of about 2 kilograms.,"aerial,indigo,quadcopter"
43,Erle-HexaCopter,aerial,https://erlerobotics.com/blog/product/erle-hexacopter/,http://wiki.ros.org/Robots/Erle-HexaCopter,"Erle-HexaCopter is a ""heavy lifter"" version of Erle-Copter, a Linux-based drone that uses the award winning APM:Copter autopilot software.","aerial,hexacopter"
44,Erle-Plane,aerial,,http://wiki.ros.org/Robots/Erle-Plane,Erle-Plane is a fixed-wing drone based on the award winner APM:Plane platform.,"aerial,fixed-wing,plane"
45,Erle-Rover,ground,http://erlerobotics.com/blog/erle-rover/,http://wiki.ros.org/Robots/Erle-Rover,Erle-Rover is a Linux-based Unmanned Ground Vehicle (UGV) that uses the Robot Operating System (ROS) and the APM:Rover APM:Rover autopilot.,"ackermann,ground"
46,Erle-Spider,ground,http://erlerobotics.com/docs/Robots/Erle-Spider/index.html,http://wiki.ros.org/Robots/Erle-Spider,"Erle-Spider is a Linux-based legged drone powered based totally in ROS, the Robot Operating Syst","ground,legged"
47,Evarobot,ground,,http://wiki.ros.org/Robots/evarobot,The evarobot is a mobile robot platform built by Inovasyon Muhendislik.,"diff-drive,ground"
48,Fanuc,manipulator,http://wiki.ros.org/fanuc,http://wiki.ros.org/fanuc,"This repository is part of the ROS-Industrial program. It currently contains packages that provide nodes for communication with Fanuc industrial robot controllers, URDF models for supported manipulators and associated MoveIt packages.","ROS-Industrial,arm,industrial,manipulator,arm,fanuc"
49,Fetch,ground,http://docs.fetchrobotics.com/,http://wiki.ros.org/Robots/fetch,"Fetch is a mobile manipulation platfor m built by Fetch Robotics. The Fetch software system uses ROS extensively. All Fetch capabilities are thus available via ROS messages, services or actions.","diff-drive,ground,mobile manipulator"
50,ForteRC,ground,,http://wiki.ros.org/ingeniarius/ForteRC,ForteRC is a mobile robotic platform designed for research in the field of social robotics.,"holonomic,indoor,research"
51,Freight,ground,http://docs.fetchrobotics.com/,http://wiki.ros.org/Robots/freight,"Freight is a mobile robotics platform built by Fetch Robotics. The Freight software system uses ROS extensively. All Freight capabilities are thus available via ROS messages, services or actions.","diff-drive,ground,indoor"
52,Gapter,aerial,http://wiki.gaitech.hk/gapter/index.html,http://wiki.ros.org/gapter,Educational copter using ROS and MAVLink,"educational,copter,MAVLink"
53,GoPiGo3,ground,http://dexterindustries.com/gopigo,http://wiki.ros.org/Robots/gopigo3,"RaspberryPi-based educational robot, rated 5/5 by the MagPi, the official Raspberry Pi Foundation magazine. The GoPiGo3 offers a full range to support every type of learners. It can be used by beginner coders using Bloxter, intermediate users have a pre-installed JupyterLab, and advanced users can now do ROS.","affordable,dexter industries,education,educational ,indoor,low cost,melodic,mobile robot,modular robotics,teaching robot,wheeled,wifi,wireless"
54,Hamster,ground,https://www.hamster-robot.com/,http://wiki.ros.org/Robots/Hamster,Hamster is a robust micro Autonomous Unmanned Ground Vehicle.,"ackermann,ground,indoor,kinetic,melodic,ros2,research"
55,Han's Cute,manipulator,http://www.hansrobot.com/,http://wiki.ros.org/Robots/Hans-Cute,Han's Cute is an affordable 7-DOF manipulator designed for research and automation.,"7dof,arm,manipulator,research,moveit"
56,Hansbot,ground,http://www.hansmotor.com/,http://wiki.ros.org/Robots/hansbot,Hansbot is a high-quality and low-cost industrial mobile robot that has comparable performance with many well known players in mobile robotics area.,"industrial,mobile base,research"
57,HiroNXO,ground,http://nextage.kawada.jp/en/concept/,http://wiki.ros.org/Robots/HiroNXO,The NEXTAGE OPEN / Hiro (HiroNXO) is a manipulation platform built by Kawada Industries.,"mobile manipulator,research"
58,IR-C100,ground,http://amrobots.net/en/ir-c100-3/,http://wiki.ros.org/Robots/IR-C100,"IR-C100 is the last generation of logistics and transportation robots. It uses the last navigation method without any magnetic system.Strip, reflector, QR code, intelligent obstacle avoidance,eliminating the need for traditional AVG.Intelligent, flexible, safe, can be deployed in just half day.The overall cost is lower than similar products.","autonomous,diff-drive,elevator,indoor,logistics robot,mobile robot,research"
59,IR-R300,ground,http://amrobots.net/en/ir-m300-3/,http://wiki.ros.org/Robots/IR-R300,"IR-R300 is the last generation of logistics and transportation robots.It uses the last navigation method without any magnetic system.Strip, reflector, QR code, intelligent obstacle avoidance, eliminating the need for traditional AVG.Intelligent, flexible, safe, can be deployed in just half day.The overall cost is lower than similar products.","autonomous,diff-drive,elevator,indoor,logistics robot,mobile robot,research"
60,Innok Heros,ground,http://www.innok-robotics.de/en/products/heros/applications/research-platform,http://wiki.ros.org/Robots/Innok-Heros,"Innok Heros is a modular outdoor all-terrain robot platform available in 2 or 4 wheel drive configurations. Due to its modular construction, it can be easily modified to suit lots of different agricultural, logistics, industrial and research applications.","ground,hydro,indigo,jade,kinetic,lunar,outdoor,rugged,autonomous,diff-drive,ground,outdoor,mobile base,mobile robot,research,skidsteer"
61,Intel Edison,component,https://software.intel.com/en-us/iot/hardware/edison,http://wiki.ros.org/Edison,The Intel® Edison is an ultra small computing platform that will allow you to jump into ROS with a stamp size computer.,"computation,single-board-computer"
62,Intel Euclid,component,http://euclidcommunity.intel.com/,https://wiki.ros.org/IntelEuclid,"The Intel® Euclid™ Development Kit features the integration of Intel® RealSense™ depth camera technology, a motion camera, and an Intel® Atom™ x7-Z8700 Quad core CPU to produce a compact and sleek all-in-one computer and depth camera. The Intel® Euclid™ Development Kit is designed to be operable out of the box with pre-installed software including an Ubuntu® operating system.","computation,depth,development kit,perception,tracking"
63,JACO,manipulator,,http://wiki.ros.org/Robots/JACO,"The JACO Robot Arm is modular and efficient, with a payload-to-weight ratio that is ideal for day to day activities.","arm,research"
64,Jaguar,ground,http://jaguar.drrobot.com/index.asp,http://wiki.ros.org/Robots/Jaguar,An all terrain unmanned ground vehicle.,"ground,outdoor"
65,Jazz,ground,,http://wiki.ros.org/Robots/Jazz,Jazz is a mobile telepresence robot developed by Gostai.,"ground,inside,telepresence"
66,Jet,ground,https://developer.nvidia.com/jet-robot,http://wiki.ros.org/Robots/Jet,"Co-developed by NVIDIA and the robotics department at California Polytechnic State University, ‘Jet’ is a smart, autonomous robot based on the NVIDIA Jetson embedded development platform utilizing Servocity Acotobotics components. Jet’s brain is built around the NVIDIA Tegra SoC and uses the same NVIDIA computing cores designed into supercomputers. This gives Jet compute-intensive computer vision, artificial intelligence (AI), and self-driving capabilities in a low-cost package.","autonomous,development kit,diff-drive,education,educational,ground,mobile robot,teaching robot,wheeled"
67,Kingfisher,marine,http://clearpathrobotics.com/kingfisher,http://wiki.ros.org/Robots/Kingfisher,"Kingfisher Unmanned Surface Vessel (USV) is an agile, battery operated boat designed for research and rapid prototyping.","boat,surface"
68,Kobuki,ground,,http://wiki.ros.org/kobuki,A small mobile base which is commonly used as the TurtleBot.,"diff-drive,ground,indoor"
69,LIMO,ground,https://global.agilex.ai/products/limo,https://github.com/agilexrobotics/limo-doc,"LIMO is an innovative multi-modal, compact, and customizable mobile robot with Al modules and open-sources packages, which enables education, researchers, enthusiasts to program and develop Al robots easier. The LIMO has four steering modes including Omni-directional steering, tracked steering, Ackermann and four-wheel differential, in line with strong perception sensors and Nvidia Jetson Nano, making it a better platform to develop more indoor and outdoor industrial applications while learning ROS.","slam,Educational,eaching robot,multi-modal robotis,ROS2,ackerman,deep learning,development kit,education,mecanum,modular robotics,multi-modal,omnidirectional,perception,platform,raspberry pi,robotis,teaching robot,tracking"
70,Lego NXT,component,,http://wiki.ros.org/Robots/NXT,NXT is a modular robotics kit manufactured by Lego.,retail
71,Leo Rover,ground,http://www.leorover.tech/,http://wiki.ros.org/Robots/LeoRover,"Leo Rover is an outdoor robotics kit ready for developers. Leo Rover provides a sturdy mobile robot platform with remote control, video streaming, odometry and autonomy capabilities.","autonomous,diff-drive,education,mobile robot,open-source,outdoor,research,wheeled,wireless"
72,LoCoBot,ground,https://www.trossenrobotics.com/locobot-pyrobot-ros-rover.aspx,http://wiki.ros.org/locobot,"The LoCoBot is a mobile manipulator from Carnegie Mellon University and designed to run Facebook AI's PyRobot. PyRobot is an open source, lightweight, high-level interface on top of the robot operating system (ROS). It provides a consistent set of hardware-independent mid-level APIs to control different robots. PyRobot abstracts away details about low-level controllers and interprocess communication so users can focus on building high-level AI robotics applications.","Kobuki,dynamixel,ground,indoor,manipulator,mobile base,mobile manipulator,pyrobot,research,wheeled"
73,MD80,component,https://www.mabrobotics.pl/servos,http://wiki.ros.org/MABRobotics,MD80 is an integrated brushless motor controller designed by MAB robotics for transforming regular brushless motors into advanced actuators.,"MABRobotics,MD80,QDD,actuator,brushless,controller,motor,walking robot"
74,MICO,manipulator,,http://wiki.ros.org/Robots/MICO,"The MICO Robot Arm is modular and efficient, with a payload-to-weight ratio that is ideal for day to day activities.","arm,research"
75,MIP Junior,manipulator,https://www.mip-robotics.com/,http://wiki.ros.org/mip-robotics/junior-300,"MIP robotics making industrial robotics accessible ! The Junior is our first industrial collaborative robotic arm starting at 9500€, easy to program and safe. Give it a try ! Compatible with to Gazebo and MoveIt!","MIP robotics,ROS-industrial,arm,robotic arm,collaborative,cobot,industrial,pick and place"
76,MRP2,ground,,http://wiki.ros.org/Robots/MRP2,MRP2 is an easy to use mobile research robot developed by Milvus Robotics.,"diff-drive,indigo,mobile base,research"
77,Maggie,ground,http://roboticslab.uc3m.es/roboticslab/robot/maggie,http://wiki.ros.org/Robots/Maggie,Maggie robot is a social robot platform built by the Social Robots Group from RoboticsLab at University Carlos III of Madrid.,"mobile robot,research"
78,Magni Silver,ground,https://ubiquityrobotics.com/,http://wiki.ros.org/Robots/Magni,"Magni Silver provides a solid base to jumpstart your robotics application. With a payload over 100kg, at an affordable price, Magni Silver is a powerful and capable mobile base.","autonomous,education,kinetic,mobile robot,platform,research"
79,Mecanumbot,ground,http://javconcepts.com/tag/mecanumbot/,http://wiki.ros.org/Robots/Mecanumbot,Mecanumbot is a software research platform with a holonomic base,"holonomic,mecanum,mobile base"
80,Mecanumrover Ver.3.0,ground,https://www.vstone.co.jp/robotshop/index.php?main_page=product_info&cPath=156_923&products_id=5345,http://wiki.ros.org/Robots/Mecanumrover/MecanumroverVer.3.0,Mecanumrover Ver.3.0 is a four-wheel drive mobile platform with BLDC mecanum wheels and has a payload of 40kg which is developed by Vstone.,"mecanum,mobile base,holonomic,research,indoor,vstone,noetic,melodic"
81,Megarover F120A,ground,https://www.vstone.co.jp/robotshop/index.php?main_page=product_info&cPath=156_923&products_id=5346,http://wiki.ros.org/Robots/Megarover/MegaroverF120A,Megarover F120A is a differential drive mobile base robot with a payload of 120kg developed by Vstone.,"diff-drive,indoor,melodic,mobile base,noetic,research,120kg payload,vstone"
82,Megarover Ver.3.0,ground,https://www.vstone.co.jp/products/wheelrobot/ver.3.0_normal.html,http://wiki.ros.org/Robots/Megarover/MegaroverVer.3.0,Megarover Ver.3.0 is a differential drive mobile base robot with a payload of 40kg developed by Vstone.,"diff-drive,indoor,melodic,mobile base,noetic,research,vstone"
83,MiabotPRO,ground,,http://wiki.ros.org/Robots/miabotPro,"The Merlin MiabotPRO is a small autonomous mobile robot featuring a high precision drive train, dual processor design, onboard wireless communications, with extensive support for additional peripherals.","autonomous,cturtle,mobile robot,research"
84,Mini-Lab,ground,http://enovarobotics.com/,http://wiki.ros.org/Mini-Lab,The Mini-Lab is a medium sized robot that offers the best trade-off between robustness and price. It is suitable for research as a test-bed for the development of indoor applications.,"ground,indoor"
85,Mini-Turty II,ground,https://www.rhoeby.com/product/mini-turty-ii,http://wiki.ros.org/Mini-Turty-II,The low-cost ROS robot with big capabilities!,"autonomous,computer vision,diff drive,education,ground,learning,lidar,low cost,mobile base,navigation,open hardware"
86,Mobility Base,ground,,http://wiki.ros.org/Robots/Mobility_Base,The Mobility Base is a mobile base for the Rethink Robotics Baxter robot.,"baxter,ground"
87,Motoman,manipulator,http://wiki.ros.org/motoman,http://wiki.ros.org/motoman,"The motoman stack constains libraries, configuration files, and ROS nodes for controlling a Motoman robot from ROS-Industrial","ROS-Industrial,arm,industrial,manipulator,motoman"
88,Mover,manipulator,,http://wiki.ros.org/Robots/CPRMover,"The Commonplace Robotics Mover robots are developed for education, research and entertainment.","arm,research"
89,Nao,ground,https://www.ald.softbankrobotics.com/en/cool-robots/nao,http://wiki.ros.org/nao,Nao is a commercially available humanoid robot built by Aldebaran. The ROS driver was originally developed by Freiburg's Humanoid Robots Lab and Armin Hornung.,"biped,humanoid,walking"
90,Nav2,ground,,http://wiki.ros.org/Robots/Nav2,"The Nav2 is a modular robotics platform created by Crosswing Inc, consisting of an omniwheel holonomic mobile base and interchangeable upper components.","holonomic,mobile robot,omni-wheel"
91,Navio2,component,http://emlid.com/,http://wiki.ros.org/Robots/Navio2,Navio2 Autopliot Shield for Raspberry Pi board,"ground,aerial,computation,research,autonomous,quadcopter"
92,Ned,manipulator,https://niryo.com/product/ned/,http://wiki.ros.org/Robots/ned,"Ned is a collaborative and open source 6 axis robot made in France, and the second robot developped by Niryo. It is aimed for higher education, vocational training and R&D laboratories. Its use is particularly adapted to study robotics and programming in the context of industry 4.0.","6dof,affordable,arm,co-bot,dynamixel,education,melodic,moveit,raspberry pi,research"
93,Neobotix MMO-500,ground,https://www.neobotix-robots.com/mobile-manipulator-mmo-500.html,http://wiki.ros.org/Robots/neobotix,"The mobile manipulator MMO-500 combines the omnidirectional base MPO-500 with a light-weight robot arm from Universal Robots, Kuka, Schunk or PILZ.","holonomic,mobile base,mobile manipulator,omniwheel,omnidirectional,research,neobotix"
94,Neobotix MMO-700,ground,https://www.neobotix-robots.com/mobile-manipulator-mmo-700.html,http://wiki.ros.org/Robots/neobotix,"The mobile manipulator MMO-700 combines the omnidirectional base MPO-700 with a light-weight robot arm from Universal Robots, Kuka, Schunk or PILZ.","holonomic,mobile base,mobile manipulator,omniwheel,omnidirectional,research,neobotix"
95,Neobotix MP-400,ground,http://www.neobotix-robots.com/mobile-robot-mp-400.html,http://wiki.ros.org/Robots/neobotix/mp_400,"Neobotix MP-400 is a small, agile robot for material flow and intralogistics in industrial applications. Automatic charging station and load handling system available.","mobile base,diff-drive,industrial,retail,neobotix"
96,Neobotix MP-500,ground,https://www.neobotix-robots.com/mobile-robot-mp-500.html,http://wiki.ros.org/Robots/neobotix,The MP-500 is a medium sized mobile robot designed for indoor applications that are too rough for other robots.,"neobotix,mobile base,diff-drive,research"
97,Neobotix MPO-500,ground,http://www.neobotix-robots.com/mecanum-robot-mpo-500.html,http://wiki.ros.org/Robots/neobotix/mpo_500,The mobile robot Neobotix MPO-500 features four Mecanum wheels which provide an extraordinary manoeuvrability.,"holonomic,mecanum,mobile base,omnidirectional,research,neobotix"
98,Neobotix MPO-700,ground,http://www.neobotix-robots.com/omnidirectional-robot-mpo-700.html,http://wiki.ros.org/Robots/neobotix/mpo_700,The mobile robot Neobotix MPO-700 is the ideal base for high-end service robots. Its four Omni-Drive-Modules enable it to move extremely smoothly into any direction.,"holonomic,mobile base,omniwheel,omnidirectional,research,neobotix"
99,Niryo One,manipulator,https://niryo.com/niryo-one/,http://wiki.ros.org/niryo_one,"Niryo One is a collaborative and open source 6-axis robot made in France for : Higher education, Vocational training and R&D laboratories. Its use is particularly adapted to study robotics and programming in the context of industry 4.0.","6dof,affordable,arm,co-bot,dynamixel,education,kinetic,melodic,moveit,raspberry pi,research"
100,Nox,ground,https://github.com/RBinsonB/Nox_robot,http://wiki.ros.org/Robots/Nox,Nox is a DIY differential drive robot which uses SLAM (gmapping) with a Kinect to navigate in its environment. It is powered by ROS running on a Raspberry Pi 3 Model B and an Arduino Mega controlling two DC motors with encoders.,"arduino,diff-drive,diy,kinect,low cost,mobile base,navigation,raspberry pi,slam"
101,Oculus Prime,ground,http://www.xaxxon.com/oculusprime/slamnavigator,http://wiki.ros.org/Robots/Oculus_Prime,"Oculus Prime SLAM Navigator is a low cost, open-source mobile robot available from Xaxxon Technologies, ready for ROS applications -- with auto-charging, ROS navigation, and internet tele-operation.","ground,wheeled,autonomous,research,skidsteer,mobile robot,education"
102,Open Rover,ground,https://roverrobotics.com/,http://wiki.ros.org/Robots/rover_robotics,"The Open Rover is designed for companies looking for a rugged affordable robot to build on top of, where 100's or 1000's of robots can be deployed with minimal maintanance cost.","Affordable,Outdoor,ROS2,Rugged,ground,indoor,industrial,mobile base"
103,OpenCR,component,http://emanual.robotis.com/docs/en/parts/controller/opencr10/,http://wiki.ros.org/opencr,OpenCR means Open-source Control Module for ROS. OpenCR is developed for ROS embedded systems to provide completely open-source hardware and software.,"kinetic,melodic,computation,embedded board,microcontroller,education,research,robotis,dynamixel"
104,OpenManipulator,manipulator,http://emanual.robotis.com/docs/en/platform/openmanipulator/,http://wiki.ros.org/open_manipulator,"ROS-enabled OpenManipulator is a full open robot platform consisting of OpenSoftware, OpenHardware and OpenCR(Embedded board)​.","kinetic,melodic,ground,arm,manipulator,education,research,platform,robotis,dynamixel"
105,Otto Bock SensorHand,component,,http://wiki.ros.org/Robots/sensorhand_speed,SensorHand Speed is a hand prosthetics product developed by Otto Bock.,"hand,prosthetics"
106,PR2,ground,http://www.willowgarage.com/pages/pr2/overview,http://wiki.ros.org/Robots/PR2,The PR2 is a state of the art mobile manipulator.,"cturtle,fuerte,hydro,indigo,indoor,ground,mobile manipulator"
107,Panther,ground,https://store.husarion.com/products/panther,http://wiki.ros.org/Robots/Husarion-Panther,"Panther is an industrial grade, professional UGV designed with outdoor environment in mind. It is an autonomous, open source robot platform running on ROS (Robot Operating System). Depending on the use-case it can be equipped with a LIDAR, RGB-D camera, robotic arm and other hardware. It can be used in a variety of applications such as agriculture, logistics, rescue, inspection and more.","autonomous,education,ground,lidar,mobile base,research,wireless,unmanned ground vehicle,ROS2"
108,Panther,ground,http://rnext.it/panther/,http://wiki.ros.org/Robots/Panther,"Panther is an outdoor tracked robot, with a ZED stereocamera and an NVIDIA Jetson TX2, this robot can interact with all objects around it.","diff-drive,ground,mobile robot,outdoor,research"
109,Pepper,ground,,http://wiki.ros.org/pepper,Pepper is a commercially available humanoid robot built by Aldebaran and Softbank Robotics.,"mobile manipulator,retail"
110,Physik Instrumente Precision Motion Systems,manipulator,https://www.physikinstrumente.com/en/,http://wiki.ros.org/Robots/PI_ROS_DRIVER,"High-Precision and Ultra-Precision Motion Systems for Industry, Research and Development. This package contains the ROS Driver for Hexapods from Physik Instrumente (PI).","hexapod,high-precision,industry,research"
111,Pioneer 3-AT,ground,http://www.mobilerobots.com/ResearchRobots/P3AT.aspx,http://wiki.ros.org/Robots/AMR_Pioneer_Compatible,Medium-sized general purpose skid-steer mobile robot platform,"autonomous,diff-drive,ground,mobile base,mobile robot,research,skidsteer"
112,Pioneer 3-DX,ground,http://www.mobilerobots.com/ResearchRobots/PioneerP3DX.aspx,http://wiki.ros.org/Robots/AMR_Pioneer_Compatible,Medium-sized general purpose differential drive mobile robot platform,"autonomous,diff-drive,ground,indoor,mobile base,mobile robot,research"
113,Pioneer LX,ground,http://www.mobilerobots.com/ResearchRobots/PioneerLX.aspx,http://wiki.ros.org/Robots/AMR_Pioneer_Compatible,Industrial-quality general purpose differential drive mobile robot platform with integrated computer,"autonomous,diff-drive,ground,indoor,mobile base,mobile robot,research"
114,Pioneer LX Manipulator,ground,http://www.mobilerobots.com/ResearchRobots/PioneerManipulator.aspx,http://wiki.ros.org/Robots/AMR_Pioneer_Compatible,Customizable mobile manipulator system built on Pioneer LX,"autonomous,diff-drive,ground,indoor,mobile base,mobile robot,research,mobile manipulator"
115,PowerBot,ground,http://www.mobilerobots.com/ResearchRobots/PowerBot.aspx,http://wiki.ros.org/Robots/AMR_Pioneer_Compatible,Large general purpose differential drive mobile robot platform,"autonomous,diff-drive,ground,indoor,mobile base,mobile robot,research"
116,QTrobot,ground,http://www.luxai.com/,http://wiki.ros.org/Robots/qtrobot,"QTrobot, a toddler-like humanoid built by LuxAI S.A, is a socially engaging and interactive robot with a wide areas of application. QTrobot is currently being used for emotional training of children with autism, post-stroke rehabilitation and elderly cognitive and physical rehabilitation.","educational,expressive,humanoid,robot-for-autism,social,teaching robot"
117,Quori,ground,https://www.quori.org/,https://wiki.ros.org/Robots/Quori,"A novel, affordable, modular hardware and accompanying low-level software platform for enabling non-contact human-robot interaction research.","autonomous,computation,expressive,HRI,holonomic,humanoid,mobile,platform,research,social"
118,RB Kairos,ground,https://robotnik.eu/products/mobile-manipulators/rb-kairos/,,RB-KAIROS+ is presented as a solution for Universal Robots e-Series users,"autonomous,logistics,omni,research,robotnik"
119,RB Vulcano,ground,https://robotnik.eu/products/mobile-manipulators/rb-vulcano-en/,,Customizable mobile manipulator for carrying out industrial tasks,"autonomous,ground,mobile robot,research,robotnik"
120,RB-1,ground,http://www.robotnik.eu/manipulators/rb-one/,http://wiki.ros.org/Robots/RB-1,"RB-1 is an autonomous and configurable robot, focused on the field of research in indoor applications.","ground,indoor,mobile manipulator,research,robotnik"
121,RB-1 BASE,ground,http://www.robotnik.eu/mobile-robots/rb-1-base/,http://wiki.ros.org/Robots/RB-1_BASE,RB-1 BASE is a mobile platform designed for the research of robotic solutions and the development of applications.,"autonomous,diff-drive,indoor,mobile robot,research,elevator,logistics robot,robotnik"
122,RB-2 Base,ground,https://robotnik.eu/products/mobile-robots/rb-2-base-en/,,RB-2 Base is suitable for industrial applications in logistics,"autonomous,diff-drive,elevator,indoor,logistic robot,mobile robot,research,robotnik"
123,RBCAR,ground,http://www.robotnik.eu/mobile-robots/rbcar/,http://wiki.ros.org/Robots/RBCAR,The mobile platform RBCAR has RWD Ackerman kinematics. The traction is controlled by an AC motor with incremental encoder and the direction through a power steering system with absolute encoder.,"ackermann,ground,outdoor,mobile robot,robotnik,autonomous"
124,REEM,ground,http://pal-robotics.com/,http://wiki.ros.org/Robots/REEM,"REEM, the humanoid service robot created by PAL Robotics, can be used for several purposes. Thanks to its autonomous navigation system, its user-friendly touchscreen, and its voice and face recognition system, REEM can find its way in various surroundings and help or entertain people in most public environments.","humanoid,PAL Robotics"
125,REEM-C,ground,https://pal-robotics.com/robots/reem-c/,http://wiki.ros.org/Robots/REEM-C,"REEM-C is the latest commercial humanoid robot of PAL Robotics. REEM-C is an adult size humanoid (165 cm), and it has 44 degrees of freedom, two i7 computers, force/torque and range finders on each feet, stereo camera, 4 microphones, and other devices that make REEM-C one of the best equipped research platforms today.","humanoid,biped,walking,education,ground,indigo,kinetic,manipulator,melodic,platform,research,PAL Robotics"
126,RH-P12-RN,component,http://emanual.robotis.com/docs/en/platform/rh_p12_rn/,http://wiki.ros.org/rh_p12_rn,"The RH-P12-RN is 1-DOF two-finger hand. It supports DYNAMIXEL 2.0 protocol via DYNAMIXEL BUS. This hand designed for adaptive gripping, so you can use it for adaptive gripping for various shapes of objects. Also, it supports torque control and current-based position control make it possible to pick up objects of various materials.","kinetic,melodic,hand,gripper,education,research,platform,robotis,dynamixel"
127,ROBOTIS MANIPULATOR,manipulator,http://emanual.robotis.com/docs/en/platform/manipulator_h/introduction/,http://wiki.ros.org/manipulator_h,The ROBOTIS-MANIPULATOR is an affordable multi-purpose manipulator designed for research and automation.,"kinetic,melodic,arm,manipulator,education,research,platform,robotis,dynamixel"
128,ROBOTIS OP,ground,http://emanual.robotis.com/docs/en/platform/op3/introduction/,http://wiki.ros.org/robotis_op3,ROBOTIS OP3 is the latest miniature humanoid robot platform from ROBOTIS that succeeds ROBOTIS OP(aka “DARWIN OP”) and ROBOTIS OP2(aka “DARWIN 2” or “DARWIN OP2”).,"kinetic,melodic,ground,biped,humanoid,walking,education,research,platform,robotis,dynamixel"
129,ROSbot,ground,https://husarion.com/core2/tutorials/ros-tutorials/1-ros-introduction/,http://wiki.ros.org/Robots/ROSbot/,"Robot with LiDAR, designed to learn and develop ROS projects, with a dedicated tutorial available. Good base to add extensions - sensors, grippers, etc. thanks to many interfaces available on the rear panel.","autonomous,ground,lidar,mobile base,mobile robot,research,wheeled,wireless"
130,ROSbot 2.0,ground,https://husarion.com/#rosbot,http://wiki.ros.org/Robots/ROSbot-2.0,"ROSbot 2.0 is a successor of ROSbot - an autonomous, open source robot platform - now with a RGBD camera and improved design. It can be used as a learning platform for ROS as well as a base for a variety of robotic applications.","autonomous,education,ground,lidar,mobile base,research,wireless,ROS2"
131,ROSbot 2.0 PRO,ground,https://store.husarion.com/collections/dev-kits/products/rosbot-pro,http://wiki.ros.org/Robots/ROSbot-2.0-PRO,"ROSbot 2.0 is a successor of ROSbot - an autonomous, open source robot platform - now with a RGBD camera and improved design. It can be used as a learning platform for ROS as well as a base for a variety of robotic applications.","autonomous,education,ground,lidar,mobile base,research,wireless,ROS2"
132,Raspberry Pi Mouse,ground,https://www.rt-net.jp/products/raspimouse2?lang=en,http://wiki.ros.org/raspimouse_ros,This is a wheel-type robot equipped with a minimal computer Raspberry Pi for programming learning.,"diff-drive,education,ground,mobile,raspberry pi,research"
133,Reachy,ground,https://www.pollen-robotics.com/reachy/,http://wiki.ros.org/Robots/Reachy,Reachy is an expressive open-source humanoid platform programmable with Python and ROS. He is particularly good at interacting with people and manipulating objects.,"AI,education,humanoid,mobile,mobile base,navigation,pollen robotics,research,ros2,social,teleoperator,vr,open source"
134,Revel,manipulator,https://svenzva.com/revel,http://wiki.ros.org/Robots/Revel,"Revel is a low cost robotic manipulator intended for education, research, light automation & manufacturing.","arm,manipulator,moveit,research,retail"
135,RoboCar 1/10X,ground,https://www.zmp.co.jp/en/products/robocar/robocar-110x,http://wiki.ros.org/Robots/RoboCar110X,1/10 AD Development Platform,"ackermann,indoor,ground,melodic,mobile robot,navigation,robocar,RoboCar 1/10"
136,RoboSavvy-Balance,ground,,http://wiki.ros.org/Robots/RoboSavvy-Balance,"This platform provides researchers, engineers and hackers the ability to easily design their robotic application on top of a modular hardware interface.","balancing,wheeled"
137,Robonaut2,manipulator,http://robonaut.jsc.nasa.gov/R2/,http://wiki.ros.org/Robots/Robonaut2,"A Robonaut is a dexterous humanoid robot built and designed at NASA Johnson Space Center in Houston, Texas.","humanoid,space"
138,Robotino,ground,,http://wiki.ros.org/Robots/Robotino,"Robotino comes with sensors, actuators and software interfaces that you would expect from a modern state of the art mobile robot system.","ground,indoor,omniwheel"
139,Roch,ground,http://www.soyrobotics.com/,http://wiki.ros.org/Robots/Roch,"Roch is an intelligent, open source mobile robot platform.","ground,indigo,indoor,mobile base,research"
140,Romeo,ground,https://projetromeo.com/,http://wiki.ros.org/romeo,Romeo is a humanoid robot built by Aldebaran.,"humanoid,legged,research"
141,Roomba,ground,,http://wiki.ros.org/Robots/Roomba,The Roomba is an autonomous vacuum cleaner sold by iRobot.,"autonomous,diff-drive,indoor,retail,vacuum"
142,SRA Service Robot Arm,manipulator,http://www.cpr-robots.com/products/sra.html,http://wiki.ros.org/Robots/CPRServiceRobotArm,"The Commonplace Robotics SRA Service Robot Arm is a light robot arm for mobile applications, but provides a large reach and good payload.",arm
143,Schunk LWA 4P,manipulator,http://www.schunk-modular-robotics.com/en/home/products/powerball-lightweight-arm-lwa-4p.html,http://wiki.ros.org/schunk_description#LWA_4P,"The most compact, powerful lightweight arm in the world with three highly-integrated Powerball modules offers 6 degrees of freedom. Integrated intelligence makes powerful, mobile handling possible as never before.","arm,industrial,research"
144,Schunk SVH,component,https://de.schunk.com/de_en/gripping-systems/series/svh/,http://wiki.ros.org/schunk_svh_driver,"The anthropomorphic SCHUNK 5-finger hand grips nearly as perfectly as the human hand. Due to the moving parts with a total of nine drives, various gripping operations can be executed with high sensitivity. Elastic gripping surfaces ensure a reliable grip on objects.","hand,humanoid,industrial,manipulator,prosthetics"
145,Sciurus17,manipulator,https://www.rt-net.jp/products/sciurus17?lang=en,http://wiki.ros.org/sciurus17,Sciurus17 is a 17DoF upper-body humanoid robot with a 3D head camera and an RGB chest camera.,"arm,dynamixel,humanoid,kinetic,manipulator,melodic,moveit,research"
146,Seekur,ground,http://www.mobilerobots.com/ResearchRobots/Seekur.aspx,http://wiki.ros.org/Robots/AMR_Pioneer_Compatible,Large outdoor general-purpose holonomic mobile robot platform,"autonomous,ground,outdoor,mobile base,mobile robot,research,holonomic"
147,Seekur Jr,ground,http://www.mobilerobots.com/ResearchRobots/SeekurJr.aspx,http://wiki.ros.org/Robots/AMR_Pioneer_Compatible,Large outdoor general-purpose skid-steer robot,"autonomous,diff-drive,ground,outdoor,mobile base,mobile robot,research,skidsteer"
148,Segway RMPv3,ground,http://stanleyinnovation.com/,http://wiki.ros.org/Robots/RMPv3,The Segway RMPv3 Platform Family,"ground,indigo"
149,Shadow Hand,component,http://www.shadowrobot.com/products/dexterous-hand/,http://wiki.ros.org/Robots/Shadow_Hand,The Shadow Dexterous Hand is a truly anthropomorphic approach to robot manipulation.,"manipulation,grasping,hand,research,industry,dexterity,20dof,anthropomorphic,AI,deep learning,machine learning,teleoperation,open-source,noetic,manipulator"
150,SliderSRA,ground,http://www.cpr-robots.com/products/slider150SRA.html,http://wiki.ros.org/Robots/CPRManipulationPlatform,The Commonplace Robotics SliderSRA is a light indoor manipulation platform.,"holonomic,indoor,mobile manipulator"
151,Spark,ground,,http://wiki.ros.org/Robots/Spark,"Spark is an affordable development platform for ROS applications, with mobility and vision system.","autonomous,mobile base"
152,Summit-XL,ground,http://www.robotnik.eu/mobile-robots/summit-xl/,http://wiki.ros.org/Robots/SummitXL,"SUMMIT XL is a high versatile, high mobility, indoor/outdoor mobile robot platform manufactured by Robotnik.","ground,research,mobile robot,robotnik,autonomous,diff-drive"
153,Summit-XL-Steel,ground,https://www.robotnik.eu/mobile-robots/summit-xl-steel/,http://wiki.ros.org/Robots/SummitXL,"SUMMIT-XL STEEL is a robotic platform for application development (logistics, indoor transport, etc.) manufactured by Robotnik.","autonomous,logistics,omni,research,robotnik"
154,TALOS,ground,http://pal-robotics.com/en/products/talos/,http://wiki.ros.org/Robots/TALOS/Tutorials,TALOS is a fully electrical humanoid robot that has sensored torque control in all its joints and uses EtherCAT bus protocol. It is ready to tackle complex industrial tasks with its 6 Kg payload with each arm.,"PAL Robotics,biped,legged,industrial,education,ground,humanoid,indigo,kinetic,manipulator,melodic,platform,research,torque-control,walking"
155,THORMANG,ground,http://emanual.robotis.com/docs/en/platform/thormang3/introduction/,http://wiki.ros.org/thormang3_mpc,"THOR (Tactical Hazardous Operations Robot) is an affordable, full size humanoid robot platform with advanced computational power, sophisticated sensors, high payload capacity, and dynamic motion abilities to enable many exciting researches and educational activities.","kinetic,melodic,ground,biped,humanoid,walking,education,research,platform,robotis,dynamixel"
156,TIAGo,ground,https://pal-robotics.com/robots/tiago/,http://wiki.ros.org/Robots/TIAGo,TIAGo is a service robot designed to work in indoor environments.,"humanoid,autonomous,7dof,computation,perception,moveit,mobile manipulator,education,ground,indigo,kinetic,manipulator,melodic,platform,research,wheeled,teaching robot,development kit,deep learning,diff-drive,PAL Robotics"
157,TIAGo Base,ground,https://pal-robotics.com/robots/tiago-base/,http://wiki.ros.org/Robots/TIAGo-base,"TIAGo Base is an indoor mobile robot designed with minimum footprint and maximum payload in mind. Its primary sensors are a laser range finder, an IMU and ultrasound sensors with a user panel to add new devices.","autonomous,diff-drive,ground,indoor,indigo,kinetic,melodic,industrial,logistics,logistics robot,research,mobile base,mobile robot,wheeled,PAL Robotics"
158,TIAGo OMNI Base,ground,https://pal-robotics.com/robots/tiago-base/,http://wiki.ros.org/Robots/TIAGo-OMNI-base,"Two LIDAR sensors for an unobstructed 360º FOV secure movement, including autonomous navigation, obstacle detection and path planning. Move and navigate the omnidirectional base with ease thanks to its precision positioning in constrained environments.","PAL Robotics,autonomous,ground,holonomic,indoor,industrial,logistics,logistics robot,mecanum,melodic,mobile base,mobile robot,omnidirectional,research,wheeled"
159,TIAGo++,ground,http://pal-robotics.com/robots/tiago/,http://wiki.ros.org/Robots/TIAGo%2B%2B,TIAGo++ is a bi-manual service robot designed to work in indoor environments.,"humanoid,autonomous,7dof,computation,perception,moveit,mobile manipulator,education,ground,kinetic,manipulator,bi-manual,melodic,platform,research,wheeled,teaching robot,development kit,deep learning,diff-drive,PAL Robotics"
160,TUlip,ground,http://www.techunited.nl/en/tulip/,http://wiki.ros.org/Robots/TUlip,TUlip is a humanoid robot developed in the Dynamics and Control group of the department of Mechanical Engineering at the Eindhoven University of Technology.,"humanoid,legged,research"
161,Tally,ground,http://www.simberobotics.com/,http://wiki.ros.org/Robots/Tally,Tally - Autonomous Shelf Auditing Robot,"diff-drive,retail,data capture,ground,indoor"
162,TurtleBot2,ground,http://www.turtlebot.com/,http://wiki.ros.org/Robots/TurtleBot,"TurtleBot is a low-cost, personal robot kit with open-source software","cturtle,fuerte,hydro,ground,indigo,indoor,mobile base"
163,TurtleBot3,ground,http://turtlebot3.robotis.com/,http://wiki.ros.org/turtlebot3,"The TurtleBot3 is a new generation mobile robot that is modular, compact and customizable.","indigo,jade,kinetic,lunar,melodic,ground,diff-drive,mobile base,mobile robot,mobile manipulator,indoor,wireless,education,research,platform,robotis,dynamixel"
164,TurtleBot4,ground,https://www.turtlebot.com/,http://wiki.ros.org/Robots/TurtleBot4,"TurtleBot 4 is the next-generation of the world’s most popular open source robotics platform for education and research, offering better computing power, better sensors and a world class user experience at an affordable price point.","diff-drive,education,galactic,ground,hydro,indoor,mobile base,research,rolling,ros2"
165,Turtlebot Euclid,ground,https://www.clearpathrobotics.com/turtlebot-euclid/,http://wiki.ros.org/Robots/Turtlebot-Euclid,Turtlebot Euclid is a mobile robot platform designed for learning and development.,"education,educational,ground,indoor,kinetic,mobile base,mobile robot,research,teaching robot,wireless"
166,Universal_robots,manipulator,https://www.universal-robots.com/,http://wiki.ros.org/universal_robot,"This repository is part of the ROS-Industrial program. It currently contains packages that provide nodes for communication with universal robot manipulators, URDF models for supported manipulators and associated MoveIt packages.","ROS-Industrial,UR,arm,industrial,manipulator,universal_robots"
167,VOLTA Robot,ground,https://www.botsync.co/volta,http://wiki.ros.org/Robots/Volta,"Botsync VOLTA is a flexible and configurable ground robot platform for a wide range of use-cases from learning ROS to developing advanced research projects. Use VOLTA robot as a plug-and-play solution for varying computational, payload and sensor requirements.","30kg payload,autonomous,diff-drive,education,kinetic,learning,melodic,mobile robot,navigation,unmanned ground vehicle,indoor,low cost"
168,WheeledRobin,ground,,http://wiki.ros.org/Robots/WheeledRobin,WheeledRobin WheeledRobin is a two wheeled robot that balances on his wheels and is able to receive commands via the serial interface from a host computer,"mobile robot,research,balancing"
169,X-Terrabot,ground,http://www.asimovrobotics.com/,http://wiki.ros.org/Robots/X-Terrabot,ASIMoV Robotics has launched a new series of multi-purpose mobile platforms useful for indoor and outdoor applications with unique omni-directional mobility and unmatched payload capabilities. X-Terrabot's software system is written entirely in ROS.,"ground,holonomic,indoor,mobile manipulator,outdoor,wheeled"
170,XSeries Robot Arm,manipulator,https://www.trossenrobotics.com/robotic-arms.aspx,http://wiki.ros.org/xseries_arms,"The Interbotix X-Series Robot arms offer many different configurations of length and payload with reach up to 750mm and working payload up to 750g. Additionally, they have between 4 and 6 degrees of freedom. Each of the arms comes assembled and tested out of the box.","6dof,arm,dynamixel,kinetic,manipulator,melodic,moveit,raspberry pi,research"
171,XSeries Robot Turret,manipulator,https://www.trossenrobotics.com/c/robot-turrets.aspx,http://wiki.ros.org/xseries_turrets,X-Series Robot Turrets are high resolution pan and tilt kits built around the high performance DYNAMIXEL X-Series smart servos from Robotis. The turrets are ideal for applications utilizing vision tracking or cameras.,"kinetic,computer vision,dynamixel,melodic,raspberry pi,research,tracking"
172,Xiaoqiang,ground,,http://wiki.ros.org/cn/xiaoqiang,Xiaoqiang is a three wheeled development platform for robot enthusiasts or developers.,"diff-drive,mobile base,research"
173,YZrobot-01B,ground,http://www.yzrobot.cn/en/ros-robot.html,http://wiki.ros.org/Robots/yzrobot,This YZ-01B is a ROS robot platform with 50Kg payload and with auto-charging dock,"50kg payload,auto charging dock,ground,indoor,kinetic,mobile robot,yzrobot"
174,YZrobot-01C,ground,http://www.yzrobot.cn/en/ros-robot.html,http://wiki.ros.org/Robots/yzrobot,"This YZ-01C is a business class ROS robot platform, you can easily develope business robot with it","50kg payload,auto charging dock,ground,indoor,navigation,mobile robot,yzrobot"
175,bveetaMini,ground,https://bzonemy101.wixsite.com/mysite,http://wiki.ros.org/Robots/bveetaMini,"Bveeta mini is an educational ROS mobile robot created by Bizbot Technology, Malaysia.","bizbot,bizbot technology,bveeta,bveeta mini,bveetamini,mobile robot"
176,gauss,manipulator,http://cn.robostore.me/goods-details/10780,http://wiki.ros.org/Robots/Gauss,A ROS based 6DoF 3D printed arm for robotics learning,"6dof,arm,kinetic,research"
177,mecharm-270,manipulator,https://www.elephantrobotics.com/en/mecharm-cn/,https://docs.elephantrobotics.com/docs/gitbook-en/12-ApplicationBaseROS/,The world's most compact 6DOF robotic arm,"6DOF,Robot,Robotics,RaspberryPi,Roboticarm,Maker,DIY,M5Stack"
178,myCobot,manipulator,https://www.elephantrobotics.com/en/mycobot-en/,http://wiki.ros.org/Robots/myCobot,The lightest and smallest six axis cooperative robot in the world,"arm,education,elephantrobotics,manipulator,research,mycobot"
179,nanosaur,ground,https://nanosaur.ai/,http://wiki.ros.org/Robots/nanosaur,The smallest NVIDIA Jetson dinosaur robot,"NVIDIA,Jetson,Isaac,foxy,diff-drive,education,indoor,ROS2,mobile robot,open-source,wireless,research,Jetson,computer vision"
180,r12,manipulator,http://strobotics.com/,http://wiki.ros.org/robots/r12,"The ST Robotics r12 is a low-cost 5 axis articulated robot arm suitable for a range of automation tasks. It is low cost, highly accurate, and fast.","arm,melodic,moveit,manipulator"
181,roshand-gen2,component,http://www.verma-robot.com/product/278091899,http://wiki.ros.org/Robots/roshand-gen2,"roshand gen2 is a low-cost and highly adaptive robotic hand, every fingertips have 14 tactile sensors, 28 tactile sensors in total.",hand
182,xArm,manipulator,https://www.ufactory.cc/,http://wiki.ros.org/xarm,"The xArm series is the most affordable and versatile robotic arm on the market. Crafted from carbon fiber and assembled using powerful harmonic joins, xArms prove that automation can be made reliable and easy.","5/6/7 dof,co-bot,manipulator,robotic arm,ufactory,xarm,xarm-robots,ros2"
183,xbot,ground,http://www.xbot.com/,http://wiki.ros.org/Robots/Xbot,Xbot is one of the best robot for beginners.,"teaching robot,xbot group,ISCAS,ground,indigo,indoor,mobile robot"
184,yz02,ground,http://www.yzrobot.cn/en/ros-robot.html,http://wiki.ros.org/Robots/yzrobot,"is 40Kg, payload is 100Kg. This platform is designed for outdoor application","100kg payload,Outdoor,YZ Robot,auto charging dock,ground,kinetic,mobile robot"
