word,count
msgs,353
moveit,207
ros,177
gazebo,139
config,131
description,130
robot,110
control,107
cob,103
driver,100
support,94
pr2,94
controller,77
tools,72
hector,70
fanuc,65
rqt,64
base,64
plugins,63
sr,63
navigation,57
turtlebot3,55
core,53
asr,53
bringup,52
camera,52
common,51
test,50
map,49
motoman,49
plugin,45
manipulator,44
image,43
planner,42
rtt,40
teleop,39
rocon,39
ecl,39
rviz,38
gui,37
autorace,37
jsk,36
thormang3,36
nav,34
gripper,34
calibration,34
abb,33
manager,32
turtlebot,32
tuw,32
tutorials,31
interface,31
recognition,31
op3,31
arm,30
open,29
module,29
server,27
laser,27
launch,27
sim,27
uuv,27
multi,26
controllers,26
kobuki,26
utils,25
qb,25
sensor,25
client,25
visualization,24
exotica,23
choreo,23
summit,22
bwi,22
trajectory,21
local,21
slam,21
joint,21
publisher,21
pose,21
swri,21
bridge,20
desktop,20
resources,20
simulator,20
hand,20
demo,20
tests,20
action,20
grid,20
move,19
hardware,19
object,19
ikfast,19
py,19
imu,19
sm,19
yocs,19
python,18
node,18
tf,18
rb1,18
planning,18
vigir,18
mrpt,18
roch,18
solver,17
examples,17
marker,17
viz,17
sensors,17
robotiq,17
tutorial,17
dbw,17
khi,17
jackal,17
ethercat,16
industrial,16
segbot,16
tf2,16
geometry,16
ik,15
can,15
kuka,15
monitor,15
xl,15
baxter,15
qt,15
rosserial,15
quadrotor,14
staubli,14
pmb2,14
localization,14
rosbag,14
cpp,14
simple,14
manipulation,14
tiago,14
detection,14
seed,14
xiaoqiang,14
nao,14
cirkit,14
unit03,14
dataspeed,13
drive,13
tracker,13
filter,13
dynamixel,13
robotis,13
kinematics,13
state,13
simulation,13
util,13
footstep,13
sick,13
r7,13
dynamics,12
rc,12
filters,12
fuse,12
device,12
fetch,12
costmap,12
pcl,12
ridgeback,12
aubo,12
scan,11
interactive,11
distance,11
chain,11
pal,11
pilz,11
xbot,11
world,11
rbcar,11
apps,11
catkin,11
configuration,11
app,11
2d,11
denso,11
ur,11
prbt,11
balance,11
husky,11
ronex,11
model,10
drivers,10
perception,10
octomap,10
urdf,10
motor,10
radar,10
transport,10
detector,10
xarm,10
mobility,10
opencv,10
naoqi,10
sciurus17,10
marti,10
rwt,10
openrave,10
self,10
flexbe,10
x,10
raspigibbon,10
stdr,10
airbus,10
magni,9
motion,9
franka,9
fake,9
level,9
detect,9
3d,9
gps,9
lib,9
velodyne,9
joystick,9
markers,9
vision,9
kdl,9
generator,9
actionlib,9
create,9
tb3,9
android,9
svenzva,9
h,9
pepper,9
nav2d,9
rsv,9
katana,9
toposens,9
caster,9
libqt,9
volta,9
task,8
topic,8
usb,8
heron,8
twist,8
experimental,8
iiwa,8
example,8
view,8
p,8
ros1,8
kinova,8
network,8
depth,8
parser,8
recovery,8
mbf,8
to,8
message,8
global,8
flir,8
descartes,8
workspace,8
nodelet,8
diagnostic,8
swarm,8
schunk,8
with,8
rr,8
mechanism,8
grizzly,8
rospeex,8
romeo,8
agvs,8
carla,8
grinding,8
arni,8
copernicus,8
mir,8
maps,7
lite,7
srvs,7
demos,7
hw,7
2dnav,7
pointcloud,7
dashboard,7
aruco,7
parking,7
safety,7
cloud,7
pa,7
3f,7
force,7
web,7
roscpp,7
stage,7
point,7
tuner,7
moose,7
audio,7
ainstein,7
speech,7
video,7
robots,7
visp,7
utilities,7
rosjava,7
crane,7
x7,7
warthog,7
smach,7
pr2eus,7
fkie,7
joy,7
xpp,7
bot,7
autoware,7
canopen,7
arduino,7
ar,7
walking,7
rh,7
p12,7
rn,7
loki,7
cost,7
mild,7
nextage,7
fsrobo,7
r,7
phidgets,7
collision,6
velocity,6
leuze,6
opcua,6
rokubimini,6
tracking,6
pad,6
console,6
traffic,6
light,6
intersection,6
sdk,6
processor,6
novatel,6
comm,6
torque,6
layer,6
sbpl,6
p2os,6
worlds,6
api,6
wire,6
mapping,6
sound,6
rospy,6
mini,6
dynamic,6
ensenso,6
wrapper,6
barrett,6
multimaster,6
leo,6
dsr,6
std,6
rosparam,6
conversions,6
reconfigure,6
tool,6
actions,6
multisense,6
eigen,6
arbotix,6
service,6
ldmrs,6
packml,6
talos,6
pds,6
master,6
phm,6
uos,6
movidius,6
ncs,6
freenect,6
ecto,6
offset,6
exploration,6
tango,6
fulanghua,6
canvas,6
cl,6
qglv,6
rosflight,6
ompl,5
stomp,5
bota,5
kr6,5
status,5
crazyflie,5
raspimouse,5
kvh,5
workbench,5
tunnel,5
crossing,5
construction,5
recorder,5
trac,5
2f,5
trees,5
mpc,5
cam,5
dual,5
follower,5
keyboard,5
firmware,5
jog,5
ackermann,5
capabilities,5
command,5
cspace,5
neonavigation,5
default,5
mav,5
ublox,5
chomp,5
graph,5
ptu,5
stereo,5
proc,5
pipeline,5
ism,5
geotiff,5
rail,5
math,5
pkg,5
virtualenv,5
roseus,5
dwb,5
icart,5
random,5
openrover,5
grasp,5
hebiros,5
bebop,5
estimation,5
roomblock,5
pyros,5
humanoid,5
interaction,5
info,5
gateway,5
mux,5
zeroconf,5
rcll,5
uwsim,5
mm,5
waypoint,5
pluginlib,5
raptor,5
generic,5
e,5
uav,5
kurt,5
mkz,5
fca,5
rdl,5
rsm,5
reemc,4
time,4
serial,4
rx160,4
kr5,4
kr150,4
sequence,4
play,4
rgbd,4
statistics,4
plot,4
steering,4
simulations,4
geo,4
fog,4
toolbox,4
ft,4
laserscan,4
collada,4
setup,4
cal,4
data,4
ifm3d,4
hironx,4
converter,4
behaviors,4
position,4
diff,4
mavros,4
extras,4
track,4
samples,4
machine,4
rosmon,4
xarm7,4
execution,4
kinematic,4
psm,4
pioneer,4
lslidar,4
n301,4
irb6600,4
log,4
nmea,4
relay,4
r900,4
framefab,4
visual,4
external,4
battery,4
introspection,4
rover,4
rosgraph,4
coverage,4
vesc,4
steer,4
ixblue,4
ins,4
editor,4
path,4
power,4
eus,4
states,4
autonomy,4
ca,4
bcap,4
coretest,4
2,4
openrtm,4
safe,4
panda,4
duaro,4
irb1200,4
gundam,4
rapps,4
launchers,4
player,4
head,4
gmapping,4
cv,4
objects,4
encoder,4
rslidar,4
care,4
o,4
access,4
piksi,4
teraranger,4
messages,4
ekf,4
innok,4
heros,4
concert,4
database,4
osg,4
roslisp,4
edc,4
cloudwatch,4
dev,4
igvc,4
openni,4
micros,4
cartographer,4
omip,4
jaguar,4
xarm6,4
xarm5,4
rosabridge,4
people,4
msg,3
models,3
obstacle,3
frame,3
adapter,3
cartesian,3
smoother,3
phidget,3
waypoints,3
runtime,3
collector,3
bag,3
j2s7s300,3
j2s6s300,3
transform,3
generation,3
file,3
uploader,3
lrmate200id,3
articulated,3
goal,3
rexrov2,3
urg,3
icons,3
muscle,3
cyberglove,3
torso,3
remote,3
rtmros,3
forward,3
tensorflow,3
analysis,3
vtec,3
google,3
tilt,3
store,3
hrpsys,3
executive,3
behavior,3
system,3
vacuum,3
feet,3
for,3
compressed,3
auto,3
irb2400,3
mongodb,3
comms,3
dcm,3
build,3
linear,3
engine,3
interfaces,3
earth,3
conversion,3
nist,3
arena,3
rospack,3
rosnode,3
tof,3
grasping,3
params,3
m6ib,3
m20ia,3
m10ia,3
lrmate200ic,3
lrmate200ib,3
lrmate200i,3
audibot,3
ssm,3
smacc,3
viewer,3
1,3
y,3
speed,3
microstrain,3
backward,3
ur3,3
profiler,3
aws,3
pkgs,3
rs,3
irb120,3
roslaunch,3
dependency,3
planners,3
aggregator,3
diagnostics,3
ur10,3
bond,3
rx78,3
automotive,3
stream,3
sns,3
tra1,3
matcher,3
hls,3
post,3
vs060,3
script,3
wge100,3
framework,3
sync,3
arc,3
navi,3
eca,3
a9,3
elevation,3
driving,3
voxel,3
lauv,3
desistek,3
saga,3
static,3
melfa,3
suite,3
activity,3
karto,3
streamer,3
gx,3
gmplot,3
fzi,3
icl,3
turtle,3
and,3
vehicle,3
processing,3
phantomx,3
reactor,3
worldmodel,3
pair,3
md49,3
visard,3
tactile,3
prediction,3
meshes,3
imagezero,3
lex,3
kinesis,3
mh5,3
pheeno,3
fawkes,3
opengl,3
loader,3
toolkit,3
gcloud,3
broker,3
alvar,3
pddl,3
avahi,3
ulc,3
variant,3
resource,2
rrt,2
pinocchio,2
scene,2
fcl,2
wireless,2
genicam,2
v2,2
basic,2
constraints,2
identifier,2
mecanum,2
observer,2
mode,2
impl,2
handler,2
testing,2
tx90,2
tx60,2
tx2,2
90,2
rsi,2
kr210,2
follow,2
computer,2
webrtc,2
lidar,2
orb,2
slam2,2
srv,2
logger,2
fiducial,2
libs,2
rtabmap,2
darknet,2
testutils,2
spinnaker,2
s3,2
integration,2
dense,2
snapshotter,2
projector,2
assembler,2
m1n6s300,2
j2n6s300,2
osm,2
route,2
modbus,2
axis,2
wifi,2
ddwrt,2
async,2
traits,2
serialization,2
odometry,2
quaternions,2
pid,2
descriptions,2
auv,2
full,2
tasks,2
only,2
mimic,2
bootloader,2
advanced,2
teb,2
hebi,2
four,2
wheel,2
panorama,2
automatic,2
applications,2
roslib,2
rosbuild,2
cfg,2
rosbash,2
problib,2
limiter,2
organizer,2
capture,2
orocos,2
ypspur,2
stamped,2
mcl,2
3dl,2
color,2
zivid,2
voice,2
virtual,2
nlopt,2
patch,2
julius,2
3rdparty,2
dialogflow,2
assimp,2
checkerboard,2
mapviz,2
foot,2
transformer,2
benchmark,2
group,2
rxros,2
indicator,2
rotate,2
visualizations,2
target,2
creator,2
ueye,2
decoder,2
homer,2
irb6640,2
sicktoolbox,2
ibeo,2
shadow,2
bhand,2
proxy,2
smacha,2
mit,2
suction,2
geometric,2
yaml,2
republisher,2
typeg,2
linux,2
launcher,2
doosan,2
robotics,2
snapshot,2
extern,2
tiny,2
euslisp,2
shape,2
roscomm,2
nerian,2
m430ia,2
m20ib,2
m16ib,2
cr7ia,2
exchanger,2
check,2
semantic,2
locomotor,2
critics,2
dlux,2
typekit,2
mouse,2
thermal,2
cmd,2
vel,2
json,2
loop,2
unique,2
input,2
dance,2
3,2
z,2
mips,2
robotnik,2
utility,2
abstract,2
library,2
pg70,2
scripts,2
robomaker,2
irb1600,2
ddynamic,2
rostopic,2
rosservice,2
rosmaster,2
storage,2
rosconsole,2
optimizer,2
ftdi,2
stack,2
waffle,2
type,2
commander,2
socketcan,2
calculation,2
synchronizer,2
platform,2
diffdrive,2
io,2
minas,2
youbot,2
lfcd,2
step,2
setting,2
xacro,2
ati,2
online,2
direct,2
keyop,2
docking,2
ez,2
dyn,2
tune,2
listener,2
helpers,2
asw,2
face,2
atlas,2
viso2,2
find,2
timestamp,2
alignment,2
plume,2
fast,2
localizer,2
cmake,2
udp,2
asmach,2
rtk,2
stop,2
services,2
array,2
reconstruction,2
navigator,2
lkh,2
navfn,2
dome,2
template,2
cpptemplate,2
pytemplate,2
pip,2
prosilica,2
sophus,2
compass,2
visionary,2
t,2
underwater,2
widgets,2
amcl,2
ivt,2
flock,2
of,2
birds,2
segmentation,2
broadcaster,2
soft,2
stair,2
co2,2
barrel,2
assistant,2
warehouse,2
benchmarks,2
hub,2
sigslots,2
converters,2
aist,2
softkinetic,2
uri,2
interactions,2
babel,2
fish,2
eye,2
combined,2
run,2
openni2,2
recognizer,2
pdu,2
velo2cam,2
oem7,2
hsr,2
kinect,2
indoor,2
slime,2
pattern,2
lms1xx,2
transforms,2
tts,2
monitoring,2
h264,2
metrics,2
sia5d,2
mpl,2
csda10f,2
geographic,2
pointgrey,2
edrone,2
ur5,2
universal,2
puma,2
walk,2
bullet,2
vex,2
ctrl,2
flocking,2
uvc,2
umd,2
containers,2
bin,2
epos,2
robin,2
oros,2
auction,2
feed,2
the,2
troll,2
clear,2
realtime,2
throttle,2
helper,2
sia20d,2
sda10f,2
ms210,2
ma2010,2
ipa,2
teleoperator,2
rules,2
rapid,2
settler,2
cb,2
towr,2
layers,2
leica,2
libuvc,2
roboteq,2
r1000ia,2
retriever,1
indexed,1
connect,1
scipy,1
pendulum,1
levenberg,1
marquardt,1
ilqr,1
ilqg,1
solvers,1
double,1
integrator,1
ddp,1
latest,1
cartpole,1
aico,1
watcher,1
log4cpp,1
ocl,1
psen,1
rosdoc,1
lusb,1
roswww,1
catch,1
variables,1
publishers,1
optimizers,1
loss,1
graphs,1
tricycle,1
omni,1
emulation,1
footprint,1
mqtt,1
rsl,1
freeopcua,1
communication,1
bus,1
worker,1
signal,1
val3,1
60,1
lbr,1
kr3,1
kr16,1
kr120,1
kr10,1
eki,1
carbon,1
j2s6s200,1
j2n6s200,1
ira,1
geonav,1
rosaria,1
livox,1
fiducials,1
agni,1
operators,1
programming,1
extensions,1
2020,1
recorders,1
r2000ic,1
r2000ib,1
lrmate200id7l,1
se,1
numpy,1
nearfield,1
pcdfilter,1
parameter,1
matlab,1
cartography,1
tcp,1
rtu,1
c2,1
85,1
140,1
rt,1
9axisimu,1
dep,1
gravity,1
compensation,1
calib,1
rosauth,1
stag,1
rostime,1
goals,1
roomba,1
raspicam,1
soem,1
lattice,1
passer,1
assisted,1
doc,1
halcon,1
seabed,1
dp,1
disturbances,1
thruster,1
cascaded,1
allocator,1
assistants,1
c,1
led,1
m1n6s200,1
draw,1
resetter,1
calibrator,1
change,1
biotac,1
controls,1
odom,1
leap,1
j2s7s200,1
declination,1
xaxxon,1
openlidar,1
opw,1
librviz,1
plotjuggler,1
moveback,1
cognitao,1
lpms,1
rosunit,1
rosmake,1
roslang,1
roscreate,1
rosclean,1
rosboost,1
mk,1
transmission,1
limits,1
effort,1
gtsam,1
estimators,1
mvsim,1
webargs,1
ntpd,1
libmavconn,1
obj,1
interrupt,1
behaviortree,1
skybiometry,1
openpose,1
openface,1
jetson,1
extractor,1
age,1
gender,1
hpp-fcl,1
hokuyo3d,1
librealsense2,1
webrtcvad,1
text,1
switchbot,1
slic,1
sesame,1
rostwitter,1
rosping,1
rospatlite,1
language,1
respeaker,1
pgm,1
learner,1
opt,1
maxwell,1
lpg,1
libsiftfast,1
libcmt,1
influxdb,1
view2,1
texttospeech,1
chat,1
gdrive,1
ffha,1
ff,1
downward,1
chaplus,1
bayesian,1
belief,1
networks,1
devel,1
aques,1
talk,1
classification,1
resized,1
imagesift,1
spectrogram,1
tile,1
multires,1
eigenpy,1
field,1
environment,1
relation,1
pf,1
drawing,1
attitude,1
systemd,1
hand2eye,1
loadout,1
kha1,1
autoconfig,1
tello,1
finder,1
stand,1
alone,1
correction,1
intrinsic,1
extrinsic,1
caljob,1
guis,1
sba,1
um6,1
ls01b,1
robbie,1
architecture,1
haros,1
mppt,1
theora,1
deprecated,1
irb5400,1
irb4400,1
xsens,1
libmongocxx,1
lux,1
rostate,1
rxcpp,1
vendor,1
span,1
ground,1
sdhlibrary,1
talker,1
epos2,1
enhanced,1
deadreck,1
blob,1
volksbot,1
cpr,1
clock,1
ucla,1
quaternion,1
operation,1
arch,1
rapidjson,1
process,1
capability,1
string,1
prefix,1
cli,1
structures,1
inorbit,1
parallel,1
razor,1
9dof,1
ifopt,1
openhrp3,1
typeg2,1
typef,1
octovis,1
edt,1
sbg,1
peripheral,1
libsensors,1
laptop,1
telegram,1
m1509,1
m1013,1
m0617,1
m0609,1
h2515,1
h2017,1
a0912,1
a0509,1
csm,1
rcdiscover,1
iot,1
bed,1
opengm,1
libphidgets,1
libpcan,1
libntcan,1
libdlib,1
eusurdf,1
tester,1
euscollada,1
elements,1
designer,1
rosdeployment,1
rosclock,1
omronsentech,1
bta,1
code,1
roscompile,1
magical,1
ros2,1
leptrino,1
grpc,1
chooser,1
session,1
openraveros,1
m6ib6s,1
m430ia2p,1
m430ia2f,1
m20ib25,1
m20ia10l,1
m16ib20,1
lrmate200ic5l,1
lrmate200ic5h,1
lrmate200ib3l,1
cr7ial,1
cr35ia,1
record,1
vrpn,1
allocation,1
functions,1
rfsm,1
cpswarm,1
area,1
division,1
dgps,1
tuck,1
arms,1
roslint,1
mongo,1
counterbalance,1
pub,1
sub,1
iterators,1
core2,1
annotator,1
board,1
ocean,1
impedance,1
locomove,1
qualification,1
queue,1
potree,1
armnavigation,1
qpoases,1
qp,1
contact,1
roboticsgroup,1
upatras,1
libsick,1
event,1
countdown,1
conditional,1
all,1
events,1
go,1
update,1
three,1
some,1
starcraft,1
ai,1
respira,1
plugs,1
baldor,1
uuid,1
id,1
ipcamera,1
widget,1
onboard,1
mirror,1
vis,1
hyq,1
strikes,1
back,1
transition,1
calendar,1
week,1
atomic,1
timer,1
multirole,1
svh,1
rtmbuild,1
rplidar,1
rtc,1
flex,1
inertial,1
px4,1
pybind11,1
omron,1
os32c,1
reflexxes,1
libreflexxestype2,1
libmodbus,1
ipr,1
basler,1
lcm,1
rs080n,1
rs025n,1
rs013n,1
rs007n,1
rs007l,1
libcreate,1
ifm3d-ros,1
irb7600,1
irb6700,1
irb6650s,1
irb52,1
irb4600,1
irb2600,1
6,1
12,1
irb120t,1
7,1
70,1
5,1
crb15000,1
cov,1
ops,1
fingertip,1
pressure,1
vector,1
tablet,1
socket,1
genmsg,1
lanelet2,1
omni3,1
smartactuator,1
xmlrpcpp,1
roswtf,1
rostest,1
rosout,1
rosmsg,1
roslz4,1
handeye,1
criutils,1
lgsvl,1
qwt,1
turtlesim,1
gl,1
rosdiagnostic,1
updater,1
maps-odom,1
dnn,1
dock,1
iirob,1
wit-imu-driver,1
zero,1
pi,1
webots,1
box,1
coupling,1
smclib,1
bondpy,1
bondcpp,1
pandas,1
402,1
multipoint,1
receiver,1
neo,1
start,1
completion,1
reliability,1
hazard,1
rate,1
agv,1
oxford,1
eth,1
approximate,1
rotunit,1
straight,1
muxer,1
guard,1
 the node acc,1
finder.py prints the time needed to achieve maximum speed.,1
parrot,1
arsdk,1
agile,1
handle,1
netatmo2ros,1
daq,1
optris,1
rgbdslam,1
realsense,1
accumulator,1
modelica,1
cog,1
pcontroller,1
tracetools,1
rethink,1
ee,1
maintenance,1
addwa,1
avt,1
vimba,1
topics,1
polar,1
ncd,1
splitter,1
sparsifier,1
ortho,1
perceptions,1
constructor,1
dmu,1
ftm,1
lds2,1
thingmagic,1
usbpro,1
qtestsuite,1
pacmod,1
rostful,1
cht10,1
opc,1
ball,1
gridmap,1
odva,1
ethernetip,1
brunel,1
key,1
simulators,1
futaba,1
servo,1
ppc,1
3dm,1
gx4,1
cr,1
cm,1
740,1
webui,1
rosweb,1
rosjson,1
mpg321,1
madplay,1
apache2,1
pyclearsilver,1
launchman,1
dartsim,1
marvelmind,1
testsuite,1
walker,1
bumper2pc,1
rospilot,1
shortcuts,1
slave,1
camera1394stereo,1
yoctopuce,1
altimeter,1
libhaloc,1
willow,1
single,1
trigger,1
imi,1
o3m151,1
remocon,1
visualisations,1
camera1394,1
segway,1
rmp,1
multirobot,1
merge,1
explore,1
param,1
output,1
gatekeeper,1
material,1
feeder,1
end,1
effector,1
stacklight,1
3dmgx2,1
r2,1
generated,1
iri,1
wam,1
right,1
left,1
v3,1
astra,1
ftc,1
abseil,1
libviso2,1
ubiquity,1
moving,1
cnn,1
multiwii,1
jointstick,1
aid,1
discovery,1
nonpersistent,1
cpc,1
strain,1
gauge,1
movements,1
stability,1
3dmouse,1
codec,1
dwm1001,1
lfom,1
depthcloud,1
ouster,1
fetchit,1
challenge,1
acado,1
modules,1
remapper,1
movie,1
eml,1
smp,1
rv7fl,1
rv4fl,1
roam,1
networking,1
linksys,1
ieee80211,1
channels,1
hostapd,1
gripit,1
benchmarking,1
constrained,1
bfl,1
buttons,1
recordit,1
jmdns,1
genjava,1
bootstrap,1
timed,1
optpp,1
navsat,1
remocons,1
val,1
utexas,1
gdc,1
virtour,1
scavenger,1
libfovis,1
zbar,1
mtig,1
native,1
pyqt,1
extend,1
docgen,1
coop,1
cobot,1
eband,1
webaudiomonitor,1
if,1
audiomonitor,1
tod,1
transparent,1
evaluator,1
rostune,1
operator,1
infinisoleil,1
gd,1
sp1,1
twistimu,1
wsg,1
32,1
glkh,1
trep,1
explorer,1
manip,1
panel,1
new,1
i5,1
laserscanner,1
myahrs,1
muse,1
bldc,1
frontier,1
hugin,1
lost,1
overlay,1
scale,1
urdfdom,1
wiimote,1
spacenav,1
ps3joy,1
look,1
at,1
lms,1
400,1
files,1
threads,1
multiplexing,1
cpf,1
mavlink,1
candidate,1
pepperl,1
fuchs,1
r2000,1
dummy,1
touring,1
meta,1
wts,1
phoxi,1
softnode,1
softapps,1
ui,1
playback,1
veil,1
multiplot,1
filtering,1
marshmallow,1
household,1
unreliable,1
experiments,1
errors,1
rtshell,1
uavc,1
v4lctl,1
version,1
redis,1
ebnf,1
bubble,1
scheduler,1
pacman,1
workflow,1
openslam,1
rtsprofile,1
rtctree,1
convex,1
decomposition,1
ivcon,1
jskeus,1
lyap,1
qrcode,1
heat,1
serialport,1
certifi,1
brics,1
actuator,1
nanomsg,1
tagdetect,1
silhouettematch,1
pick,1
dynpick,1
tblib,1
restart,1
posedetection,1
hark,1
simulated,1
sdh,1
powercube,1
modular,1
libm5api,1
mrpt1,1
gauges,1
launchtree,1
polled,1
parsers,1
wu,1
rosbaglive,1
kalman,1
easy,1
swarmros,1
sparse,1
bundle,1
adjustment,1
gencpp,1
rbpf,1
icp,1
graphslam,1
um7,1
mrs,1
pyquaternion,1
active,1
dbc,1
tim,1
stdbin,1
tree,1
numbers,1
oled,1
display,1
webkit,1
cvb,1
block,1
sensorlib,1
reactivenav2d,1
rawlog,1
obstacles,1
msp,1
repl,1
rosemacs,1
emacs,1
manual,1
infrastructure,1
ego,1
geneus,1
gennodejs,1
genlisp,1
cis,1
dependencies,1
uwb,1
watson,1
tdk,1
robokit,1
next,1
best,1
lisp,1
components,1
health,1
metric,1
management,1
dataflow,1
logs,1
search,1
depthimage,1
kni,1
spatio,1
temporal,1
scanning,1
publish,1
meshfile,1
comparison,1
adi,1
mpx3500,1
mpl80,1
mhj,1
mh,1
epx,1
bmda3,1
geodesy,1
wfov,1
echo,1
descriptor,1
surface,1
based,1
blender,1
dockeros,1
xsd2cpp,1
rapidxml,1
exposure,1
angles,1
mocap,1
optitrack,1
eyantra,1
drone,1
mas,1
mynt,1
ml,1
classifiers,1
yosemite,1
valley,1
sand,1
island,1
mcmillan,1
airfield,1
ksql,1
airport,1
baylands,1
intermediate,1
mapper,1
logical,1
translator,1
logging,1
kr,1
interruptable,1
entities,1
ifm,1
o3mxxx,1
shapes,1
sensorpc,1
raspicat,1
geometry2,1
pytest,1
qmake,1
svg,1
concurrent,1
positioning,1
timesync,1
scratch4robots,1
class,1
airskin,1
switch,1
flatbuffers,1
gallery,1
xbee,1
windows,1
v5,1
cortex,1
tivac,1
mbed,1
embeddedlinux,1
voronoi,1
router,1
bc,1
testvstig,1
testscdspso,1
testrth,1
testnc,1
testbb,1
statistic,1
pso,1
opensplice,1
dds,1
olfati,1
saber,1
gsdf,1
app3,1
app2,1
app1,1
srdfdom,1
manipulators,1
omnipresense,1
stepback,1
steerturn,1
gscam,1
jpeg,1
transmissions,1
protocol,1
anomaly,1
epson,1
g364,1
freespace,1
streams,1
algebra,1
ipc,1
formatters,1
filesystem,1
exceptions,1
devices,1
concepts,1
line,1
rodi,1
emulator,1
ps4eye,1
metapkg,1
refbox,1
peer,1
hmi,1
gspeech,1
peerjs,1
recalibration,1
stl,1
xv,1
11,1
sap,1
saap,1
k-sap,1
k-saap,1
ellipses,1
compiler,1
smartek,1
license,1
rb,1
lgsm,1
feature,1
prohibition,1
yujin,1
ocs,1
provider,1
joyop,1
approach,1
genrs,1
haf,1
grant,1
wild,1
slow,1
dwa,1
carrot,1
ardrone,1
mary,1
overview,1
detail,1
nodeinterface,1
countermeasure,1
webtest,1
korg,1
nanokontrol,1
noise,1
mobile,1
grasps,1
radio,1
demux,1
rosrt,1
rosatomic,1
lockfree,1
allocators,1
osgocean,1
0,1
libfreenect,1
gige,1
osgworks,1
osgbullet,1
axcli,1
media,1
export,1
libsegwayrmp,1
migration,1
rule,1
redundancy,1
res,1
recorded,1
traj,1
lite6,1
d435i,1
scenario,1
accessibility,1
rosfmt,1
ci,1
gpsd,1
sdf,1
flask,1
cors,1
processors,1
apriltag,1
sia50,1
sia30d,1
sia10f,1
sia10d,1
motopos,1
d500,1
motomini,1
mh50,1
mh12,1
mh110,1
hc20,1
hc10,1
gp8,1
gp88,1
gp7,1
gp50,1
gp4,1
gp25,1
gp200r,1
gp180,1
gp12,1
gp110,1
es,1
ar2010,1
raw,1
densifier,1
differential,1
fov,1
voltage,1
undercarriage,1
supported,1
substitute,1
s300,1
unifier,1
relayboard,1
reflector,1
referencing,1
em,1
visualizer,1
lookat,1
flip,1
environments,1
elmo,1
homing,1
docker,1
env,1
cam3d,1
bms,1
settings,1
urdfreader,1
modern,1
python2,1
isolated,1
inherited,1
from,1
points,1
cliff,1
bagger,1
mycroft,1
top,1
shell,1
caller,1
gpio,1
grippers,1
lds,1
madgwick,1
complementary,1
dotgraph,1
binding,1
genpy,1
high,1
libphidget21,1
bvh,1
addin,1
egm,1
safetyscanners,1
visualstates,1
settlerlib,1
monocam,1
interval,1
pacmod3,1
hfl,1
boson,1
leonardo,1
additions,1
statemachine,1
oculusprime,1
mitre,1
layered,1
social,1
range,1
upstart,1
tuckarm,1
general,1
mannequin,1
netft,1
boilerplate,1
jderobot,1
assets,1
leg,1
swiftnav,1
sdc21x0,1
fps,1
ugv,1
direction,1
optimal,1
sainsmart,1
legged,1
r1000ia80f,1
m900ib,1
m900ia,1
m710ic,1
